,name,selling_price,km_driven,fuel,seller_type,transmission,owner,mileage(km/ltr/kg),engine,max_power,seats,car_age
0,Maruti,450000,145500,Diesel,Individual,Manual,First Owner,23.4,1248,74.0,5,12
1,Others,370000,120000,Diesel,Individual,Manual,Second Owner,21.14,1498,103.52,5,12
2,Honda,158000,140000,Petrol,Individual,Manual,Higher,17.7,1497,78.0,5,20
3,Hyundai,225000,127000,Diesel,Individual,Manual,First Owner,23.0,1396,90.0,5,16
4,Maruti,130000,120000,Petrol,Individual,Manual,First Owner,16.1,1298,88.2,5,19
5,Hyundai,440000,45000,Petrol,Individual,Manual,First Owner,20.14,1197,81.86,5,9
6,Maruti,96000,175000,Other,Individual,Manual,First Owner,17.3,1061,57.5,5,19
7,Maruti,45000,5000,Petrol,Individual,Manual,Second Owner,16.1,796,37.0,4,25
8,Toyota,350000,90000,Diesel,Individual,Manual,First Owner,23.59,1364,67.1,5,15
9,Ford,200000,169000,Diesel,Individual,Manual,First Owner,20.0,1399,68.1,5,13
10,Renault,500000,68000,Diesel,Individual,Manual,Second Owner,19.01,1461,108.45,5,12
11,Maruti,92000,100000,Petrol,Individual,Manual,Second Owner,17.3,993,60.0,5,21
12,Maruti,280000,140000,Diesel,Individual,Manual,Second Owner,19.3,1248,73.9,5,17
14,Maruti,180000,90000,Petrol,Individual,Manual,Second Owner,18.9,1061,67.0,5,17
15,Mahindra,400000,40000,Petrol,Individual,Manual,First Owner,18.15,1198,82.0,5,10
16,Maruti,778000,70000,Diesel,Individual,Manual,Second Owner,24.52,1248,88.5,7,10
17,Hyundai,500000,53000,Diesel,Individual,Manual,Second Owner,23.0,1396,90.0,5,14
18,Maruti,150000,80000,Petrol,Individual,Manual,Second Owner,19.7,796,46.3,5,24
19,Hyundai,680000,100000,Diesel,Individual,Manual,First Owner,22.54,1396,88.73,5,10
20,Mahindra,174000,100000,Diesel,Individual,Manual,Second Owner,21.0,1461,64.1,5,15
21,Honda,950000,50000,Diesel,Individual,Manual,First Owner,25.5,1498,98.6,5,9
22,Maruti,525000,40000,Diesel,Individual,Manual,First Owner,26.59,1248,74.0,5,11
23,Maruti,600000,72000,Diesel,Individual,Manual,First Owner,21.5,1248,88.8,5,14
24,Tata,500000,35000,Petrol,Individual,Manual,First Owner,20.3,1199,83.81,5,8
25,Maruti,575000,45000,Petrol,Individual,Manual,First Owner,21.4,1197,83.1,5,10
26,Maruti,275000,28000,Petrol,Individual,Manual,First Owner,24.7,796,47.3,5,9
27,Chevrolet,300000,70000,Diesel,Individual,Manual,First Owner,18.2,1248,73.8,7,13
28,Maruti,220000,120000,Petrol,Individual,Manual,First Owner,18.9,1061,67.0,5,17
29,Maruti,254999,25000,Petrol,Individual,Manual,First Owner,16.8,796,34.2,8,8
30,Maruti,670000,70000,Diesel,Individual,Manual,First Owner,24.3,1248,88.5,5,9
32,Maruti,150000,35000,Petrol,Individual,Manual,Second Owner,14.0,796,35.0,5,14
33,Hyundai,730000,2388,Petrol,Individual,Manual,First Owner,18.6,1197,81.83,5,8
34,Maruti,650000,16200,Diesel,Individual,Manual,First Owner,24.3,1248,88.5,5,9
35,Maruti,330000,10000,Other,Individual,Manual,Second Owner,30.63,796,40.3,4,7
36,Maruti,366000,15000,Petrol,Individual,Manual,First Owner,23.95,998,67.1,5,7
37,Hyundai,1149000,5000,Petrol,Individual,Manual,First Owner,17.0,1591,121.3,5,7
38,Others,150000,42000,Petrol,Individual,Manual,First Owner,20.63,1198,67.0,5,10
39,Tata,425000,60000,Diesel,Individual,Manual,Second Owner,13.93,2159,138.03,7,15
40,Maruti,150000,76000,Petrol,Individual,Manual,First Owner,16.1,796,37.0,4,14
41,Others,1320000,5000,Petrol,Individual,Automatic,First Owner,16.0,1368,152.925,5,7
42,Honda,925000,28900,Petrol,Dealer,Manual,First Owner,17.8,1497,117.3,5,8
43,Honda,425000,86300,Petrol,Dealer,Manual,First Owner,16.8,1497,116.3,5,13
44,Maruti,675000,23300,Petrol,Dealer,Automatic,First Owner,18.5,1197,83.14,5,8
45,Maruti,819999,32600,Diesel,Dealer,Manual,First Owner,24.3,1248,88.5,5,8
46,Maruti,390000,10300,Petrol,Dealer,Manual,First Owner,23.95,998,67.05,5,8
47,Toyota,1320000,77000,Diesel,Dealer,Manual,First Owner,12.55,2159,152.925,7,12
48,Toyota,700000,99000,Diesel,Dealer,Manual,First Owner,12.99,2159,100.0,7,13
49,Others,1320000,27800,Diesel,Dealer,Automatic,Second Owner,14.8,2143,120.7,5,12
50,Honda,425000,49800,Diesel,Dealer,Manual,First Owner,24.7,1498,98.63,5,11
51,Others,1090000,151000,Diesel,Dealer,Manual,First Owner,13.5,2159,152.925,7,13
52,Honda,600000,54700,Diesel,Dealer,Manual,First Owner,26.0,1498,98.6,5,11
53,Maruti,850000,64000,Petrol,Dealer,Manual,First Owner,20.65,1462,103.25,5,8
54,Honda,525000,63000,Diesel,Dealer,Manual,First Owner,27.3,1498,98.6,5,11
55,Toyota,1320000,127700,Diesel,Dealer,Automatic,Second Owner,11.36,2159,152.925,7,10
56,Toyota,950000,99000,Diesel,Dealer,Manual,First Owner,12.99,2159,100.6,7,10
57,Others,1320000,33900,Diesel,Dealer,Automatic,Second Owner,17.68,1968,152.925,5,13
58,Toyota,1320000,25000,Petrol,Dealer,Automatic,First Owner,14.28,1798,138.03,5,8
59,Others,1320000,50000,Diesel,Dealer,Automatic,First Owner,18.53,1968,152.925,5,13
60,Others,1320000,59000,Diesel,Dealer,Automatic,First Owner,14.84,2143,152.925,5,13
61,Tata,265000,120000,Diesel,Individual,Manual,First Owner,21.12,1248,88.8,5,15
62,Hyundai,190000,110000,Petrol,Individual,Manual,Higher,20.36,1197,78.9,5,15
63,Hyundai,425000,60000,Diesel,Individual,Manual,First Owner,21.27,1396,88.76,5,13
64,Maruti,630000,147000,Diesel,Individual,Manual,Second Owner,26.59,1248,74.0,5,11
65,Ford,600000,25000,Petrol,Individual,Manual,Higher,18.16,1196,86.8,5,9
66,Maruti,650000,30000,Petrol,Individual,Manual,First Owner,21.4,1197,83.1,5,7
67,Volkswagen,540000,40000,Diesel,Individual,Manual,First Owner,22.0,1498,108.495,5,10
68,Honda,630000,135000,Diesel,Individual,Manual,First Owner,25.1,1498,98.6,5,11
69,Maruti,448000,30000,Petrol,Individual,Automatic,First Owner,20.51,998,67.0,5,8
70,Volkswagen,500000,80000,Diesel,Individual,Manual,First Owner,21.66,1498,108.62,5,9
71,Maruti,745000,70000,Diesel,Individual,Manual,First Owner,24.3,1248,88.5,5,10
72,Maruti,1025000,9850,Diesel,Individual,Automatic,First Owner,24.3,1248,88.5,5,7
73,Hyundai,235000,60000,Petrol,Individual,Manual,Second Owner,20.36,1197,78.9,5,15
74,Maruti,630000,70000,Diesel,Individual,Manual,First Owner,25.2,1248,74.0,5,10
75,Toyota,1320000,78000,Diesel,Individual,Manual,Second Owner,12.55,2159,152.925,7,11
76,Maruti,450000,120000,Diesel,Individual,Manual,Second Owner,22.9,1248,74.0,5,13
77,Maruti,450000,120000,Petrol,Individual,Manual,Second Owner,16.02,1373,93.7,7,14
79,Volkswagen,450000,170000,Diesel,Individual,Manual,First Owner,20.54,1598,103.6,5,13
80,Toyota,1200000,140000,Diesel,Individual,Manual,First Owner,12.99,2159,100.6,8,10
81,Ford,610000,90000,Diesel,Individual,Manual,First Owner,22.77,1498,98.59,5,11
82,Others,1320000,30000,Petrol,Individual,Automatic,Second Owner,15.71,1998,152.925,5,10
83,Maruti,484999,10000,Petrol,Dealer,Manual,First Owner,23.1,998,67.04,5,9
84,Others,275000,49000,Petrol,Dealer,Manual,First Owner,19.02,1198,67.05,5,10
85,Maruti,315000,32000,Petrol,Dealer,Manual,First Owner,24.7,796,47.3,5,10
86,Maruti,275000,38000,Petrol,Dealer,Manual,First Owner,24.7,796,47.3,5,10
88,Hyundai,290000,28000,Petrol,Dealer,Manual,First Owner,19.81,1086,68.05,5,14
89,Maruti,280000,32000,Petrol,Dealer,Manual,First Owner,14.0,796,35.0,5,9
90,Maruti,225000,44000,Other,Dealer,Manual,First Owner,26.2,998,58.2,5,16
91,Volkswagen,455000,42000,Petrol,Dealer,Manual,First Owner,16.47,1198,74.0,5,11
92,Hyundai,351000,45000,Petrol,Dealer,Manual,Second Owner,19.81,1086,68.05,5,11
93,Volkswagen,535000,12000,Petrol,Dealer,Manual,Second Owner,15.04,1598,103.6,5,14
94,Maruti,175000,55500,Petrol,Dealer,Manual,First Owner,18.2,998,67.1,5,17
95,Hyundai,525000,61500,Petrol,Dealer,Manual,First Owner,18.5,1197,82.85,5,13
96,Maruti,600000,150000,Diesel,Individual,Manual,First Owner,26.59,1248,74.0,5,10
97,Hyundai,565000,72000,Petrol,Dealer,Automatic,First Owner,19.1,1197,82.0,5,10
98,Maruti,120000,68000,Petrol,Dealer,Manual,Higher,19.7,796,46.3,5,18
99,Hyundai,725000,110000,Diesel,Individual,Manual,First Owner,22.54,1396,88.73,5,9
100,Maruti,185000,77000,Petrol,Dealer,Manual,Second Owner,21.79,998,67.05,5,17
101,Tata,200000,100000,Diesel,Individual,Manual,Second Owner,18.8,1248,90.0,5,16
102,Maruti,615000,10000,Petrol,Individual,Manual,First Owner,21.21,1197,81.8,5,7
103,Maruti,270000,100000,Petrol,Individual,Manual,Higher,15.37,1196,73.0,7,10
104,Maruti,610000,35000,Petrol,Individual,Manual,First Owner,21.4,1197,83.1,5,8
105,Mahindra,625000,70000,Diesel,Individual,Automatic,Second Owner,11.79,2159,120.0,8,12
106,Ford,400000,5000,Petrol,Individual,Manual,Second Owner,19.0,1194,94.68,5,6
107,Hyundai,866000,37800,Petrol,Individual,Manual,First Owner,17.0,1591,121.3,5,9
108,Volkswagen,700000,114000,Petrol,Individual,Manual,First Owner,14.3,1798,152.925,5,16
109,Tata,300000,48000,Petrol,Individual,Manual,First Owner,15.8,1172,65.0,5,16
110,Mahindra,1320000,32000,Diesel,Individual,Manual,First Owner,15.1,2159,152.925,7,7
111,Tata,375000,100000,Diesel,Individual,Manual,First Owner,19.09,1405,69.01,5,10
112,Hyundai,522000,150000,Diesel,Individual,Manual,Second Owner,22.32,1582,126.32,5,13
113,Hyundai,451999,69000,Diesel,Individual,Manual,First Owner,21.9,1396,88.76,5,13
114,Toyota,300000,100000,Petrol,Individual,Manual,Second Owner,14.53,1798,138.1,5,17
115,Maruti,475000,13000,Petrol,Individual,Manual,First Owner,21.63,998,67.04,5,6
116,Maruti,780000,60000,Diesel,Individual,Manual,First Owner,24.3,1248,88.5,5,10
117,Maruti,595000,40000,Petrol,Individual,Manual,First Owner,20.85,1197,83.14,5,9
118,Maruti,440000,35000,Petrol,Individual,Manual,First Owner,20.51,998,67.04,5,9
120,Others,400000,70000,Diesel,Individual,Manual,Higher,20.45,1461,83.8,5,12
121,Hyundai,1140000,50000,Diesel,Individual,Manual,First Owner,19.67,1582,126.2,5,10
122,Ford,850000,76139,Diesel,Individual,Manual,First Owner,23.0,1498,98.96,5,9
123,Maruti,370000,175000,Diesel,Individual,Manual,Higher,19.3,1248,73.9,5,14
124,Renault,350000,25000,Petrol,Individual,Manual,First Owner,23.01,999,67.0,5,8
125,Maruti,360000,40000,Petrol,Individual,Manual,Second Owner,23.1,998,67.04,5,11
126,Maruti,105000,65000,Petrol,Individual,Manual,Higher,19.7,796,46.3,5,18
127,Maruti,625000,90000,Diesel,Individual,Manual,Second Owner,20.77,1248,88.76,7,13
128,Hyundai,135000,80000,Petrol,Individual,Manual,Second Owner,17.92,1086,62.1,5,17
129,Maruti,700000,110000,Diesel,Individual,Manual,Second Owner,20.77,1248,88.76,7,11
130,Honda,690000,1303,Petrol,Dealer,Manual,First Owner,17.8,1198,86.7,5,7
131,Others,1320000,31800,Diesel,Dealer,Automatic,First Owner,17.01,1968,152.925,5,8
132,Others,1320000,20000,Petrol,Dealer,Automatic,First Owner,22.37,2159,152.925,5,7
133,Others,1320000,45000,Diesel,Dealer,Automatic,First Owner,19.33,1999,152.925,5,9
134,Others,1320000,17000,Petrol,Individual,Automatic,First Owner,9.5,2159,152.925,5,9
135,Others,1320000,21000,Diesel,Dealer,Automatic,First Owner,12.83,1999,148.31,7,7
136,Others,1320000,37000,Diesel,Dealer,Automatic,First Owner,13.5,2159,152.925,5,9
137,Others,1320000,29500,Diesel,Dealer,Automatic,First Owner,22.48,1995,152.925,5,8
139,Others,1320000,7500,Diesel,Dealer,Automatic,First Owner,16.78,1995,152.925,5,7
140,Others,1320000,50000,Petrol,Dealer,Automatic,First Owner,14.67,1798,152.925,5,8
141,Others,1320000,35000,Diesel,Dealer,Automatic,First Owner,15.0,2143,152.925,5,10
142,Others,1320000,19000,Petrol,Dealer,Automatic,First Owner,13.96,1451,141.0,5,7
143,Honda,795000,41000,Petrol,Dealer,Automatic,First Owner,18.0,1497,117.6,5,9
144,Toyota,625000,39000,Petrol,Dealer,Automatic,First Owner,14.28,1798,138.03,5,13
145,Others,1320000,22000,Diesel,Dealer,Automatic,First Owner,18.0,1969,152.925,5,8
146,Others,1320000,53000,Diesel,Dealer,Automatic,First Owner,12.07,2159,152.925,7,11
147,Maruti,535000,40000,Diesel,Dealer,Manual,First Owner,26.21,1248,88.5,5,11
148,Others,1320000,47000,Diesel,Dealer,Automatic,First Owner,13.5,2159,152.925,5,9
149,Others,975000,72200,Petrol,Dealer,Automatic,Second Owner,10.8,2159,150.0,5,16
150,Hyundai,805000,49900,Petrol,Dealer,Manual,First Owner,16.3,1797,147.5,5,10
151,Others,1320000,9000,Diesel,Dealer,Automatic,First Owner,13.6,1999,152.925,5,9
152,Tata,811000,11000,Petrol,Dealer,Manual,First Owner,17.0,1198,108.5,5,8
153,Volkswagen,375000,49000,Petrol,Individual,Manual,First Owner,15.04,1598,103.6,5,15
154,Hyundai,550000,95000,Petrol,Individual,Manual,First Owner,16.3,1797,147.5,5,14
155,Others,645000,11000,Petrol,Dealer,Automatic,First Owner,14.3,1598,103.5,5,10
156,Others,1320000,18000,Petrol,Dealer,Automatic,First Owner,15.04,1991,152.925,5,8
157,Maruti,599000,46100,Petrol,Dealer,Manual,First Owner,16.02,1373,93.7,7,12
158,Others,1320000,16000,Petrol,Dealer,Automatic,First Owner,14.74,1991,152.925,5,9
159,Honda,875000,18000,Petrol,Dealer,Automatic,First Owner,15.6,1497,116.3,5,9
160,Toyota,894999,9654,Petrol,Dealer,Automatic,First Owner,19.56,1197,81.8,5,7
161,Maruti,175000,11000,Petrol,Dealer,Manual,First Owner,23.95,998,67.05,5,15
162,Maruti,340000,24300,Petrol,Dealer,Manual,First Owner,21.21,1197,81.8,5,14
163,Toyota,1320000,42163,Diesel,Dealer,Automatic,Second Owner,11.36,2159,152.925,7,10
164,Tata,1025000,8000,Diesel,Dealer,Automatic,First Owner,21.5,1497,108.5,5,8
165,Others,1320000,30000,Diesel,Dealer,Automatic,First Owner,22.69,1995,152.925,5,10
166,Toyota,1320000,41000,Petrol,Dealer,Automatic,First Owner,19.16,2159,152.925,5,10
167,Others,1320000,12000,Diesel,Dealer,Automatic,First Owner,18.12,1995,152.925,5,10
168,Toyota,450000,71000,Petrol,Dealer,Automatic,First Owner,12.1,2159,152.925,5,17
169,Maruti,850000,20000,Petrol,Individual,Manual,First Owner,17.5,1373,91.1,7,10
170,Others,1320000,30000,Petrol,Individual,Automatic,First Owner,30.63,1969,152.925,4,9
171,Volkswagen,300000,100000,Diesel,Individual,Manual,Second Owner,20.54,1598,103.6,5,15
172,Ford,575000,9500,Petrol,Individual,Manual,First Owner,18.16,1196,86.8,5,8
173,Ford,160000,120000,Diesel,Individual,Manual,First Owner,20.0,1399,68.0,5,15
174,Maruti,515000,36600,Petrol,Individual,Manual,First Owner,20.4,1197,81.8,5,11
175,Maruti,390000,50000,Petrol,Individual,Automatic,Second Owner,20.51,998,67.0,5,11
176,Hyundai,550000,14000,Petrol,Individual,Manual,Second Owner,18.6,1197,81.83,5,10
177,Maruti,40000,40000,Petrol,Individual,Manual,Second Owner,16.1,796,37.0,4,27
178,Maruti,220000,120000,Diesel,Individual,Manual,First Owner,21.1,1248,73.9,5,16
179,Hyundai,425000,70000,Petrol,Individual,Manual,First Owner,18.9,1197,82.0,5,11
180,Volkswagen,480000,13000,Petrol,Individual,Manual,First Owner,19.44,999,75.0,5,7
181,Hyundai,400000,60000,Petrol,Individual,Manual,Second Owner,18.9,1197,82.0,5,12
182,Maruti,487000,35000,Petrol,Individual,Manual,First Owner,19.1,1197,85.8,5,12
183,Hyundai,386000,44000,Petrol,Individual,Manual,Second Owner,19.1,1197,82.0,5,10
184,Honda,100000,120000,Petrol,Individual,Manual,Second Owner,13.0,1493,100.0,5,21
185,Toyota,300000,60000,Diesel,Individual,Manual,First Owner,21.43,1364,87.2,5,16
186,Others,100000,60000,Petrol,Individual,Manual,First Owner,18.5,796,53.0,5,26
187,Toyota,1320000,30000,Diesel,Individual,Manual,Second Owner,13.0,2159,152.925,7,12
188,Mahindra,450000,15000,Petrol,Individual,Manual,Second Owner,18.15,1198,82.0,6,10
189,Tata,490000,90000,Diesel,Individual,Manual,First Owner,22.95,1248,74.0,5,9
190,Honda,345000,47000,Petrol,Individual,Manual,Second Owner,17.0,1497,118.0,5,17
191,Maruti,85000,90000,Petrol,Individual,Manual,First Owner,17.3,993,60.0,5,21
192,Maruti,215000,120600,Petrol,Individual,Manual,Second Owner,18.9,998,67.1,5,16
193,Hyundai,320000,100000,Petrol,Individual,Manual,Higher,16.2,1599,103.2,5,16
194,Maruti,459999,60000,Petrol,Individual,Manual,Second Owner,20.85,1197,83.14,5,10
195,Hyundai,65000,86000,Petrol,Individual,Manual,First Owner,15.3,1341,83.0,5,21
196,Hyundai,720000,5000,Petrol,Individual,Manual,First Owner,18.6,1197,81.86,5,6
197,Maruti,800000,37000,Diesel,Individual,Manual,First Owner,28.09,1248,88.5,5,9
198,Tata,520000,14000,Petrol,Individual,Manual,First Owner,20.3,1199,84.0,5,7
199,Maruti,580000,70000,Diesel,Individual,Manual,First Owner,20.77,1248,88.76,7,11
201,Honda,600000,50000,Petrol,Individual,Manual,First Owner,17.4,1497,117.3,5,11
202,Honda,290000,60000,Petrol,Individual,Manual,Second Owner,19.4,1198,86.8,5,12
203,Maruti,360000,50000,Other,Individual,Manual,First Owner,26.6,998,58.16,5,10
204,Maruti,550000,50000,Petrol,Individual,Manual,First Owner,20.85,1197,83.14,5,9
205,Hyundai,375000,70000,Petrol,Individual,Manual,First Owner,18.5,1197,82.85,5,13
207,Maruti,420000,35000,Petrol,Individual,Automatic,First Owner,20.51,998,67.0,5,8
208,Maruti,550000,20000,Petrol,Individual,Manual,First Owner,21.21,1197,81.8,5,9
209,Maruti,270000,20000,Petrol,Individual,Manual,First Owner,24.7,796,47.3,5,8
210,Maruti,700000,7800,Petrol,Individual,Automatic,First Owner,22.0,1197,81.8,5,8
211,Maruti,500000,20000,Petrol,Individual,Manual,First Owner,20.4,1197,81.8,5,9
212,Tata,1250000,15000,Diesel,Individual,Manual,First Owner,17.6,2159,147.94,7,7
213,Hyundai,320000,31377,Petrol,Individual,Manual,Second Owner,18.5,1197,82.85,5,13
214,Maruti,700000,50000,Diesel,Individual,Manual,First Owner,28.4,1248,74.02,5,8
215,Maruti,290000,60000,Petrol,Individual,Manual,First Owner,20.51,998,67.04,5,11
216,Toyota,550000,100000,Petrol,Individual,Automatic,First Owner,14.53,1794,138.1,5,14
217,Honda,265000,60000,Petrol,Individual,Manual,First Owner,19.4,1198,86.8,5,14
218,Maruti,830000,5000,Petrol,Individual,Automatic,First Owner,21.4,1197,83.1,5,8
219,Tata,800000,60000,Diesel,Individual,Manual,First Owner,14.1,2159,147.94,7,9
220,Maruti,160000,25000,Petrol,Individual,Manual,Second Owner,19.7,796,46.3,5,15
221,Renault,335000,30000,Petrol,Individual,Manual,First Owner,25.17,799,53.3,5,8
222,Others,329000,80000,Petrol,Individual,Manual,Second Owner,20.63,1198,67.0,5,9
223,Maruti,775000,75000,Diesel,Individual,Manual,First Owner,24.3,1248,88.5,5,9
224,Hyundai,524000,32000,Petrol,Individual,Manual,First Owner,20.14,1197,81.86,5,6
225,Maruti,245000,40000,Petrol,Individual,Manual,First Owner,22.74,796,47.3,5,11
226,Hyundai,275000,93000,Petrol,Individual,Manual,Second Owner,17.0,1197,80.0,5,14
227,Tata,520000,60000,Petrol,Individual,Manual,First Owner,17.57,1193,88.7,5,8
229,Others,550000,37000,Petrol,Individual,Manual,First Owner,16.95,1498,97.7,5,12
230,Ford,910000,15000,Petrol,Individual,Manual,First Owner,17.0,1497,121.36,5,8
231,Others,300000,80000,Petrol,Individual,Manual,First Owner,19.49,1198,67.04,5,11
232,Maruti,350000,140000,Petrol,Individual,Manual,First Owner,20.51,998,67.04,5,10
233,Mahindra,900000,70000,Diesel,Individual,Manual,First Owner,12.83,2159,152.925,7,13
234,Mahindra,300000,120000,Diesel,Individual,Manual,Second Owner,17.21,1493,100.0,7,13
235,Maruti,250000,110000,Diesel,Individual,Manual,Second Owner,21.1,1248,73.9,5,16
236,Hyundai,1100000,37000,Diesel,Individual,Manual,First Owner,19.67,1582,126.2,5,9
237,Renault,270000,44000,Petrol,Individual,Manual,First Owner,25.17,799,53.3,5,10
238,Maruti,640000,80000,Diesel,Individual,Manual,First Owner,20.77,1248,88.76,7,11
239,Mahindra,650000,125000,Diesel,Individual,Manual,First Owner,15.1,2159,140.0,7,11
240,Maruti,409999,13500,Petrol,Individual,Manual,First Owner,15.37,1196,73.0,5,9
241,Hyundai,165000,75000,Petrol,Individual,Manual,First Owner,17.92,1086,62.1,5,15
242,Hyundai,80000,120000,Petrol,Individual,Manual,Second Owner,13.2,1495,94.0,5,19
243,Mahindra,535000,120000,Diesel,Individual,Manual,First Owner,15.1,2159,140.0,7,14
244,Toyota,700000,70000,Diesel,Individual,Manual,First Owner,12.99,2159,100.57,7,13
245,Maruti,550000,70000,Diesel,Individual,Manual,First Owner,23.4,1248,74.0,5,13
246,Honda,680000,15000,Petrol,Individual,Automatic,First Owner,19.0,1199,88.76,5,7
247,Hyundai,200000,53000,Petrol,Individual,Manual,Second Owner,20.36,1197,78.9,5,17
248,Maruti,500000,120000,Diesel,Individual,Manual,Second Owner,23.4,1248,74.0,5,12
249,Maruti,1000000,70000,Diesel,Individual,Manual,First Owner,24.52,1248,88.5,7,10
250,Hyundai,110000,120000,Petrol,Individual,Manual,Second Owner,14.2,1341,82.9,5,18
251,Hyundai,320000,100000,Petrol,Individual,Manual,Second Owner,18.5,1197,80.0,5,14
253,Maruti,350000,100000,Petrol,Individual,Manual,First Owner,20.4,1197,83.11,5,11
254,Tata,170000,162500,Diesel,Individual,Manual,First Owner,19.4,1405,70.0,5,13
255,Hyundai,800000,39000,Diesel,Individual,Manual,First Owner,22.54,1396,88.73,5,9
256,Maruti,500000,75000,Diesel,Individual,Manual,First Owner,26.8,1248,74.0,5,9
257,Tata,1320000,50000,Diesel,Individual,Automatic,First Owner,17.6,2159,152.925,7,9
258,Mahindra,1300000,40000,Diesel,Individual,Manual,First Owner,17.3,1497,121.0,8,7
259,Hyundai,530000,92500,Diesel,Individual,Manual,First Owner,22.32,1582,126.3,5,13
260,Maruti,360000,158000,Diesel,Individual,Manual,First Owner,23.4,1248,74.0,5,14
261,Maruti,310000,120000,Diesel,Individual,Manual,First Owner,19.3,1248,73.9,5,14
262,Honda,725000,50000,Diesel,Individual,Manual,Second Owner,26.0,1498,98.6,5,11
263,Maruti,340000,110000,Diesel,Individual,Manual,First Owner,19.3,1248,73.9,5,14
264,Hyundai,550000,2000,Diesel,Individual,Manual,Second Owner,25.4,1186,73.97,5,9
265,Toyota,1150000,181000,Diesel,Individual,Manual,Second Owner,11.5,2159,152.925,7,15
266,Tata,380000,70000,Diesel,Individual,Manual,First Owner,27.28,1047,69.0,5,10
267,Others,350000,90000,Petrol,Individual,Automatic,Second Owner,17.97,1498,99.6,5,13
268,Hyundai,610000,2000,Petrol,Individual,Manual,First Owner,18.6,1197,81.86,5,7
269,Maruti,525000,20000,Petrol,Individual,Manual,First Owner,20.85,1197,83.14,5,11
270,Toyota,480000,120000,Diesel,Individual,Manual,First Owner,12.8,2159,102.0,7,15
271,Mahindra,780000,35000,Diesel,Individual,Manual,First Owner,16.55,2159,105.0,6,9
272,Maruti,320000,186062,Diesel,Individual,Manual,First Owner,19.3,1248,73.9,5,14
273,Maruti,375000,80000,Petrol,Individual,Manual,First Owner,20.4,1197,81.8,5,12
274,Others,300000,40000,Petrol,Individual,Manual,First Owner,19.02,1198,67.05,5,7
275,Hyundai,500000,70000,Diesel,Individual,Manual,Higher,22.54,1396,88.73,5,11
276,Mahindra,404000,122358,Diesel,Individual,Manual,First Owner,12.05,2159,120.0,9,15
277,Tata,500000,75000,Diesel,Individual,Manual,First Owner,14.07,2159,69.01,7,11
278,Tata,350000,120000,Diesel,Individual,Manual,First Owner,27.28,1047,69.0,5,9
279,Tata,380000,40000,Petrol,Individual,Manual,First Owner,17.57,1193,88.7,5,11
280,Hyundai,114999,95200,Petrol,Individual,Manual,Higher,13.2,1495,94.0,5,18
281,Honda,335000,33033,Petrol,Dealer,Manual,First Owner,19.4,1198,86.8,5,12
282,Hyundai,465000,63063,Petrol,Dealer,Automatic,First Owner,18.9,1197,82.0,5,11
283,Tata,290000,60000,Diesel,Individual,Manual,First Owner,21.02,1248,88.76,5,14
284,Maruti,110000,45000,Petrol,Individual,Manual,Second Owner,19.7,796,46.3,5,21
285,Tata,450000,80000,Diesel,Individual,Manual,Higher,11.57,2159,138.1,7,15
286,Mahindra,400000,170000,Diesel,Individual,Manual,Second Owner,13.6,2159,63.0,7,17
287,Mahindra,210000,186062,Diesel,Individual,Manual,Second Owner,13.6,2159,63.0,7,19
288,Others,1320000,7976,Diesel,Individual,Automatic,First Owner,17.9,2143,152.925,5,8
289,Maruti,220000,35000,Petrol,Individual,Manual,First Owner,16.8,796,34.2,8,10
290,Hyundai,450000,35000,Petrol,Individual,Manual,First Owner,18.9,1197,82.0,5,9
291,Hyundai,450000,35000,Petrol,Individual,Manual,First Owner,18.9,1197,82.0,5,9
292,Hyundai,290000,50000,Petrol,Individual,Automatic,First Owner,16.95,1197,78.9,5,13
293,Maruti,520000,20000,Petrol,Individual,Manual,First Owner,20.4,1197,81.8,5,10
294,Hyundai,265000,20000,Petrol,Individual,Automatic,First Owner,16.95,1197,78.9,5,15
295,Maruti,330000,50000,Petrol,Individual,Manual,Second Owner,18.6,1197,85.8,5,14
296,Maruti,330000,50000,Petrol,Individual,Manual,Second Owner,18.6,1197,85.8,5,14
297,Mahindra,509999,120000,Diesel,Individual,Manual,First Owner,15.96,2159,62.1,7,12
298,Hyundai,500000,70000,Petrol,Individual,Manual,First Owner,17.1,1591,121.3,5,12
299,Hyundai,525000,50000,Petrol,Individual,Manual,First Owner,17.19,1197,81.86,5,11
300,Maruti,675000,16500,Petrol,Individual,Manual,First Owner,21.01,1197,81.8,5,7
301,Hyundai,300000,70000,Petrol,Individual,Manual,First Owner,17.0,1197,80.0,5,16
302,Maruti,90000,99361,Petrol,Individual,Manual,Second Owner,19.7,796,46.3,5,21
303,Maruti,650000,25000,Diesel,Individual,Manual,First Owner,26.59,1248,74.0,5,9
304,Maruti,409000,70000,Petrol,Individual,Manual,Second Owner,19.1,1197,85.8,5,12
305,Hyundai,395000,80000,Diesel,Individual,Manual,Second Owner,24.0,1120,70.0,5,11
307,Maruti,400000,70000,Petrol,Individual,Manual,Second Owner,19.1,1197,85.8,5,12
308,Chevrolet,120000,60000,Petrol,Individual,Manual,Higher,18.6,1199,79.4,5,14
309,Tata,645000,10000,Petrol,Individual,Automatic,First Owner,20.3,1199,84.0,5,8
310,Maruti,81000,80000,Petrol,Individual,Manual,First Owner,16.1,796,37.0,4,20
311,Honda,1300000,30000,Diesel,Individual,Manual,First Owner,25.6,1498,97.9,5,9
312,Honda,1250000,33000,Diesel,Individual,Manual,First Owner,25.6,1498,97.9,5,9
313,Maruti,535000,90000,Petrol,Individual,Manual,Higher,16.02,1373,93.7,7,13
314,Others,555000,80100,Diesel,Individual,Manual,Second Owner,19.01,1461,108.5,5,12
315,Honda,725000,120000,Petrol,Individual,Manual,First Owner,17.4,1497,117.3,5,12
317,Renault,229999,40000,Petrol,Individual,Manual,First Owner,25.17,799,53.3,5,10
318,Toyota,800000,160000,Diesel,Individual,Manual,Second Owner,12.99,2159,100.6,8,13
319,Maruti,409999,47000,Petrol,Individual,Manual,First Owner,20.51,998,67.04,5,9
320,Hyundai,1210000,25000,Diesel,Individual,Manual,First Owner,21.38,1396,88.7,5,8
321,Tata,400000,26000,Petrol,Individual,Manual,First Owner,23.84,1199,84.0,5,9
322,Hyundai,520000,29000,Diesel,Individual,Manual,First Owner,24.0,1186,73.97,5,8
323,Maruti,650000,50000,Petrol,Individual,Automatic,First Owner,21.4,1197,83.1,5,10
324,Maruti,325000,58000,Petrol,Individual,Manual,Higher,16.1,1298,88.2,5,15
325,Maruti,420000,120000,Petrol,Individual,Automatic,First Owner,17.4,1197,85.8,5,14
326,Maruti,400000,50000,Petrol,Individual,Manual,First Owner,20.4,1197,81.8,5,12
327,Hyundai,254999,80000,Petrol,Individual,Manual,Higher,17.0,1197,80.0,5,16
328,Maruti,65000,60000,Petrol,Individual,Manual,Higher,17.3,993,60.0,5,23
329,Maruti,351000,36000,Petrol,Individual,Manual,First Owner,23.1,998,67.04,5,9
330,Toyota,404000,120000,Diesel,Individual,Manual,Higher,12.8,2159,102.0,8,19
331,Maruti,185000,185000,Diesel,Individual,Manual,Higher,21.1,1248,73.9,5,15
332,Others,250000,50000,Diesel,Individual,Manual,First Owner,23.08,1461,63.1,5,15
333,Maruti,60000,100000,Petrol,Individual,Manual,Higher,17.3,993,60.0,5,24
334,Hyundai,500000,50000,Petrol,Individual,Manual,Second Owner,17.1,1591,121.3,5,13
335,Maruti,85000,80000,Petrol,Individual,Manual,Second Owner,18.2,998,67.1,5,19
337,Maruti,85000,80000,Petrol,Individual,Manual,Higher,19.7,796,46.3,5,21
338,Maruti,265000,90000,Diesel,Individual,Manual,Higher,19.3,1248,73.9,5,15
339,Maruti,130000,162000,Petrol,Individual,Manual,Second Owner,19.0,998,66.1,5,16
340,Maruti,480000,110000,Diesel,Individual,Manual,Higher,20.77,1248,88.76,7,13
341,Maruti,170000,120000,Diesel,Individual,Manual,Higher,17.8,1248,75.0,5,18
342,Others,275000,45000,Diesel,Individual,Manual,First Owner,23.08,1461,63.1,5,15
343,Maruti,89000,90000,Petrol,Individual,Manual,Second Owner,18.9,998,67.1,5,21
344,Ford,170000,90000,Diesel,Individual,Manual,Second Owner,20.0,1399,68.0,5,16
345,Mahindra,1090000,16500,Petrol,Dealer,Manual,First Owner,17.0,1197,110.0,5,7
346,Hyundai,1100000,67000,Diesel,Individual,Automatic,First Owner,17.01,1582,126.2,5,9
347,Maruti,610000,52000,Petrol,Dealer,Manual,First Owner,22.0,1197,81.8,5,8
348,Others,335000,40000,Petrol,Dealer,Manual,First Owner,20.63,1198,67.0,5,10
349,Hyundai,434999,40000,Petrol,Dealer,Manual,First Owner,18.9,1197,82.0,5,11
350,Toyota,1320000,35000,Diesel,Individual,Manual,First Owner,14.24,2159,152.925,7,8
351,Renault,390000,13000,Petrol,Dealer,Manual,First Owner,20.71,799,53.26,5,8
352,Honda,325000,40000,Petrol,Dealer,Manual,First Owner,18.5,1198,86.8,5,14
353,Volkswagen,640000,10000,Petrol,Dealer,Manual,First Owner,17.0,1198,73.75,5,7
354,Others,450000,9000,Petrol,Dealer,Manual,First Owner,16.95,1498,97.7,5,14
355,Toyota,400000,70000,Diesel,Dealer,Manual,Second Owner,23.59,1364,67.06,5,13
356,Hyundai,215000,60000,Petrol,Dealer,Manual,First Owner,20.36,1197,78.9,5,17
357,Renault,570000,40000,Diesel,Dealer,Manual,First Owner,20.45,1461,83.8,5,12
358,Mahindra,680000,93000,Diesel,Dealer,Manual,First Owner,15.1,2159,140.0,7,14
359,Toyota,325000,80000,Diesel,Individual,Manual,Higher,12.8,2159,102.0,7,18
360,Tata,150000,50000,Petrol,Individual,Manual,Second Owner,15.64,1193,64.08,5,15
361,Hyundai,690000,68000,Petrol,Dealer,Automatic,First Owner,14.5,1797,147.5,5,13
362,Others,1320000,25000,Diesel,Individual,Automatic,First Owner,14.84,2143,152.925,5,13
363,Tata,64000,18000,Petrol,Dealer,Manual,First Owner,25.4,624,37.5,4,14
364,Others,250000,120000,Diesel,Individual,Manual,First Owner,23.08,1461,63.1,5,13
365,Maruti,65000,35000,Petrol,Individual,Manual,First Owner,18.9,998,67.1,5,21
366,Maruti,550000,60000,Diesel,Individual,Manual,Second Owner,26.59,1248,74.0,5,10
367,Hyundai,140000,70000,Petrol,Individual,Manual,Higher,20.36,1197,78.9,5,16
368,Renault,300000,30000,Petrol,Individual,Manual,First Owner,25.17,799,53.3,5,10
369,Volkswagen,800000,70000,Petrol,Individual,Automatic,First Owner,16.34,1798,152.925,5,10
370,Others,1320000,9000,Diesel,Dealer,Automatic,First Owner,13.6,1999,152.925,5,9
371,Others,1320000,20000,Petrol,Dealer,Automatic,First Owner,22.37,2159,152.925,5,7
372,Others,1320000,45000,Diesel,Dealer,Automatic,First Owner,19.33,1999,152.925,5,9
373,Tata,503000,110000,Diesel,Individual,Manual,First Owner,14.1,2159,147.94,7,11
374,Others,1320000,20000,Diesel,Individual,Automatic,First Owner,18.0,1969,152.925,5,7
375,Toyota,1320000,68089,Petrol,Dealer,Automatic,First Owner,19.16,2159,152.925,5,10
376,Maruti,225000,58343,Petrol,Dealer,Manual,First Owner,21.79,998,67.05,5,13
377,Maruti,740000,38817,Diesel,Dealer,Manual,First Owner,27.39,1248,74.0,5,8
378,Honda,550000,56494,Petrol,Dealer,Manual,First Owner,18.2,1199,88.7,5,10
379,Toyota,750000,79328,Diesel,Dealer,Manual,Second Owner,12.99,2159,100.6,7,13
380,Maruti,650000,5621,Petrol,Dealer,Automatic,First Owner,22.0,1197,81.8,5,7
381,Toyota,625000,25538,Petrol,Dealer,Manual,First Owner,16.78,1496,88.73,5,9
382,Maruti,600000,69779,Petrol,Dealer,Automatic,First Owner,22.0,1197,81.8,5,8
383,Hyundai,450000,56290,Diesel,Dealer,Manual,First Owner,24.0,1186,73.97,5,9
384,Others,1320000,7500,Diesel,Dealer,Automatic,First Owner,16.78,1995,152.925,5,7
385,Others,1320000,8500,Diesel,Dealer,Automatic,First Owner,16.78,1995,152.925,5,7
386,Honda,779000,7032,Petrol,Dealer,Automatic,First Owner,19.0,1199,88.76,5,7
387,Others,645000,11000,Petrol,Dealer,Automatic,First Owner,14.3,1598,103.5,5,10
388,Others,1320000,2000,Diesel,Dealer,Automatic,First Owner,16.8,1984,150.0,5,8
389,Hyundai,150000,106000,Petrol,Individual,Manual,Higher,20.36,1197,78.9,5,16
391,Honda,500000,120000,Petrol,Individual,Automatic,Second Owner,11.1,2159,152.925,5,17
392,Maruti,480000,90000,Diesel,Individual,Manual,First Owner,26.59,1248,74.0,5,11
393,Hyundai,535000,70000,Diesel,Individual,Manual,Higher,22.32,1582,126.32,5,12
394,Toyota,250000,186062,Diesel,Individual,Manual,Higher,12.8,2159,102.0,8,21
395,Maruti,300000,100000,Diesel,Individual,Manual,Second Owner,21.5,1248,88.8,5,14
396,Hyundai,340000,186062,Petrol,Individual,Manual,Second Owner,13.9,1599,103.2,5,17
397,Hyundai,340000,186062,Diesel,Individual,Manual,Second Owner,16.8,1493,110.0,5,17
398,Maruti,240000,50000,Petrol,Individual,Manual,First Owner,22.74,796,47.3,5,10
399,Honda,1085000,1000,Petrol,Individual,Automatic,First Owner,18.0,1497,117.6,5,8
400,Maruti,750000,19000,Diesel,Individual,Automatic,First Owner,28.4,1248,74.02,5,9
401,Tata,95000,186062,Diesel,Individual,Manual,Second Owner,17.0,1405,70.0,5,14
402,Maruti,409999,35000,Other,Individual,Manual,First Owner,20.88,1196,61.7,5,6
403,Maruti,215000,80000,Petrol,Individual,Manual,Second Owner,23.95,998,67.05,5,12
404,Mahindra,1290000,50000,Diesel,Individual,Automatic,First Owner,16.0,2159,140.0,7,10
405,Maruti,150000,80000,Petrol,Individual,Manual,First Owner,20.92,998,67.1,5,16
406,Hyundai,219000,50000,Petrol,Individual,Manual,Second Owner,21.1,814,55.2,5,13
407,Tata,325000,100000,Petrol,Individual,Manual,First Owner,23.84,1199,84.0,5,8
408,Maruti,260000,120000,Petrol,Individual,Manual,Second Owner,15.1,1196,73.0,5,13
409,Others,1320000,9000,Diesel,Dealer,Automatic,First Owner,13.6,1999,152.925,5,9
410,Others,1320000,20000,Petrol,Dealer,Automatic,First Owner,22.37,2159,152.925,5,7
411,Others,1320000,45000,Diesel,Dealer,Automatic,First Owner,19.33,1999,152.925,5,9
412,Tata,503000,110000,Diesel,Individual,Manual,First Owner,14.1,2159,147.94,7,11
413,Others,1320000,20000,Diesel,Individual,Automatic,First Owner,18.0,1969,152.925,5,7
414,Toyota,1320000,68089,Petrol,Dealer,Automatic,First Owner,19.16,2159,152.925,5,10
415,Maruti,225000,58343,Petrol,Dealer,Manual,First Owner,21.79,998,67.05,5,13
416,Maruti,740000,38817,Diesel,Dealer,Manual,First Owner,27.39,1248,74.0,5,8
417,Honda,550000,56494,Petrol,Dealer,Manual,First Owner,18.2,1199,88.7,5,10
418,Toyota,750000,79328,Diesel,Dealer,Manual,Second Owner,12.99,2159,100.6,7,13
419,Maruti,650000,5621,Petrol,Dealer,Automatic,First Owner,22.0,1197,81.8,5,7
420,Toyota,625000,25538,Petrol,Dealer,Manual,First Owner,16.78,1496,88.73,5,9
421,Maruti,600000,69779,Petrol,Dealer,Automatic,First Owner,22.0,1197,81.8,5,8
422,Hyundai,450000,56290,Diesel,Dealer,Manual,First Owner,24.0,1186,73.97,5,9
423,Others,1320000,7500,Diesel,Dealer,Automatic,First Owner,16.78,1995,152.925,5,7
424,Others,1320000,8500,Diesel,Dealer,Automatic,First Owner,16.78,1995,152.925,5,7
425,Honda,779000,7032,Petrol,Dealer,Automatic,First Owner,19.0,1199,88.76,5,7
426,Others,645000,11000,Petrol,Dealer,Automatic,First Owner,14.3,1598,103.5,5,10
427,Others,1320000,2000,Diesel,Dealer,Automatic,First Owner,16.8,1984,150.0,5,8
428,Honda,700000,40000,Diesel,Individual,Automatic,First Owner,23.8,1498,78.9,5,7
429,Hyundai,950000,45000,Diesel,Individual,Manual,First Owner,21.38,1396,88.7,5,9
430,Maruti,160000,80000,Petrol,Individual,Manual,Second Owner,19.7,796,46.3,5,16
431,Hyundai,409999,135000,Diesel,Individual,Manual,Second Owner,24.4,1120,71.01,5,11
432,Toyota,840000,120000,Diesel,Individual,Manual,Second Owner,12.99,2159,100.6,7,11
433,Toyota,450000,67000,Diesel,Individual,Manual,First Owner,23.59,1364,67.1,5,13
434,Maruti,900000,50000,Diesel,Individual,Manual,First Owner,28.4,1248,74.02,5,9
435,Toyota,570000,134000,Diesel,Individual,Manual,Second Owner,12.8,2159,102.0,7,18
436,Others,254999,110000,Diesel,Individual,Manual,Second Owner,23.08,1461,63.1,5,15
437,Maruti,130000,40000,Petrol,Individual,Manual,First Owner,16.1,796,37.0,4,17
438,Maruti,530000,120000,Diesel,Individual,Manual,Second Owner,23.4,1248,74.0,5,13
439,Volkswagen,520000,110000,Diesel,Individual,Manual,Second Owner,20.14,1498,88.8,5,11
440,Mahindra,229999,170000,Diesel,Individual,Manual,Second Owner,21.0,1461,64.1,5,15
441,Maruti,81000,80000,Petrol,Individual,Manual,Second Owner,16.1,796,37.0,4,22
442,Maruti,600000,47000,Diesel,Individual,Manual,First Owner,25.2,1248,74.0,5,10
443,Hyundai,409999,93000,Petrol,Individual,Manual,First Owner,19.1,1197,81.86,5,11
444,Maruti,120000,70000,Petrol,Individual,Manual,Second Owner,16.1,796,37.0,4,16
445,Maruti,320000,50000,Petrol,Individual,Manual,First Owner,23.1,998,67.04,5,12
446,Ford,292000,70000,Diesel,Individual,Manual,First Owner,20.0,1399,68.05,5,11
447,Tata,390000,80000,Diesel,Individual,Manual,First Owner,13.93,2159,138.03,7,14
448,Ford,550000,44000,Petrol,Individual,Manual,First Owner,18.16,1196,86.8,5,10
449,Maruti,385000,25000,Petrol,Individual,Manual,First Owner,23.1,998,67.04,5,12
450,Hyundai,800000,25000,Petrol,Individual,Manual,First Owner,15.29,1591,121.3,5,10
451,Maruti,675000,10000,Petrol,Individual,Manual,First Owner,21.21,1197,81.8,5,7
452,Tata,1320000,50000,Diesel,Individual,Manual,First Owner,17.6,2159,152.925,7,8
453,Ford,950000,30000,Diesel,Individual,Manual,First Owner,23.0,1498,98.96,5,8
454,Hyundai,610000,50000,Diesel,Individual,Manual,Second Owner,21.19,1396,88.73,5,11
455,Hyundai,525000,120000,Diesel,Individual,Manual,First Owner,22.54,1396,88.73,5,14
456,Honda,700000,40000,Diesel,Individual,Automatic,First Owner,23.8,1498,78.9,5,7
457,Mahindra,375000,80000,Diesel,Individual,Manual,First Owner,15.96,2159,62.1,7,11
458,Others,580000,90000,Diesel,Individual,Manual,First Owner,20.45,1461,83.8,5,11
459,Maruti,434999,50000,Petrol,Individual,Manual,Second Owner,20.4,1197,83.11,5,11
460,Others,350000,2136,Petrol,Individual,Manual,First Owner,22.5,999,67.0,5,6
461,Toyota,730000,186062,Diesel,Individual,Manual,First Owner,12.99,2159,100.0,7,14
462,Hyundai,600000,35000,Petrol,Individual,Manual,First Owner,18.6,1197,81.83,5,11
463,Toyota,1050000,120000,Diesel,Individual,Manual,First Owner,12.99,2159,100.6,7,11
464,Maruti,735000,70000,Diesel,Individual,Manual,First Owner,27.39,1248,74.0,5,9
465,Renault,1050000,18000,Diesel,Dealer,Manual,First Owner,19.6,1461,108.45,5,8
466,Chevrolet,420000,110000,Diesel,Individual,Manual,Second Owner,18.2,1248,73.74,7,10
467,Maruti,800000,60000,Diesel,Individual,Manual,First Owner,23.65,1248,88.5,5,9
468,Toyota,1320000,60000,Diesel,Individual,Automatic,First Owner,12.55,2159,152.925,7,11
469,Maruti,600000,147000,Diesel,Individual,Manual,Second Owner,26.59,1248,74.0,5,10
470,Toyota,1320000,130000,Diesel,Individual,Automatic,First Owner,12.55,2159,152.925,7,11
471,Chevrolet,500000,99500,Diesel,Individual,Manual,Higher,11.5,1991,147.9,7,15
472,Tata,200000,110000,Diesel,Individual,Manual,Second Owner,17.0,1405,71.0,5,15
473,Others,370000,35000,Petrol,Individual,Manual,First Owner,19.49,1198,67.04,5,10
474,Hyundai,260000,110000,Diesel,Individual,Manual,Second Owner,16.2,1493,110.0,5,16
475,Mahindra,280000,100000,Diesel,Individual,Manual,First Owner,25.32,1198,77.0,6,10
476,Maruti,610000,21000,Petrol,Individual,Manual,First Owner,16.02,1373,93.7,7,12
477,Ford,300000,60000,Diesel,Individual,Manual,Second Owner,23.5,1498,90.0,5,13
478,Tata,140000,40000,Diesel,Individual,Manual,First Owner,16.6,1405,70.0,5,16
479,Hyundai,229999,50000,Petrol,Individual,Manual,First Owner,19.81,1086,68.05,5,18
480,Maruti,200000,65000,Petrol,Individual,Manual,Second Owner,19.0,998,66.1,5,16
481,Maruti,200000,80000,Petrol,Individual,Manual,First Owner,18.9,998,67.1,5,15
482,Hyundai,560000,119000,Diesel,Individual,Manual,First Owner,23.9,1582,126.2,5,11
483,Maruti,750000,80000,Diesel,Individual,Manual,First Owner,24.52,1248,88.5,7,10
484,Maruti,585000,90000,Diesel,Individual,Manual,First Owner,25.2,1248,74.0,5,9
485,Hyundai,760000,20000,Petrol,Individual,Manual,First Owner,17.01,1591,121.4,5,10
486,Maruti,430000,80000,Diesel,Individual,Manual,Second Owner,25.2,1248,74.0,5,12
487,Mahindra,480000,44665,Diesel,Individual,Manual,First Owner,25.32,1198,77.0,6,6
488,Others,643000,10000,Diesel,Individual,Manual,First Owner,20.8,1493,113.4,5,7
489,Hyundai,500000,60000,Petrol,Individual,Manual,First Owner,20.14,1197,81.86,5,8
490,Honda,425000,22000,Petrol,Individual,Manual,First Owner,18.5,1198,86.8,5,10
491,Maruti,250000,25000,Petrol,Individual,Manual,First Owner,22.74,796,47.3,5,12
492,Maruti,285000,70000,Diesel,Individual,Manual,First Owner,27.62,793,47.0,5,10
493,Maruti,160000,123000,Petrol,Individual,Manual,Higher,17.5,1298,85.8,5,18
494,Volkswagen,250000,70000,Diesel,Individual,Manual,Second Owner,20.54,1598,103.6,5,15
495,Chevrolet,170000,70000,Petrol,Individual,Manual,Second Owner,18.6,1199,79.4,5,13
496,Toyota,409999,45000,Diesel,Individual,Manual,First Owner,23.59,1364,67.06,5,13
497,Hyundai,400000,40000,Petrol,Individual,Automatic,First Owner,18.9,1197,82.0,5,11
498,Maruti,700000,30000,Diesel,Individual,Manual,First Owner,28.4,1248,74.02,5,7
499,Honda,350000,90000,Petrol,Individual,Automatic,First Owner,12.9,1799,130.0,5,19
500,Maruti,660000,34000,Petrol,Individual,Manual,Second Owner,17.5,1373,91.1,7,10
501,Maruti,268000,25000,Petrol,Individual,Manual,First Owner,24.7,796,47.3,5,9
502,Maruti,270000,50000,Petrol,Individual,Manual,First Owner,22.74,796,47.3,5,10
503,Chevrolet,300000,50000,Diesel,Individual,Manual,First Owner,25.44,936,57.6,5,13
504,Tata,450000,90000,Petrol,Individual,Manual,First Owner,23.84,1199,84.0,5,9
505,Chevrolet,220000,70000,Diesel,Individual,Manual,Second Owner,25.44,936,57.6,5,14
506,Tata,250000,146000,Diesel,Individual,Manual,Second Owner,13.93,2159,138.0,7,17
507,Ford,300000,85000,Petrol,Individual,Manual,Second Owner,15.6,1196,70.0,5,14
508,Tata,88000,186062,Diesel,Individual,Manual,Second Owner,17.88,1396,52.8,5,17
509,Maruti,561000,30000,Diesel,Individual,Manual,First Owner,26.59,1248,74.0,5,10
510,Maruti,755000,15000,Diesel,Individual,Manual,First Owner,28.4,1248,74.02,5,8
511,Others,235000,25000,Petrol,Individual,Manual,First Owner,22.7,799,53.64,5,9
512,Maruti,165000,90000,Petrol,Individual,Manual,First Owner,20.92,998,67.1,5,15
513,Maruti,190000,80000,Diesel,Individual,Manual,Second Owner,19.3,1248,73.9,5,18
514,Tata,110000,50000,Diesel,Individual,Manual,First Owner,17.2,1396,53.5,5,15
515,Mahindra,320000,80000,Diesel,Individual,Manual,Second Owner,13.6,2159,63.0,8,14
517,Hyundai,540000,38000,Petrol,Individual,Manual,First Owner,18.6,1197,81.83,5,10
518,Hyundai,180000,60000,Petrol,Individual,Manual,First Owner,21.1,814,55.2,5,13
519,Maruti,270000,100000,Petrol,Individual,Manual,Higher,15.37,1196,73.0,7,10
520,Maruti,450000,30000,Petrol,Individual,Manual,First Owner,17.5,1197,85.8,5,14
521,Maruti,450000,30000,Petrol,Individual,Manual,First Owner,19.1,1197,85.8,5,12
522,Chevrolet,200000,50000,Petrol,Individual,Manual,First Owner,18.6,1199,76.8,5,11
523,Tata,425000,42000,Petrol,Individual,Manual,First Owner,23.84,1199,84.0,5,9
524,Chevrolet,400000,30000,Petrol,Individual,Manual,First Owner,18.2,1199,82.4,5,10
525,Maruti,125000,60000,Petrol,Individual,Manual,Higher,19.7,796,46.3,5,17
526,Others,1320000,14000,Diesel,Individual,Manual,First Owner,17.1,1956,152.925,5,8
527,Honda,900000,22000,Petrol,Individual,Manual,First Owner,17.4,1497,117.3,5,11
528,Volkswagen,450000,90000,Diesel,Individual,Manual,First Owner,20.54,1598,103.6,5,14
529,Maruti,210000,46000,Petrol,Individual,Manual,First Owner,20.92,998,67.1,5,15
530,Hyundai,801000,20000,Petrol,Individual,Manual,First Owner,18.6,1197,81.83,5,8
531,Tata,317000,15000,Diesel,Individual,Manual,First Owner,15.42,1405,70.0,7,12
532,Maruti,600000,40000,Petrol,Individual,Manual,Second Owner,16.02,1373,93.7,7,11
533,Hyundai,330000,30000,Petrol,Individual,Manual,Second Owner,18.5,1197,82.85,5,12
534,Hyundai,320000,15000,Petrol,Individual,Manual,Second Owner,21.1,814,55.2,5,9
536,Hyundai,120000,110000,Petrol,Individual,Manual,Second Owner,15.3,1341,83.0,5,19
537,Maruti,130000,70000,Petrol,Individual,Manual,Second Owner,19.7,796,46.3,5,17
538,Chevrolet,220000,80000,Petrol,Individual,Manual,First Owner,18.2,1199,82.4,5,11
540,Tata,340000,110000,Petrol,Individual,Manual,First Owner,17.57,1193,88.7,5,11
541,Ford,200000,70000,Diesel,Individual,Manual,Second Owner,19.68,1399,67.0,5,13
542,Maruti,140000,50000,Petrol,Individual,Manual,Second Owner,19.7,796,46.3,5,24
543,Toyota,1000000,186062,Diesel,Individual,Manual,First Owner,12.99,2159,100.6,8,13
544,Mahindra,495000,100000,Diesel,Individual,Manual,Second Owner,13.6,2159,63.0,7,16
545,Maruti,236000,60000,Petrol,Individual,Manual,First Owner,22.74,796,47.3,5,11
546,Maruti,390000,40000,Petrol,Individual,Manual,First Owner,20.51,998,67.04,5,11
547,Maruti,275000,90000,Diesel,Individual,Manual,Second Owner,19.3,1248,73.9,5,17
548,Tata,503000,110000,Diesel,Individual,Manual,First Owner,14.1,2159,147.94,7,11
549,Maruti,775000,32000,Diesel,Dealer,Manual,First Owner,24.3,1248,88.5,5,9
550,Toyota,1320000,30000,Diesel,Individual,Automatic,First Owner,11.36,2159,152.925,7,10
551,Hyundai,850000,58000,Diesel,Individual,Manual,First Owner,19.67,1582,126.2,5,10
552,Maruti,750000,5000,Diesel,Individual,Manual,First Owner,24.3,1248,88.5,5,8
553,Hyundai,570000,25000,Petrol,Individual,Manual,First Owner,18.6,1197,81.83,5,8
554,Hyundai,580000,32000,Petrol,Individual,Manual,First Owner,18.9,1197,81.86,5,8
555,Honda,484999,30000,Petrol,Individual,Manual,First Owner,18.7,1199,88.7,5,10
556,Honda,700000,43000,Petrol,Dealer,Manual,First Owner,15.4,1497,117.3,7,9
557,Hyundai,415000,60000,Petrol,Dealer,Manual,First Owner,17.7,1497,113.42,5,14
558,Others,325000,50000,Petrol,Individual,Automatic,First Owner,19.34,1198,76.0,5,11
559,Ford,550000,14200,Petrol,Individual,Manual,First Owner,18.16,1196,86.8,5,8
560,Hyundai,300000,10000,Petrol,Individual,Manual,First Owner,21.1,814,55.2,5,9
561,Others,217000,25000,Petrol,Individual,Manual,First Owner,22.7,799,53.64,5,8
562,Ford,700000,19100,Petrol,Individual,Manual,First Owner,19.0,1194,94.68,5,8
563,Hyundai,466000,25000,Petrol,Individual,Automatic,Higher,20.3,1086,68.0,5,7
564,Ford,484999,54000,Diesel,Dealer,Manual,First Owner,23.0,1498,98.96,5,12
565,Others,670000,35000,Diesel,Individual,Manual,First Owner,22.71,1461,84.8,5,8
566,Hyundai,500000,20000,Petrol,Individual,Manual,Second Owner,18.9,1197,81.86,5,8
567,Maruti,675000,52000,Diesel,Individual,Manual,First Owner,23.65,1248,88.5,5,10
568,Hyundai,220000,120000,Diesel,Individual,Manual,Second Owner,23.0,1396,90.0,5,15
569,Others,1320000,50000,Diesel,Individual,Manual,First Owner,17.1,1956,152.925,5,9
570,Maruti,630000,120000,Diesel,Individual,Manual,Second Owner,20.77,1248,88.8,7,13
571,Tata,250000,90000,Diesel,Individual,Manual,Second Owner,18.8,1248,90.0,5,16
572,Maruti,120000,120000,Petrol,Individual,Manual,Higher,18.9,998,67.1,5,22
573,Others,300000,101500,Diesel,Individual,Manual,Second Owner,21.14,1498,103.52,5,11
574,Hyundai,525000,75000,Diesel,Individual,Automatic,First Owner,22.32,1582,126.3,5,13
577,Mahindra,1100000,100000,Diesel,Individual,Manual,First Owner,15.4,1997,120.0,7,10
578,Renault,480000,55735,Diesel,Individual,Manual,Second Owner,19.01,1461,108.45,5,14
579,Mahindra,605000,80000,Diesel,Individual,Manual,Second Owner,15.1,2159,140.0,7,12
580,Maruti,250000,50000,Petrol,Individual,Manual,Second Owner,24.7,796,47.3,5,10
581,Ford,245000,70000,Diesel,Individual,Manual,Second Owner,20.0,1399,68.1,5,13
582,Hyundai,210000,76000,Petrol,Individual,Manual,Higher,20.36,1197,78.9,5,14
583,Maruti,730000,1500,Petrol,Individual,Manual,First Owner,21.21,1197,81.8,5,6
584,Mahindra,500000,76000,Diesel,Individual,Manual,First Owner,15.96,2159,62.1,7,14
585,Maruti,400000,40000,Petrol,Individual,Manual,First Owner,20.51,998,67.04,5,11
586,Hyundai,280000,60000,Petrol,Individual,Manual,Second Owner,21.1,814,55.2,5,11
587,Toyota,561000,170000,Diesel,Individual,Manual,Higher,12.8,2159,102.0,8,17
588,Others,950000,181491,Diesel,Dealer,Manual,First Owner,13.5,2159,152.925,7,13
589,Chevrolet,375000,53319,Diesel,Dealer,Manual,First Owner,25.44,936,56.3,5,10
590,Volkswagen,700000,40906,Diesel,Dealer,Manual,First Owner,21.66,1498,108.62,5,9
591,Toyota,375000,31711,Petrol,Dealer,Manual,Second Owner,17.6,1496,88.7,5,14
592,Hyundai,270000,43755,Petrol,Dealer,Manual,Second Owner,21.1,814,55.2,5,14
593,Renault,300000,66693,Petrol,Dealer,Manual,First Owner,25.17,799,53.3,5,10
594,Maruti,225000,59549,Petrol,Dealer,Manual,First Owner,19.0,998,67.1,5,16
595,Toyota,1320000,94385,Diesel,Dealer,Manual,First Owner,12.99,2159,100.6,8,11
596,Maruti,200000,73730,Petrol,Dealer,Manual,First Owner,18.2,998,67.1,5,16
597,Hyundai,400000,186062,Diesel,Dealer,Manual,First Owner,22.32,1582,126.32,5,15
598,Honda,500000,116104,Diesel,Dealer,Manual,First Owner,25.8,1498,98.6,5,13
599,Maruti,500000,150546,Petrol,Dealer,Manual,First Owner,22.0,1197,81.8,5,11
600,Toyota,1320000,148120,Diesel,Dealer,Manual,First Owner,14.24,2159,152.925,7,13
601,Ford,555000,20000,Petrol,Individual,Manual,Second Owner,15.8,1499,110.0,5,11
602,Hyundai,580000,30000,Petrol,Individual,Automatic,First Owner,18.9,1197,81.86,5,8
603,Tata,337000,142000,Diesel,Individual,Manual,Higher,13.7,2159,138.1,7,15
604,Tata,175000,20000,Diesel,Individual,Manual,First Owner,12.2,1948,68.0,10,15
605,Tata,180000,120000,Diesel,Individual,Manual,Second Owner,18.8,1248,90.0,5,17
606,Hyundai,200000,80000,Petrol,Individual,Manual,First Owner,19.81,1086,68.05,5,15
607,Tata,260000,60000,Diesel,Individual,Manual,First Owner,19.09,1405,69.01,5,10
608,Renault,350000,25000,Petrol,Individual,Manual,First Owner,23.01,999,67.0,5,10
609,Mahindra,409999,50000,Diesel,Individual,Manual,Second Owner,13.6,2159,63.0,7,15
610,Mahindra,655000,126000,Diesel,Individual,Manual,First Owner,18.49,1493,100.0,7,9
611,Maruti,370000,170000,Diesel,Individual,Manual,First Owner,26.59,1248,74.0,5,11
612,Maruti,200000,24000,Petrol,Individual,Manual,First Owner,22.74,796,47.3,5,13
613,Maruti,800000,100000,Diesel,Individual,Manual,Second Owner,24.52,1248,88.5,7,9
614,Tata,550000,10000,Petrol,Individual,Manual,First Owner,24.0,1199,83.81,5,7
615,Ford,300000,70000,Diesel,Individual,Manual,Second Owner,20.0,1399,68.0,5,14
616,Maruti,220000,40000,Petrol,Individual,Manual,First Owner,16.8,796,34.2,8,9
617,Maruti,196000,110000,Petrol,Individual,Manual,First Owner,18.9,998,67.1,5,15
618,Hyundai,135000,80000,Petrol,Individual,Manual,Second Owner,19.81,1086,68.05,5,18
619,Tata,299000,16500,Petrol,Individual,Manual,First Owner,17.57,1193,88.7,5,11
620,Maruti,300000,30000,Petrol,Individual,Manual,First Owner,23.95,998,67.05,5,9
621,Maruti,720000,80000,Diesel,Individual,Manual,First Owner,24.52,1248,88.5,7,9
622,Tata,650000,50000,Diesel,Individual,Manual,Higher,14.1,2159,147.94,7,10
623,Maruti,300000,25000,Petrol,Individual,Manual,First Owner,23.95,998,67.05,5,10
624,Hyundai,750000,20000,Diesel,Individual,Manual,First Owner,24.0,1186,73.97,5,7
625,Renault,260000,60000,Petrol,Individual,Manual,First Owner,25.17,799,53.3,5,10
626,Maruti,300000,70000,Diesel,Individual,Manual,Second Owner,22.9,1248,74.0,5,15
627,Mahindra,600000,50000,Diesel,Individual,Manual,Second Owner,15.96,2159,62.1,7,12
628,Honda,275000,100000,Petrol,Individual,Automatic,Second Owner,9.0,2159,152.925,5,22
629,Maruti,250000,52000,Petrol,Individual,Manual,First Owner,23.95,998,67.05,5,11
630,Maruti,420000,80000,Diesel,Individual,Manual,First Owner,23.4,1248,74.0,5,12
631,Hyundai,235000,50000,Petrol,Individual,Manual,First Owner,21.1,814,55.2,5,11
632,Mahindra,1100000,60000,Diesel,Individual,Manual,First Owner,15.4,2159,120.0,7,10
633,Maruti,360000,25000,Petrol,Individual,Manual,First Owner,23.95,998,67.05,5,7
634,Hyundai,380000,50000,Diesel,Individual,Manual,Second Owner,24.0,1120,70.0,5,12
635,Ford,650000,125000,Diesel,Individual,Manual,First Owner,22.77,1498,98.59,5,10
636,Maruti,350000,80000,Petrol,Individual,Manual,First Owner,20.51,998,67.04,5,10
637,Mahindra,700000,70000,Diesel,Individual,Manual,First Owner,15.96,2159,63.0,9,9
638,Hyundai,270000,90000,Diesel,Individual,Manual,Higher,23.0,1396,90.0,5,16
639,Tata,450000,50000,Diesel,Individual,Manual,First Owner,22.95,1248,74.0,5,9
640,Mahindra,630000,101000,Diesel,Individual,Manual,First Owner,16.55,2159,105.0,6,10
641,Mahindra,229999,168000,Diesel,Individual,Manual,First Owner,14.0,2159,112.0,7,16
642,Mahindra,229999,168000,Diesel,Individual,Manual,First Owner,14.0,2159,112.0,7,16
643,Maruti,270000,40000,Petrol,Individual,Manual,First Owner,18.9,998,67.1,5,15
644,Tata,135000,28900,Petrol,Individual,Manual,Second Owner,8.470000000000002,1172,65.0,5,17
645,Maruti,275000,20000,Petrol,Individual,Manual,First Owner,18.9,998,67.1,5,14
646,Others,1320000,9000,Diesel,Dealer,Automatic,First Owner,13.6,1999,152.925,5,9
647,Others,1320000,20000,Petrol,Dealer,Automatic,First Owner,22.37,2159,152.925,5,7
648,Others,1320000,45000,Diesel,Dealer,Automatic,First Owner,19.33,1999,152.925,5,9
649,Tata,503000,110000,Diesel,Individual,Manual,First Owner,14.1,2159,147.94,7,11
650,Others,1320000,20000,Diesel,Individual,Automatic,First Owner,18.0,1969,152.925,5,7
651,Toyota,1320000,68089,Petrol,Dealer,Automatic,First Owner,19.16,2159,152.925,5,10
652,Maruti,225000,58343,Petrol,Dealer,Manual,First Owner,21.79,998,67.05,5,13
653,Maruti,740000,38817,Diesel,Dealer,Manual,First Owner,27.39,1248,74.0,5,8
654,Honda,550000,56494,Petrol,Dealer,Manual,First Owner,18.2,1199,88.7,5,10
655,Toyota,750000,79328,Diesel,Dealer,Manual,Second Owner,12.99,2159,100.6,7,13
656,Maruti,650000,5621,Petrol,Dealer,Automatic,First Owner,22.0,1197,81.8,5,7
657,Toyota,625000,25538,Petrol,Dealer,Manual,First Owner,16.78,1496,88.73,5,9
658,Maruti,600000,69779,Petrol,Dealer,Automatic,First Owner,22.0,1197,81.8,5,8
659,Hyundai,450000,56290,Diesel,Dealer,Manual,First Owner,24.0,1186,73.97,5,9
660,Others,1320000,7500,Diesel,Dealer,Automatic,First Owner,16.78,1995,152.925,5,7
661,Others,1320000,8500,Diesel,Dealer,Automatic,First Owner,16.78,1995,152.925,5,7
662,Honda,779000,7032,Petrol,Dealer,Automatic,First Owner,19.0,1199,88.76,5,7
663,Others,645000,11000,Petrol,Dealer,Automatic,First Owner,14.3,1598,103.5,5,10
664,Others,1320000,2000,Diesel,Dealer,Automatic,First Owner,16.8,1984,150.0,5,8
665,Mahindra,634000,165000,Diesel,Individual,Manual,First Owner,18.49,1493,100.0,7,11
666,Maruti,235000,98500,Petrol,Individual,Manual,Second Owner,19.0,998,66.1,5,14
667,Hyundai,275000,98000,Petrol,Individual,Manual,Higher,20.36,1197,78.9,5,18
668,Mahindra,700000,40000,Diesel,Individual,Manual,Second Owner,16.55,2159,105.0,6,12
669,Others,400000,90000,Diesel,Individual,Manual,First Owner,20.3,1248,92.0,5,13
670,Maruti,215000,90000,Petrol,Individual,Manual,Higher,19.7,796,46.3,5,14
671,Hyundai,150000,110000,Diesel,Individual,Manual,Second Owner,17.1,1493,110.0,5,17
672,Maruti,950000,77800,Diesel,Individual,Manual,First Owner,25.1,1248,88.5,5,8
673,Mahindra,730000,100000,Diesel,Individual,Manual,First Owner,18.49,1493,100.0,7,11
674,Tata,135000,120000,Diesel,Individual,Manual,Second Owner,19.0,1405,71.0,5,14
675,Hyundai,350000,80000,Petrol,Individual,Manual,Second Owner,19.1,1197,82.0,5,10
676,Mahindra,535000,21000,Petrol,Individual,Manual,Second Owner,18.15,1198,82.0,6,8
677,Maruti,455000,100000,Petrol,Individual,Manual,Second Owner,19.0,1197,85.8,5,8
678,Maruti,655000,25000,Petrol,Individual,Manual,First Owner,21.21,1197,81.8,5,7
679,Ford,800000,30000,Diesel,Individual,Manual,Higher,23.0,1498,98.96,5,7
680,Toyota,1100000,25000,Petrol,Individual,Automatic,First Owner,17.8,1496,105.5,5,8
681,Others,1320000,40000,Diesel,Individual,Automatic,First Owner,13.0,2143,152.925,5,10
682,Toyota,1225000,160000,Diesel,Individual,Automatic,First Owner,11.5,2159,152.925,7,14
683,Mahindra,340000,51492,Petrol,Individual,Manual,First Owner,18.15,1198,82.0,6,8
684,Volkswagen,300000,72000,Diesel,Individual,Manual,Second Owner,20.54,1598,103.6,5,15
685,Ford,370000,60000,Petrol,Individual,Manual,First Owner,18.16,1196,86.8,5,10
686,Mahindra,330000,136000,Diesel,Individual,Manual,Second Owner,15.96,2159,62.1,7,13
687,Hyundai,238000,60000,Petrol,Individual,Manual,First Owner,17.92,1086,62.1,5,12
689,Hyundai,200000,90000,Petrol,Individual,Manual,First Owner,17.92,1086,62.1,5,13
690,Others,320000,91000,Diesel,Individual,Manual,Higher,22.71,1461,84.8,5,12
691,Hyundai,114999,90000,Petrol,Individual,Manual,Higher,17.92,1086,62.1,5,17
692,Maruti,320000,50000,Petrol,Individual,Manual,Second Owner,20.51,998,67.04,5,11
693,Hyundai,210000,20000,Petrol,Individual,Manual,First Owner,19.81,1086,68.05,5,16
694,Mahindra,200000,120000,Diesel,Individual,Manual,First Owner,14.0,2159,95.0,8,15
695,Maruti,135000,150000,Petrol,Individual,Manual,Second Owner,18.9,1061,67.0,5,17
696,Tata,350000,52000,Diesel,Individual,Manual,First Owner,19.09,1405,69.01,5,11
697,Mahindra,350000,167000,Diesel,Individual,Manual,Second Owner,13.6,2159,63.0,8,12
698,Maruti,680000,40000,Diesel,Individual,Manual,First Owner,28.4,1248,74.02,5,9
699,Maruti,200000,186062,Diesel,Individual,Manual,Second Owner,17.8,1248,75.0,5,16
700,Renault,300000,50000,Petrol,Individual,Manual,First Owner,23.01,999,67.0,5,10
701,Mahindra,270000,70000,Diesel,Individual,Manual,Second Owner,14.0,2159,112.0,7,15
702,Maruti,225000,80000,Petrol,Individual,Manual,Second Owner,18.9,998,67.1,5,14
703,Mahindra,250000,120000,Diesel,Individual,Manual,First Owner,13.6,2159,63.0,8,18
704,Mahindra,590000,40000,Diesel,Individual,Manual,Second Owner,18.49,1493,100.0,7,11
705,Hyundai,290000,17000,Petrol,Individual,Manual,First Owner,21.1,814,55.2,5,11
706,Maruti,100000,180000,Petrol,Individual,Manual,Second Owner,19.0,998,67.1,5,16
707,Maruti,395000,50000,Petrol,Individual,Manual,First Owner,23.1,998,67.04,5,10
708,Hyundai,195000,65000,Petrol,Individual,Manual,Second Owner,21.1,814,55.2,5,12
709,Tata,45000,10000,Petrol,Individual,Manual,Higher,26.0,624,35.0,4,15
710,Mahindra,270000,70000,Diesel,Individual,Manual,Second Owner,13.6,2159,63.0,8,17
711,Chevrolet,600000,90000,Diesel,Individual,Manual,Second Owner,13.58,2159,72.4,9,12
712,Hyundai,715000,50000,Diesel,Individual,Manual,First Owner,22.54,1396,88.73,5,11
713,Hyundai,600000,10000,Petrol,Individual,Manual,First Owner,18.6,1197,81.86,5,7
714,Mahindra,875000,25000,Diesel,Individual,Manual,First Owner,18.49,1493,100.0,7,7
715,Mahindra,420000,100000,Diesel,Individual,Manual,Second Owner,13.5,2159,115.0,5,15
716,Honda,325000,70000,Petrol,Individual,Automatic,Second Owner,10.1,2159,152.0,5,19
717,Others,385000,30000,Petrol,Individual,Manual,First Owner,20.63,1198,67.06,5,9
718,Mahindra,300000,40000,Petrol,Individual,Manual,First Owner,18.15,1198,82.0,6,10
719,Hyundai,335000,135000,Diesel,Individual,Manual,First Owner,21.9,1396,88.76,5,14
720,Maruti,300000,35000,Petrol,Individual,Manual,First Owner,23.1,998,67.04,5,12
721,Hyundai,80000,120000,Petrol,Individual,Manual,Second Owner,13.2,1495,94.0,5,22
722,Mahindra,400000,120000,Diesel,Individual,Manual,First Owner,15.96,2159,62.1,7,14
723,Tata,168000,186062,Diesel,Individual,Manual,Second Owner,19.09,1396,69.0,5,14
724,Mahindra,550000,120000,Diesel,Individual,Manual,First Owner,15.96,2159,62.1,9,10
726,Mahindra,320000,175000,Diesel,Individual,Manual,Higher,13.6,2159,63.0,7,15
727,Mahindra,320000,175000,Diesel,Individual,Manual,Higher,15.96,2159,63.0,9,15
728,Others,350000,25000,Petrol,Individual,Manual,Second Owner,16.95,1498,97.7,5,15
729,Tata,280000,80000,Diesel,Individual,Manual,First Owner,21.02,1248,88.76,5,13
730,Hyundai,550000,70000,Diesel,Individual,Manual,Second Owner,24.4,1120,71.0,5,9
731,Hyundai,500000,10000,Petrol,Individual,Manual,First Owner,20.14,1197,81.86,5,8
732,Ford,700000,6000,Petrol,Individual,Manual,First Owner,19.0,1194,94.68,5,7
733,Others,380000,90000,Diesel,Individual,Manual,Second Owner,20.5,1598,103.5,5,13
734,Mahindra,340000,110000,Diesel,Individual,Manual,Second Owner,15.96,2159,63.0,9,14
735,Mahindra,160000,120000,Diesel,Individual,Manual,Higher,13.6,2159,63.0,9,19
736,Toyota,750000,50000,Diesel,Individual,Manual,First Owner,12.99,2159,100.6,7,12
737,Hyundai,531000,20000,Petrol,Individual,Automatic,First Owner,18.9,1197,81.86,5,8
738,Renault,300000,35000,Petrol,Individual,Manual,First Owner,23.01,999,67.0,5,9
739,Volkswagen,350000,60000,Diesel,Individual,Manual,Second Owner,20.14,1498,88.8,5,12
740,Chevrolet,150000,68000,Petrol,Individual,Manual,Higher,18.6,1199,79.4,5,16
741,Maruti,450000,30000,Petrol,Individual,Manual,First Owner,20.4,1197,81.8,5,11
742,Mahindra,1320000,54000,Diesel,Individual,Manual,First Owner,16.0,2159,140.0,7,9
745,Tata,85000,120000,Diesel,Individual,Manual,Higher,16.8,1405,68.0,5,20
746,Hyundai,450000,30000,Petrol,Individual,Manual,First Owner,18.9,1197,81.86,5,8
748,Tata,360000,50000,Diesel,Individual,Manual,First Owner,27.28,1047,69.0,5,9
749,Maruti,390000,6000,Petrol,Individual,Manual,First Owner,23.95,998,67.05,5,6
750,Maruti,145000,50000,Petrol,Individual,Manual,Second Owner,15.37,1196,73.0,7,15
751,Mahindra,540000,90000,Diesel,Individual,Manual,Higher,12.05,2159,120.0,8,14
752,Toyota,290000,126000,Diesel,Individual,Manual,Higher,12.8,2159,102.0,8,18
753,Tata,300000,90000,Diesel,Individual,Manual,First Owner,25.0,1396,69.0,5,13
754,Ford,565000,80000,Petrol,Individual,Manual,First Owner,18.16,1196,86.8,5,9
755,Mahindra,441000,70000,Diesel,Individual,Manual,Second Owner,10.5,2159,120.0,7,15
757,Hyundai,180000,80000,Petrol,Individual,Manual,Second Owner,21.1,814,55.2,5,15
758,Hyundai,200000,80000,Petrol,Individual,Manual,Second Owner,21.1,814,55.2,5,13
759,Maruti,85000,150000,Petrol,Individual,Manual,Second Owner,19.7,796,46.3,5,21
760,Tata,67500,110000,Diesel,Individual,Manual,Higher,17.88,1396,52.8,5,20
761,Maruti,700000,110000,Diesel,Individual,Manual,Second Owner,24.3,1248,88.5,5,10
762,Volkswagen,275000,80000,Diesel,Individual,Manual,Higher,22.07,1199,73.9,5,16
763,Hyundai,600000,20000,Petrol,Individual,Manual,First Owner,18.9,1197,81.86,5,7
764,Mahindra,250000,120000,Diesel,Individual,Manual,First Owner,13.0,2159,95.0,8,15
765,Mahindra,600000,120000,Diesel,Individual,Manual,First Owner,15.96,2159,63.0,9,10
766,Others,200000,80000,Diesel,Individual,Manual,Second Owner,20.4,1248,91.2,5,16
767,Hyundai,425000,91500,Diesel,Individual,Manual,Second Owner,24.0,1120,70.0,5,11
768,Maruti,420000,120000,Diesel,Individual,Manual,Second Owner,19.3,1248,73.9,5,14
769,Hyundai,321000,100000,Diesel,Individual,Manual,Second Owner,23.0,1396,90.0,5,14
770,Mahindra,350000,120000,Diesel,Individual,Manual,Higher,14.0,2159,112.0,8,14
771,Honda,490000,80000,Petrol,Individual,Manual,First Owner,17.8,1198,86.7,5,9
772,Mahindra,680000,90000,Diesel,Individual,Manual,First Owner,15.4,2159,75.0,7,11
773,Maruti,298000,70000,Petrol,Individual,Manual,First Owner,23.95,998,67.05,5,10
775,Mahindra,450000,150000,Diesel,Individual,Manual,Higher,13.5,2159,115.0,5,15
777,Tata,250000,40000,Diesel,Individual,Manual,First Owner,22.3,1248,74.0,5,14
778,Ford,1075000,110000,Diesel,Individual,Automatic,Higher,12.8,2159,152.925,7,13
779,Hyundai,500000,20000,Petrol,Individual,Manual,First Owner,18.9,1197,82.0,5,9
780,Ford,681000,10000,Petrol,Individual,Manual,First Owner,19.0,1194,94.68,5,7
781,Mahindra,650000,90000,Diesel,Individual,Manual,Second Owner,15.1,2159,140.0,7,12
782,Chevrolet,80000,70000,Petrol,Individual,Manual,Second Owner,15.26,1150,74.9,5,18
783,Mahindra,290000,120000,Diesel,Individual,Manual,First Owner,13.6,2159,63.0,7,17
784,Mahindra,220000,120000,Diesel,Individual,Manual,Second Owner,10.5,2159,120.0,8,20
785,Hyundai,120000,90000,Petrol,Individual,Manual,Second Owner,8.470000000000002,1086,62.0,5,17
786,Others,229999,80000,Petrol,Individual,Manual,First Owner,22.7,799,53.0,5,9
787,Mahindra,150000,132478,Diesel,Individual,Manual,Second Owner,13.6,2159,63.0,7,23
788,Maruti,500000,45000,Petrol,Individual,Manual,First Owner,19.1,1197,85.8,5,12
789,Tata,175000,120000,Diesel,Individual,Manual,First Owner,19.09,1396,69.0,5,13
790,Ford,720000,10000,Petrol,Individual,Manual,First Owner,19.0,1194,94.68,5,7
791,Maruti,100000,51000,Petrol,Individual,Manual,First Owner,16.1,796,37.0,4,14
792,Honda,250000,105000,Petrol,Individual,Automatic,Second Owner,12.9,1799,130.0,5,17
793,Mahindra,810000,100000,Diesel,Individual,Manual,First Owner,15.1,2159,140.0,7,12
794,Maruti,165000,30000,Petrol,Individual,Manual,Higher,19.7,796,46.3,5,16
795,Chevrolet,409999,60000,Diesel,Individual,Manual,Second Owner,12.2,1994,105.3,10,10
796,Maruti,430000,86000,Diesel,Individual,Manual,Second Owner,22.9,1248,74.0,5,13
797,Others,300000,15000,Petrol,Individual,Manual,First Owner,20.62,1198,67.0,7,11
798,Maruti,350000,137500,Diesel,Individual,Manual,Higher,19.3,1248,73.9,5,15
799,Renault,400000,60000,Petrol,Individual,Manual,First Owner,23.01,999,67.0,5,8
800,Chevrolet,420000,70000,Diesel,Individual,Manual,First Owner,18.2,1248,73.74,7,10
801,Maruti,430000,5000,Petrol,Individual,Manual,First Owner,20.51,998,67.04,5,11
802,Maruti,573000,30000,Petrol,Individual,Manual,First Owner,20.4,1197,81.8,5,9
803,Hyundai,210000,40000,Petrol,Individual,Manual,First Owner,21.1,814,55.2,5,11
804,Renault,600000,60000,Diesel,Individual,Manual,First Owner,19.01,1461,108.45,5,11
805,Honda,150000,70000,Petrol,Individual,Manual,Higher,17.7,1497,78.0,5,18
806,Tata,550000,15000,Petrol,Individual,Manual,First Owner,20.3,1199,84.0,5,7
807,Maruti,320000,110000,Diesel,Individual,Manual,Second Owner,19.3,1248,73.9,5,15
808,Maruti,80000,70000,Petrol,Individual,Manual,Higher,16.1,796,37.0,4,26
809,Honda,800000,10000,Diesel,Individual,Manual,First Owner,27.4,1498,98.63,5,7
810,Maruti,500000,60000,Petrol,Individual,Manual,First Owner,16.02,1373,93.7,7,13
811,Tata,229999,110000,Diesel,Individual,Manual,Second Owner,18.8,1248,90.0,5,15
812,Maruti,500000,60000,Petrol,Individual,Manual,First Owner,16.02,1373,93.7,7,13
813,Hyundai,630000,35000,Petrol,Individual,Manual,First Owner,18.6,1197,81.83,5,11
814,Maruti,190000,70000,Petrol,Individual,Manual,Second Owner,16.8,796,34.2,8,10
815,Tata,229999,110000,Diesel,Individual,Manual,Second Owner,18.8,1248,90.0,5,15
816,Mahindra,450000,100000,Diesel,Individual,Manual,Second Owner,13.6,2159,63.0,7,15
817,Maruti,95000,120000,Petrol,Individual,Manual,First Owner,19.7,796,46.3,5,18
818,Maruti,101000,90000,Petrol,Individual,Manual,Higher,19.7,796,35.0,8,17
819,Honda,500000,70000,Diesel,Individual,Manual,Second Owner,25.8,1498,98.6,5,10
820,Toyota,1019999,88000,Diesel,Individual,Manual,Second Owner,12.99,2159,100.6,7,12
821,Hyundai,244000,38000,Petrol,Individual,Manual,First Owner,21.1,814,55.2,5,14
822,Maruti,250000,90000,Petrol,Individual,Manual,Second Owner,20.51,998,67.04,5,13
823,Maruti,660000,60000,Petrol,Individual,Manual,First Owner,21.4,1197,83.1,5,10
824,Hyundai,270000,60000,Petrol,Individual,Manual,First Owner,18.5,1197,80.0,5,16
825,Maruti,280000,156060,Diesel,Individual,Manual,First Owner,23.2,1248,73.94,5,14
826,Hyundai,1050000,60000,Diesel,Individual,Manual,First Owner,19.67,1582,126.2,5,9
827,Maruti,525000,70000,Petrol,Individual,Manual,First Owner,20.85,1197,83.14,5,9
828,Hyundai,850000,35000,Diesel,Individual,Manual,First Owner,23.9,1582,126.2,5,9
829,Mahindra,1165000,50000,Diesel,Individual,Manual,First Owner,16.0,1997,140.0,7,10
830,Maruti,345000,50000,Petrol,Individual,Manual,Second Owner,18.6,1197,85.8,5,14
831,Hyundai,95000,100000,Petrol,Individual,Manual,Second Owner,17.8,1086,63.0,5,19
832,Maruti,241000,15000,Petrol,Individual,Manual,First Owner,22.74,796,47.3,5,11
833,Maruti,235000,20000,Petrol,Individual,Manual,First Owner,22.74,796,47.3,5,11
834,Ford,615000,80000,Diesel,Individual,Manual,First Owner,22.77,1498,98.59,5,11
835,Mahindra,350000,110000,Diesel,Individual,Manual,Second Owner,20.8,1461,64.1,5,12
836,Maruti,350000,35000,Petrol,Individual,Manual,First Owner,20.51,998,67.04,5,12
837,Maruti,380000,35000,Petrol,Individual,Manual,First Owner,20.51,998,67.04,5,12
838,Tata,400000,140000,Diesel,Individual,Manual,First Owner,14.07,2159,69.01,7,9
839,Maruti,220000,40000,Petrol,Individual,Manual,First Owner,19.0,998,67.1,5,16
840,Tata,270000,110000,Diesel,Individual,Manual,Higher,14.4,2159,120.0,7,18
841,Maruti,275000,70000,Petrol,Individual,Manual,Second Owner,18.5,1197,85.8,5,14
842,Tata,125000,100000,Diesel,Individual,Manual,Second Owner,17.0,1405,71.0,5,17
843,Hyundai,360000,20000,Petrol,Individual,Manual,First Owner,19.81,1086,68.05,5,11
844,Hyundai,550000,15000,Petrol,Individual,Manual,First Owner,18.9,1197,81.86,5,7
845,Ford,200000,70000,Petrol,Individual,Manual,Second Owner,16.6,1388,68.0,5,15
846,Mahindra,327000,20000,Petrol,Individual,Manual,First Owner,18.15,1198,82.0,6,10
847,Hyundai,425000,15000,Petrol,Individual,Manual,First Owner,19.81,1086,68.05,5,10
848,Maruti,620000,107000,Diesel,Individual,Manual,First Owner,28.4,1248,74.02,5,9
849,Tata,130000,54000,Diesel,Individual,Manual,Second Owner,18.4,1248,75.0,5,15
850,Maruti,120000,58000,Petrol,Individual,Manual,First Owner,19.7,796,46.3,5,17
851,Mahindra,400000,110000,Diesel,Individual,Manual,Second Owner,12.05,2159,120.0,8,15
852,Hyundai,185000,90000,Diesel,Individual,Manual,Higher,16.8,1493,110.0,5,19
853,Hyundai,204999,43000,Petrol,Individual,Manual,Second Owner,20.3,998,68.05,5,11
854,Maruti,625000,43000,Diesel,Individual,Manual,First Owner,28.4,1248,74.02,5,9
855,Maruti,600000,60000,Diesel,Individual,Manual,First Owner,20.77,1248,88.8,7,13
856,Tata,150000,150000,Petrol,Individual,Manual,First Owner,12.8,1396,85.0,5,15
857,Renault,300000,35000,Petrol,Individual,Manual,First Owner,23.01,999,67.0,5,9
858,Chevrolet,229999,46000,Petrol,Individual,Manual,First Owner,18.2,1199,84.8,5,13
859,Maruti,220000,10000,Petrol,Individual,Manual,First Owner,16.8,796,34.2,8,8
860,Hyundai,576000,35000,Petrol,Individual,Manual,First Owner,18.6,1197,81.83,5,10
861,Renault,265000,50000,Petrol,Individual,Manual,First Owner,25.17,799,53.3,5,10
863,Hyundai,300000,80000,Diesel,Individual,Manual,First Owner,22.32,1582,126.32,5,15
864,Tata,420000,110000,Diesel,Individual,Manual,First Owner,24.7,1047,69.0,5,9
865,Maruti,750000,14000,Diesel,Individual,Manual,First Owner,20.77,1248,88.76,7,11
866,Maruti,165000,60000,Other,Individual,Manual,Second Owner,30.46,796,47.3,5,14
867,Renault,290000,28000,Petrol,Individual,Manual,First Owner,25.17,799,53.3,5,9
868,Hyundai,160000,57000,Petrol,Individual,Manual,First Owner,21.1,814,55.2,5,15
869,Maruti,695000,50000,Diesel,Individual,Manual,First Owner,26.59,1248,74.0,5,9
870,Maruti,231000,70000,Other,Individual,Manual,First Owner,26.2,998,58.2,5,14
871,Toyota,1050000,60000,Diesel,Individual,Manual,First Owner,21.43,1364,87.2,5,11
872,Hyundai,400000,70000,Petrol,Individual,Manual,First Owner,18.5,1197,82.85,5,13
873,Hyundai,500000,40000,Petrol,Individual,Manual,First Owner,18.6,1197,81.83,5,10
874,Tata,150000,120000,Diesel,Individual,Manual,Second Owner,21.12,1248,88.8,5,16
875,Mahindra,400000,140000,Diesel,Individual,Manual,Second Owner,14.02,2159,118.3,7,10
876,Tata,120000,100000,Diesel,Individual,Manual,Second Owner,17.0,1405,70.0,5,16
877,Mahindra,480000,120000,Diesel,Individual,Manual,Second Owner,14.02,2159,118.3,7,12
878,Tata,200000,120000,Diesel,Individual,Manual,Second Owner,19.09,1405,69.01,5,13
879,Ford,300000,64000,Diesel,Individual,Manual,Second Owner,17.8,1399,67.0,5,14
880,Maruti,350000,25000,Petrol,Individual,Manual,First Owner,23.1,998,67.04,5,11
881,Renault,580000,12000,Petrol,Individual,Manual,First Owner,20.0,999,72.0,7,7
882,Chevrolet,200000,70000,Diesel,Individual,Manual,Second Owner,25.44,936,57.6,5,14
883,Mahindra,750000,120000,Diesel,Individual,Manual,First Owner,11.0,2159,120.0,5,10
884,Renault,261000,90000,Petrol,Individual,Manual,First Owner,25.17,799,53.3,5,10
885,Chevrolet,371000,40000,Petrol,Individual,Manual,First Owner,18.2,1199,82.4,5,11
886,Mahindra,320000,186062,Diesel,Individual,Manual,Higher,13.6,2159,63.0,7,16
887,Tata,204999,120000,Diesel,Individual,Manual,Second Owner,19.09,1396,69.0,5,14
888,Hyundai,110000,90000,Petrol,Individual,Manual,Second Owner,13.2,1495,94.0,5,23
889,Ford,150000,100000,Diesel,Individual,Manual,Higher,17.7,1399,68.0,5,17
890,Mahindra,625000,90000,Diesel,Individual,Manual,Second Owner,15.96,2159,62.1,7,10
891,Mahindra,1300000,50000,Diesel,Individual,Manual,Second Owner,15.4,1997,120.0,7,9
892,Others,900000,168000,Diesel,Individual,Manual,First Owner,20.6,1968,141.0,5,11
893,Ford,180000,110000,Diesel,Individual,Manual,Second Owner,20.0,1399,68.0,5,16
894,Mahindra,421000,120000,Diesel,Individual,Manual,Second Owner,13.6,2159,63.0,7,16
895,Tata,204999,120000,Diesel,Individual,Manual,Second Owner,19.09,1396,69.0,5,14
896,Honda,900000,40000,Diesel,Individual,Manual,First Owner,25.5,1498,98.6,5,9
897,Honda,165000,110000,Petrol,Individual,Manual,Second Owner,17.7,1497,78.0,5,20
898,Hyundai,270000,100000,Diesel,Individual,Manual,Higher,21.9,1396,90.0,5,16
899,Maruti,750000,40000,Diesel,Individual,Manual,First Owner,24.3,1248,88.5,5,9
900,Hyundai,750000,30000,Petrol,Individual,Manual,First Owner,18.6,1197,81.86,5,7
901,Maruti,40000,80000,Petrol,Individual,Manual,Higher,16.1,796,37.0,4,24
902,Ford,190000,90000,Diesel,Individual,Manual,Second Owner,20.0,1399,68.0,5,15
903,Toyota,395000,186062,Diesel,Individual,Manual,Higher,12.8,2159,102.0,7,17
904,Toyota,800000,125000,Diesel,Individual,Manual,Second Owner,11.5,2159,152.925,7,16
905,Hyundai,315000,80000,Petrol,Individual,Manual,First Owner,17.0,1197,80.0,5,15
906,Others,1320000,44000,Diesel,Individual,Automatic,Second Owner,16.55,1968,147.51,5,12
907,Toyota,409999,90000,Diesel,Individual,Manual,First Owner,23.59,1364,67.04,5,13
908,Hyundai,580000,32000,Petrol,Individual,Manual,First Owner,18.9,1197,81.86,5,8
909,Hyundai,340000,70000,Petrol,Individual,Manual,First Owner,18.5,1197,82.85,5,13
910,Hyundai,270000,43000,Petrol,Individual,Manual,First Owner,21.1,814,55.2,5,11
911,Tata,280000,80000,Diesel,Individual,Manual,First Owner,22.95,1248,74.0,5,9
912,Tata,130000,60000,Diesel,Individual,Manual,First Owner,22.3,1248,74.0,5,14
913,Hyundai,260000,18945,Petrol,Individual,Manual,First Owner,21.1,814,55.2,5,12
914,Hyundai,710000,70000,Diesel,Individual,Manual,First Owner,24.0,1186,73.97,5,8
915,Maruti,204999,100000,Petrol,Individual,Manual,Higher,15.1,1196,73.0,7,13
916,Others,300000,60000,Petrol,Individual,Manual,First Owner,20.62,1198,67.0,7,9
917,Maruti,180000,144000,Diesel,Individual,Manual,Second Owner,19.3,1248,73.9,5,17
918,Mahindra,700000,120000,Diesel,Individual,Manual,First Owner,18.49,1493,100.0,7,10
919,Hyundai,320000,107825,Diesel,Individual,Manual,Second Owner,21.9,1396,90.0,5,14
920,Maruti,370000,15000,Petrol,Individual,Manual,First Owner,22.05,796,47.3,5,6
921,Renault,340000,10000,Petrol,Individual,Manual,First Owner,25.17,799,53.3,5,8
922,Maruti,1040000,1620,Petrol,Individual,Manual,First Owner,19.01,1462,103.2,6,7
923,Hyundai,750000,30000,Diesel,Individual,Manual,First Owner,21.19,1396,88.76,5,8
924,Mahindra,600000,70000,Diesel,Individual,Manual,First Owner,18.49,2159,120.0,9,8
925,Mahindra,550000,70000,Diesel,Individual,Manual,First Owner,15.96,2159,63.0,9,10
926,Toyota,600000,95000,Diesel,Individual,Manual,Second Owner,12.99,2159,100.57,7,13
927,Tata,550000,50000,Diesel,Individual,Manual,First Owner,24.7,1047,69.0,5,9
928,Honda,750000,160000,Diesel,Individual,Manual,First Owner,25.1,1498,98.6,5,11
929,Hyundai,450000,10000,Petrol,Individual,Manual,First Owner,20.3,1086,68.0,5,7
930,Maruti,400000,100000,Diesel,Individual,Manual,Higher,20.77,1248,88.76,7,14
931,Maruti,520000,50000,Diesel,Individual,Manual,Second Owner,25.2,1248,74.0,5,10
932,Maruti,199000,60000,Petrol,Individual,Manual,Second Owner,20.2,998,67.1,5,13
933,Chevrolet,150000,110000,Diesel,Individual,Manual,First Owner,25.44,936,57.6,5,14
934,Hyundai,540000,80000,Diesel,Individual,Manual,Higher,21.19,1396,88.73,5,10
935,Maruti,250000,85000,Diesel,Individual,Manual,Second Owner,21.5,1248,88.8,5,15
936,Maruti,200000,90000,Petrol,Individual,Manual,Second Owner,18.9,1061,67.0,5,16
937,Tata,130000,90000,Diesel,Individual,Manual,Second Owner,25.0,1396,69.0,5,15
938,Maruti,90000,90000,Petrol,Individual,Manual,First Owner,16.1,796,37.0,4,19
939,Hyundai,450000,120000,Diesel,Individual,Manual,Second Owner,22.32,1582,126.32,5,14
940,Hyundai,280000,120000,Diesel,Individual,Manual,First Owner,18.1,1493,110.0,5,17
941,Tata,280000,160000,Diesel,Individual,Manual,Second Owner,13.93,2159,138.1,7,19
942,Maruti,120000,141000,Petrol,Individual,Manual,Second Owner,17.3,993,60.0,5,20
943,Maruti,290000,100000,Diesel,Individual,Manual,Second Owner,17.8,1248,75.0,5,18
944,Hyundai,1000000,15000,Diesel,Individual,Manual,First Owner,22.1,1396,88.7,5,7
945,Maruti,415000,108000,Diesel,Individual,Manual,First Owner,19.3,1248,73.9,5,14
946,Maruti,415000,108000,Diesel,Individual,Manual,First Owner,23.4,1248,74.0,5,14
947,Chevrolet,240000,55000,Diesel,Individual,Manual,First Owner,25.44,936,56.3,5,11
948,Tata,250000,37944,Diesel,Individual,Manual,First Owner,18.4,1248,75.0,5,16
949,Ford,175000,90400,Diesel,Individual,Manual,First Owner,20.0,1399,68.0,5,15
950,Hyundai,220000,85000,Diesel,Individual,Manual,Second Owner,16.8,1493,110.0,5,18
951,Maruti,85000,120000,Diesel,Individual,Manual,Higher,20.8,1527,58.0,5,23
952,Maruti,675000,5000,Petrol,Individual,Manual,First Owner,21.21,1197,81.8,5,7
953,Renault,535000,50000,Diesel,Individual,Manual,First Owner,19.87,1461,83.8,5,10
954,Renault,675000,5000,Petrol,Individual,Manual,First Owner,20.0,999,72.0,7,7
955,Maruti,800000,90000,Diesel,Individual,Manual,First Owner,24.3,1248,88.5,5,10
956,Maruti,425000,96000,Diesel,Individual,Manual,Second Owner,20.77,1248,88.8,7,14
957,Maruti,150000,80000,Petrol,Individual,Manual,Higher,15.37,1196,73.0,5,15
958,Maruti,90000,60000,Petrol,Individual,Manual,Second Owner,18.2,1061,64.0,5,19
959,Mahindra,850000,90000,Diesel,Individual,Manual,First Owner,15.1,2159,140.0,7,11
960,Toyota,330000,186062,Diesel,Individual,Manual,Second Owner,12.8,2159,102.0,8,18
961,Hyundai,850000,63186,Diesel,Individual,Manual,First Owner,22.54,1396,88.73,5,9
962,Mahindra,305000,186062,Diesel,Individual,Manual,Second Owner,13.6,2159,63.0,7,18
963,Toyota,910000,110000,Diesel,Individual,Manual,Second Owner,12.99,2159,100.0,7,13
964,Toyota,1100000,151000,Diesel,Individual,Manual,First Owner,12.8,2159,102.0,8,14
965,Maruti,675000,5000,Petrol,Individual,Automatic,First Owner,21.4,1197,83.1,5,7
966,Maruti,150000,91500,Petrol,Individual,Manual,First Owner,19.7,796,46.3,5,16
967,Maruti,550000,23000,Diesel,Individual,Manual,First Owner,25.2,1248,74.0,5,11
968,Volkswagen,350000,40000,Diesel,Individual,Manual,First Owner,20.54,1598,103.6,5,14
969,Maruti,300000,70000,Diesel,Individual,Manual,First Owner,23.2,1248,73.94,5,14
970,Toyota,1320000,10000,Diesel,Individual,Automatic,First Owner,11.36,2159,152.925,7,8
971,Mahindra,611000,90000,Diesel,Individual,Manual,Second Owner,14.0,2159,75.0,7,12
972,Honda,400000,68000,Petrol,Individual,Manual,First Owner,19.4,1198,86.8,5,10
973,Hyundai,700000,120000,Diesel,Individual,Manual,First Owner,22.7,1582,126.24,5,13
974,Chevrolet,300000,65000,Diesel,Individual,Manual,First Owner,22.1,1248,76.9,5,13
975,Hyundai,65000,85000,Petrol,Individual,Manual,First Owner,15.3,1341,83.0,5,21
976,Maruti,200000,94000,Petrol,Individual,Manual,Higher,18.9,998,67.1,5,15
977,Hyundai,650000,100000,Diesel,Individual,Manual,First Owner,22.54,1396,88.73,5,11
978,Hyundai,650000,80000,Diesel,Individual,Manual,First Owner,22.54,1396,88.73,5,11
979,Volkswagen,350000,80000,Diesel,Individual,Manual,Higher,22.07,1199,73.9,5,13
980,Tata,75000,140500,Diesel,Individual,Manual,Higher,17.88,1396,52.8,5,15
981,Maruti,240000,143000,Petrol,Individual,Manual,First Owner,17.5,1298,85.8,5,16
982,Maruti,240000,60000,Petrol,Individual,Manual,First Owner,20.92,998,67.1,5,13
983,Tata,180000,120000,Diesel,Individual,Manual,Second Owner,18.4,1248,75.0,5,15
984,Hyundai,900000,80000,Diesel,Individual,Automatic,Second Owner,13.01,2159,152.925,7,12
985,Mahindra,425000,63000,Diesel,Individual,Manual,Second Owner,18.06,2159,63.0,7,12
986,Chevrolet,95000,120000,Petrol,Individual,Manual,Higher,18.0,995,62.0,5,17
987,Maruti,811000,100000,Diesel,Individual,Manual,First Owner,28.4,1248,74.02,5,8
988,Hyundai,1100000,60000,Petrol,Individual,Manual,First Owner,17.0,1591,121.3,5,8
989,Chevrolet,600000,90000,Diesel,Individual,Manual,First Owner,13.58,2159,72.4,9,13
990,Maruti,550000,50000,Diesel,Individual,Manual,Second Owner,20.77,1248,88.76,7,12
991,Mahindra,715000,70000,Diesel,Individual,Manual,First Owner,15.4,2159,120.0,7,11
993,Tata,100000,120000,Diesel,Individual,Manual,Higher,16.1,1405,70.0,5,20
994,Mahindra,500000,186062,Diesel,Individual,Manual,First Owner,14.0,2159,75.0,8,13
995,Maruti,350000,40000,Petrol,Individual,Manual,First Owner,20.51,998,67.04,5,13
996,Tata,100000,40000,Diesel,Individual,Manual,First Owner,16.8,1405,62.0,5,18
997,Tata,325000,120000,Diesel,Individual,Manual,First Owner,13.93,2159,138.03,7,14
998,Maruti,220000,186062,Petrol,Individual,Manual,Second Owner,18.9,998,67.1,5,14
999,Maruti,55000,60000,Petrol,Individual,Manual,Second Owner,16.1,796,37.0,4,27
1000,Renault,330000,20000,Petrol,Individual,Manual,First Owner,25.17,799,53.3,5,10
1001,Mahindra,480000,37000,Diesel,Individual,Manual,First Owner,15.96,2159,62.1,7,12
1002,Maruti,950000,57000,Diesel,Individual,Manual,Second Owner,25.1,1248,88.5,5,8
1003,Hyundai,300000,110000,Diesel,Individual,Manual,Second Owner,16.2,1493,110.0,5,15
1004,Hyundai,170000,110000,Petrol,Individual,Manual,Higher,13.9,1599,103.2,5,20
1005,Toyota,850000,120000,Diesel,Individual,Manual,Second Owner,12.99,2159,100.57,8,13
1006,Tata,900000,8079,Diesel,Dealer,Manual,First Owner,24.7,1047,69.0,5,7
1007,Toyota,1320000,114368,Diesel,Dealer,Manual,Second Owner,12.99,2159,100.6,7,11
1008,Ford,350000,79990,Diesel,Dealer,Manual,Second Owner,17.8,1399,67.0,5,14
1009,Ford,425000,81632,Diesel,Dealer,Manual,First Owner,20.0,1399,68.0,5,14
1010,Ford,600000,155201,Diesel,Dealer,Manual,First Owner,26.1,1498,99.23,5,10
1011,Ford,750000,101504,Diesel,Dealer,Manual,First Owner,22.7,1498,89.84,5,12
1012,Ford,450000,90165,Diesel,Dealer,Manual,First Owner,17.8,1399,67.0,5,14
1013,Ford,325000,86017,Diesel,Dealer,Manual,Second Owner,25.5,1498,99.23,5,16
1014,Mahindra,900000,85036,Diesel,Dealer,Manual,Second Owner,15.1,2159,140.0,7,13
1016,Ford,600000,125531,Diesel,Dealer,Manual,Second Owner,22.77,1498,98.59,5,13
1017,Hyundai,1100000,10000,Petrol,Individual,Manual,First Owner,17.0,1591,121.3,5,7
1018,Tata,520000,20000,Petrol,Individual,Manual,First Owner,23.84,1199,84.0,5,9
1019,Mahindra,885000,170000,Diesel,Individual,Manual,First Owner,15.4,2159,120.0,7,11
1020,Tata,950000,40000,Diesel,Individual,Automatic,First Owner,21.5,1497,108.5,5,8
1021,Honda,229999,120000,Petrol,Individual,Manual,Second Owner,17.0,1497,118.0,5,18
1022,Maruti,409999,100000,Diesel,Individual,Manual,Higher,23.2,1248,73.94,5,13
1023,Ford,300000,110000,Diesel,Individual,Manual,Higher,17.8,1399,68.0,5,15
1024,Tata,175000,120000,Diesel,Individual,Manual,Higher,16.8,1405,68.0,5,18
1025,Maruti,108000,186062,Petrol,Individual,Manual,Higher,19.7,796,46.3,5,26
1026,Maruti,425000,40000,Petrol,Individual,Manual,Second Owner,23.1,998,67.04,5,9
1027,Chevrolet,272000,170000,Diesel,Individual,Manual,Higher,16.52,1991,123.7,5,15
1028,Hyundai,310000,70000,Petrol,Individual,Manual,First Owner,19.81,1086,68.05,5,13
1029,Hyundai,1125000,105000,Diesel,Individual,Manual,First Owner,21.38,1396,88.7,5,9
1030,Hyundai,450000,46000,Petrol,Individual,Manual,Second Owner,19.1,1197,81.86,5,12
1031,Volkswagen,388000,80000,Diesel,Individual,Manual,Second Owner,22.07,1199,73.9,5,15
1032,Hyundai,400000,60000,Petrol,Individual,Manual,First Owner,16.2,1599,103.2,5,15
1033,Honda,760000,70000,Diesel,Individual,Manual,Higher,25.1,1498,98.6,5,11
1034,Maruti,120000,90000,Petrol,Individual,Manual,First Owner,19.7,796,46.3,5,17
1035,Maruti,757000,25000,Diesel,Individual,Manual,First Owner,28.4,1248,74.02,5,7
1036,Maruti,270000,53000,Petrol,Individual,Manual,Second Owner,22.74,796,47.3,5,11
1037,Tata,250000,90000,Diesel,Individual,Manual,Second Owner,13.55,2159,118.35,7,15
1038,Toyota,800000,60000,Diesel,Individual,Manual,First Owner,12.8,2159,102.0,7,15
1039,Toyota,1320000,150000,Diesel,Individual,Manual,First Owner,13.0,2159,152.925,7,12
1040,Mahindra,700000,24000,Diesel,Individual,Manual,First Owner,16.55,2159,105.0,6,12
1041,Honda,450000,100000,Diesel,Individual,Manual,Second Owner,24.2,1498,98.6,7,10
1042,Mahindra,650000,6000,Petrol,Individual,Manual,First Owner,18.15,1198,82.0,6,8
1043,Mahindra,950000,49700,Diesel,Individual,Manual,First Owner,15.1,2159,140.0,7,13
1044,Toyota,626000,80000,Diesel,Individual,Manual,Second Owner,12.8,2159,102.0,7,19
1046,Maruti,600000,10000,Petrol,Individual,Automatic,First Owner,21.21,1197,81.8,5,7
1047,Renault,290000,21000,Petrol,Individual,Manual,First Owner,25.17,799,53.3,5,7
1048,Maruti,215000,25000,Petrol,Individual,Manual,First Owner,20.92,998,67.1,5,13
1049,Renault,250000,22000,Petrol,Individual,Manual,First Owner,25.17,799,53.3,5,10
1050,Maruti,750000,50000,Diesel,Individual,Manual,First Owner,24.52,1248,88.5,7,9
1051,Maruti,250000,20000,Petrol,Individual,Manual,Second Owner,23.95,998,67.05,5,10
1052,Honda,950000,15000,Petrol,Individual,Automatic,First Owner,15.4,1497,117.3,7,9
1053,Ford,793000,30000,Diesel,Individual,Manual,First Owner,25.83,1498,99.0,5,8
1054,Hyundai,750000,74000,Diesel,Individual,Manual,First Owner,19.67,1582,126.2,5,11
1055,Honda,725000,6550,Petrol,Individual,Automatic,First Owner,18.2,1199,88.7,5,9
1056,Hyundai,480000,30000,Diesel,Individual,Manual,First Owner,24.0,1120,70.0,5,10
1057,Others,1320000,56000,Diesel,Dealer,Automatic,First Owner,11.2,2159,152.925,4,13
1058,Maruti,795000,41779,Petrol,Dealer,Manual,First Owner,21.21,1197,81.8,5,8
1059,Honda,625000,54000,Petrol,Dealer,Manual,First Owner,18.7,1199,88.7,5,10
1060,Others,1320000,31000,Diesel,Dealer,Automatic,First Owner,13.0,2143,152.925,5,10
1061,Maruti,625000,37000,Diesel,Individual,Automatic,First Owner,26.8,1248,74.0,5,9
1062,Chevrolet,440000,90000,Diesel,Individual,Automatic,Second Owner,18.1,1991,147.9,4,15
1063,Toyota,1320000,13534,Petrol,Dealer,Manual,First Owner,14.28,1798,138.03,5,8
1064,Toyota,1320000,7000,Petrol,Dealer,Automatic,Second Owner,14.53,1794,138.1,5,9
1065,Others,1320000,23000,Diesel,Dealer,Automatic,First Owner,17.9,2143,136.0,5,9
1066,Toyota,1320000,43000,Diesel,Dealer,Automatic,First Owner,11.36,2159,152.925,8,7
1067,Others,1320000,5000,Diesel,Dealer,Automatic,First Owner,17.8,1493,113.4,5,6
1068,Maruti,844999,70000,Diesel,Dealer,Manual,First Owner,28.09,1248,88.5,5,9
1069,Others,650000,99000,Diesel,Dealer,Automatic,First Owner,21.66,1498,103.52,5,10
1070,Maruti,750000,15000,Petrol,Dealer,Manual,First Owner,22.0,1197,81.8,5,8
1071,Others,1320000,28156,Diesel,Dealer,Automatic,First Owner,17.09,2159,152.925,4,8
1072,Honda,610000,30000,Petrol,Dealer,Manual,First Owner,18.7,1199,88.7,5,11
1073,Toyota,1320000,100000,Diesel,Dealer,Automatic,First Owner,12.9,2159,152.925,7,8
1074,Hyundai,1150000,63309,Diesel,Dealer,Manual,First Owner,19.67,1582,126.2,5,9
1075,Toyota,1320000,94000,Diesel,Dealer,Automatic,First Owner,11.36,2159,152.925,7,10
1076,Hyundai,890000,29000,Petrol,Dealer,Automatic,First Owner,17.4,1197,81.86,5,8
1077,Others,1320000,9000,Diesel,Dealer,Automatic,First Owner,13.6,1999,152.925,5,9
1078,Others,1320000,20000,Petrol,Dealer,Automatic,First Owner,22.37,2159,152.925,5,7
1079,Others,1320000,45000,Diesel,Dealer,Automatic,First Owner,19.33,1999,152.925,5,9
1080,Tata,503000,110000,Diesel,Individual,Manual,First Owner,14.1,2159,147.94,7,11
1081,Others,1320000,20000,Diesel,Individual,Automatic,First Owner,18.0,1969,152.925,5,7
1082,Toyota,1320000,68089,Petrol,Dealer,Automatic,First Owner,19.16,2159,152.925,5,10
1083,Maruti,225000,58343,Petrol,Dealer,Manual,First Owner,21.79,998,67.05,5,13
1084,Maruti,740000,38817,Diesel,Dealer,Manual,First Owner,27.39,1248,74.0,5,8
1085,Honda,550000,56494,Petrol,Dealer,Manual,First Owner,18.2,1199,88.7,5,10
1086,Toyota,750000,79328,Diesel,Dealer,Manual,Second Owner,12.99,2159,100.6,7,13
1087,Maruti,650000,5621,Petrol,Dealer,Automatic,First Owner,22.0,1197,81.8,5,7
1088,Toyota,625000,25538,Petrol,Dealer,Manual,First Owner,16.78,1496,88.73,5,9
1089,Maruti,600000,69779,Petrol,Dealer,Automatic,First Owner,22.0,1197,81.8,5,8
1090,Hyundai,450000,56290,Diesel,Dealer,Manual,First Owner,24.0,1186,73.97,5,9
1091,Others,1320000,7500,Diesel,Dealer,Automatic,First Owner,16.78,1995,152.925,5,7
1092,Others,1320000,8500,Diesel,Dealer,Automatic,First Owner,16.78,1995,152.925,5,7
1093,Honda,779000,7032,Petrol,Dealer,Automatic,First Owner,19.0,1199,88.76,5,7
1094,Others,645000,11000,Petrol,Dealer,Automatic,First Owner,14.3,1598,103.5,5,10
1095,Others,1320000,2000,Diesel,Dealer,Automatic,First Owner,16.8,1984,150.0,5,8
1096,Others,1320000,9000,Diesel,Dealer,Automatic,First Owner,13.6,1999,152.925,5,9
1097,Others,1320000,20000,Petrol,Dealer,Automatic,First Owner,22.37,2159,152.925,5,7
1098,Others,1320000,45000,Diesel,Dealer,Automatic,First Owner,19.33,1999,152.925,5,9
1099,Tata,503000,110000,Diesel,Individual,Manual,First Owner,14.1,2159,147.94,7,11
1100,Others,1320000,20000,Diesel,Individual,Automatic,First Owner,18.0,1969,152.925,5,7
1101,Toyota,1320000,68089,Petrol,Dealer,Automatic,First Owner,19.16,2159,152.925,5,10
1102,Maruti,225000,58343,Petrol,Dealer,Manual,First Owner,21.79,998,67.05,5,13
1103,Maruti,740000,38817,Diesel,Dealer,Manual,First Owner,27.39,1248,74.0,5,8
1104,Honda,550000,56494,Petrol,Dealer,Manual,First Owner,18.2,1199,88.7,5,10
1105,Toyota,750000,79328,Diesel,Dealer,Manual,Second Owner,12.99,2159,100.6,7,13
1106,Maruti,650000,5621,Petrol,Dealer,Automatic,First Owner,22.0,1197,81.8,5,7
1107,Toyota,625000,25538,Petrol,Dealer,Manual,First Owner,16.78,1496,88.73,5,9
1108,Maruti,600000,69779,Petrol,Dealer,Automatic,First Owner,22.0,1197,81.8,5,8
1109,Hyundai,450000,56290,Diesel,Dealer,Manual,First Owner,24.0,1186,73.97,5,9
1110,Others,1320000,7500,Diesel,Dealer,Automatic,First Owner,16.78,1995,152.925,5,7
1111,Others,1320000,8500,Diesel,Dealer,Automatic,First Owner,16.78,1995,152.925,5,7
1112,Honda,779000,7032,Petrol,Dealer,Automatic,First Owner,19.0,1199,88.76,5,7
1113,Others,645000,11000,Petrol,Dealer,Automatic,First Owner,14.3,1598,103.5,5,10
1114,Others,1320000,2000,Diesel,Dealer,Automatic,First Owner,16.8,1984,150.0,5,8
1115,Others,1320000,9000,Diesel,Dealer,Automatic,First Owner,13.6,1999,152.925,5,9
1116,Others,1320000,20000,Petrol,Dealer,Automatic,First Owner,22.37,2159,152.925,5,7
1117,Others,1320000,45000,Diesel,Dealer,Automatic,First Owner,19.33,1999,152.925,5,9
1118,Tata,503000,110000,Diesel,Individual,Manual,First Owner,14.1,2159,147.94,7,11
1119,Others,1320000,20000,Diesel,Individual,Automatic,First Owner,18.0,1969,152.925,5,7
1120,Toyota,1320000,68089,Petrol,Dealer,Automatic,First Owner,19.16,2159,152.925,5,10
1121,Maruti,225000,58343,Petrol,Dealer,Manual,First Owner,21.79,998,67.05,5,13
1122,Maruti,740000,38817,Diesel,Dealer,Manual,First Owner,27.39,1248,74.0,5,8
1123,Honda,550000,56494,Petrol,Dealer,Manual,First Owner,18.2,1199,88.7,5,10
1124,Toyota,750000,79328,Diesel,Dealer,Manual,Second Owner,12.99,2159,100.6,7,13
1125,Maruti,650000,5621,Petrol,Dealer,Automatic,First Owner,22.0,1197,81.8,5,7
1126,Toyota,625000,25538,Petrol,Dealer,Manual,First Owner,16.78,1496,88.73,5,9
1127,Maruti,600000,69779,Petrol,Dealer,Automatic,First Owner,22.0,1197,81.8,5,8
1128,Hyundai,450000,56290,Diesel,Dealer,Manual,First Owner,24.0,1186,73.97,5,9
1129,Others,1320000,7500,Diesel,Dealer,Automatic,First Owner,16.78,1995,152.925,5,7
1130,Others,1320000,8500,Diesel,Dealer,Automatic,First Owner,16.78,1995,152.925,5,7
1131,Honda,779000,7032,Petrol,Dealer,Automatic,First Owner,19.0,1199,88.76,5,7
1132,Others,645000,11000,Petrol,Dealer,Automatic,First Owner,14.3,1598,103.5,5,10
1133,Others,1320000,2000,Diesel,Dealer,Automatic,First Owner,16.8,1984,150.0,5,8
1134,Others,1320000,9000,Diesel,Dealer,Automatic,First Owner,13.6,1999,152.925,5,9
1135,Others,1320000,20000,Petrol,Dealer,Automatic,First Owner,22.37,2159,152.925,5,7
1136,Others,1320000,45000,Diesel,Dealer,Automatic,First Owner,19.33,1999,152.925,5,9
1137,Tata,503000,110000,Diesel,Individual,Manual,First Owner,14.1,2159,147.94,7,11
1138,Others,1320000,20000,Diesel,Individual,Automatic,First Owner,18.0,1969,152.925,5,7
1139,Toyota,1320000,68089,Petrol,Dealer,Automatic,First Owner,19.16,2159,152.925,5,10
1140,Maruti,225000,58343,Petrol,Dealer,Manual,First Owner,21.79,998,67.05,5,13
1141,Maruti,740000,38817,Diesel,Dealer,Manual,First Owner,27.39,1248,74.0,5,8
1142,Honda,550000,56494,Petrol,Dealer,Manual,First Owner,18.2,1199,88.7,5,10
1143,Toyota,750000,79328,Diesel,Dealer,Manual,Second Owner,12.99,2159,100.6,7,13
1144,Maruti,650000,5621,Petrol,Dealer,Automatic,First Owner,22.0,1197,81.8,5,7
1145,Toyota,625000,25538,Petrol,Dealer,Manual,First Owner,16.78,1496,88.73,5,9
1146,Maruti,600000,69779,Petrol,Dealer,Automatic,First Owner,22.0,1197,81.8,5,8
1147,Hyundai,450000,56290,Diesel,Dealer,Manual,First Owner,24.0,1186,73.97,5,9
1148,Others,1320000,7500,Diesel,Dealer,Automatic,First Owner,16.78,1995,152.925,5,7
1149,Others,1320000,8500,Diesel,Dealer,Automatic,First Owner,16.78,1995,152.925,5,7
1150,Honda,779000,7032,Petrol,Dealer,Automatic,First Owner,19.0,1199,88.76,5,7
1151,Others,645000,11000,Petrol,Dealer,Automatic,First Owner,14.3,1598,103.5,5,10
1152,Others,1320000,2000,Diesel,Dealer,Automatic,First Owner,16.8,1984,150.0,5,8
1153,Tata,385000,155000,Diesel,Individual,Manual,First Owner,25.0,1396,69.01,5,9
1154,Maruti,400000,35000,Petrol,Individual,Automatic,First Owner,23.1,998,67.04,5,10
1155,Hyundai,550000,50000,Diesel,Individual,Manual,First Owner,24.0,1186,73.97,5,8
1156,Chevrolet,270000,185000,Diesel,Individual,Manual,First Owner,14.8,2159,80.0,7,16
1157,Tata,200000,175000,Diesel,Individual,Manual,Second Owner,19.09,1396,69.0,5,13
1158,Renault,310000,11500,Petrol,Individual,Manual,First Owner,25.17,799,53.3,5,10
1159,Hyundai,700000,3000,Diesel,Individual,Manual,First Owner,25.4,1186,73.97,5,7
1160,Chevrolet,480000,80000,Diesel,Individual,Manual,Second Owner,22.1,1248,74.0,5,11
1161,Maruti,90000,40000,Petrol,Individual,Manual,Second Owner,19.7,796,46.3,5,21
1162,Maruti,80000,40000,Petrol,Individual,Manual,Second Owner,19.7,796,46.3,5,21
1163,Maruti,350000,90000,Diesel,Individual,Manual,First Owner,23.2,1248,73.94,5,11
1164,Maruti,600000,100000,Diesel,Individual,Manual,First Owner,23.65,1248,88.5,5,9
1165,Mahindra,350000,120000,Diesel,Individual,Manual,Higher,13.5,2159,115.0,5,15
1166,Maruti,770000,50000,Diesel,Individual,Manual,First Owner,24.3,1248,88.5,5,8
1167,Mahindra,350000,25000,Diesel,Individual,Manual,First Owner,21.03,1461,65.0,5,14
1168,Mahindra,600000,50000,Diesel,Individual,Manual,Higher,12.05,2159,120.0,8,15
1169,Mahindra,750000,71000,Diesel,Individual,Manual,First Owner,18.49,1493,100.0,7,10
1170,Maruti,340000,40000,Petrol,Individual,Manual,First Owner,20.51,998,67.04,5,10
1171,Hyundai,650000,31800,Petrol,Individual,Manual,First Owner,18.6,1197,81.86,5,8
1172,Hyundai,300000,65000,Petrol,Individual,Manual,First Owner,20.36,1197,78.9,5,12
1173,Maruti,204999,15000,Petrol,Individual,Manual,Second Owner,22.74,796,47.3,5,12
1174,Mahindra,254999,70000,Diesel,Individual,Manual,Second Owner,20.8,1461,65.0,5,14
1175,Ford,650000,5000,Petrol,Individual,Manual,First Owner,18.16,1196,86.8,5,9
1176,Hyundai,280000,50000,Petrol,Individual,Manual,Second Owner,21.1,814,55.2,5,9
1177,Tata,100000,80000,Diesel,Individual,Manual,First Owner,17.2,1396,53.5,5,15
1178,Chevrolet,575000,70000,Diesel,Individual,Manual,Second Owner,13.58,2159,72.4,9,12
1179,Maruti,780000,40000,Diesel,Individual,Manual,First Owner,24.3,1248,88.5,5,9
1180,Mahindra,467000,157000,Diesel,Individual,Manual,First Owner,15.96,2159,62.1,7,13
1181,Mahindra,1050000,90000,Diesel,Individual,Manual,First Owner,15.4,2159,120.0,7,11
1182,Hyundai,225000,80000,Petrol,Individual,Manual,Second Owner,19.81,1086,68.05,5,15
1186,Mahindra,260000,70000,Diesel,Individual,Manual,Second Owner,21.03,1461,65.0,5,14
1187,Chevrolet,90000,50000,Petrol,Individual,Manual,Second Owner,16.0,995,63.0,5,17
1188,Ford,280000,60000,Diesel,Individual,Manual,First Owner,20.0,1399,68.0,5,14
1189,Mahindra,350000,106000,Diesel,Individual,Manual,Second Owner,20.8,1461,65.0,5,12
1190,Mahindra,229999,80000,Diesel,Individual,Manual,Second Owner,10.5,2159,120.0,7,20
1191,Mahindra,550000,80000,Diesel,Individual,Manual,Second Owner,15.96,2159,63.0,9,10
1192,Toyota,850000,110000,Diesel,Individual,Manual,Second Owner,12.99,2159,100.0,8,13
1193,Mahindra,370000,120000,Diesel,Individual,Manual,Higher,13.6,2159,63.0,7,15
1194,Maruti,250000,27000,Petrol,Individual,Manual,First Owner,20.92,998,67.1,5,13
1195,Maruti,95000,70000,Petrol,Individual,Manual,Second Owner,19.7,796,46.3,5,19
1196,Maruti,180000,70000,Petrol,Individual,Manual,Second Owner,18.9,1061,67.0,5,16
1197,Mahindra,650000,50000,Diesel,Individual,Automatic,First Owner,17.45,1493,100.0,7,10
1198,Hyundai,530000,60000,Diesel,Individual,Manual,First Owner,25.4,1186,73.97,5,8
1199,Maruti,610000,15000,Petrol,Individual,Manual,First Owner,22.0,1197,81.8,5,9
1201,Mahindra,265000,135000,Diesel,Individual,Manual,First Owner,14.0,2159,112.0,8,16
1202,Tata,560000,26300,Petrol,Individual,Manual,First Owner,23.84,1199,84.0,5,8
1203,Mahindra,430000,120000,Diesel,Individual,Manual,First Owner,15.96,2159,62.1,7,12
1204,Maruti,711000,35000,Diesel,Individual,Manual,First Owner,28.4,1248,74.02,5,9
1205,Maruti,511000,30000,Petrol,Individual,Manual,First Owner,20.85,1197,83.14,5,11
1206,Mahindra,450000,165000,Diesel,Individual,Manual,First Owner,15.96,2159,62.1,7,14
1207,Tata,325000,50000,Petrol,Individual,Manual,First Owner,17.57,1193,88.7,5,11
1208,Renault,434999,120000,Diesel,Individual,Manual,First Owner,21.64,1461,84.8,5,13
1209,Ford,210000,100000,Diesel,Individual,Manual,Second Owner,20.0,1399,68.0,5,16
1211,Maruti,160000,120000,Petrol,Individual,Manual,Second Owner,15.0,1586,104.68,5,19
1212,Maruti,650000,70000,Petrol,Individual,Manual,Second Owner,17.5,1373,91.1,7,9
1214,Hyundai,320000,72000,Petrol,Individual,Manual,First Owner,18.6,1197,81.83,5,12
1215,Renault,290000,50000,Petrol,Individual,Manual,First Owner,23.01,999,67.0,5,9
1217,Tata,80000,30000,Petrol,Individual,Manual,First Owner,25.4,624,37.48,4,13
1218,Tata,1100000,20000,Diesel,Individual,Manual,First Owner,14.1,2159,147.94,7,9
1219,Maruti,600000,110000,Diesel,Individual,Manual,First Owner,26.21,1248,88.5,5,11
1220,Renault,340000,25000,Petrol,Individual,Manual,First Owner,25.17,799,53.3,5,9
1221,Toyota,750000,120000,Diesel,Individual,Manual,First Owner,12.99,2159,100.6,7,12
1222,Maruti,100000,40000,Petrol,Individual,Manual,First Owner,19.7,796,46.3,5,20
1223,Renault,395000,10000,Petrol,Individual,Manual,First Owner,25.17,799,53.3,5,7
1224,Maruti,200000,65000,Petrol,Individual,Manual,First Owner,18.9,1061,67.0,5,16
1225,Maruti,450000,10000,Other,Individual,Manual,First Owner,21.94,1196,61.7,5,7
1226,Mahindra,180000,110000,Petrol,Individual,Manual,Second Owner,13.87,1390,75.0,5,14
1227,Mahindra,190000,120000,Diesel,Individual,Manual,Second Owner,13.6,2159,63.0,7,18
1228,Maruti,310000,72000,Petrol,Individual,Manual,First Owner,15.37,1196,73.0,5,11
1229,Maruti,351000,89100,Diesel,Individual,Manual,Second Owner,23.2,1248,73.94,5,12
1230,Chevrolet,190000,94000,Petrol,Individual,Manual,Second Owner,17.4,1599,104.0,5,20
1231,Hyundai,225000,120000,Petrol,Individual,Manual,Second Owner,21.1,814,55.2,5,11
1232,Chevrolet,130000,110000,Petrol,Individual,Manual,First Owner,16.2,995,62.1,5,14
1233,Maruti,1000000,50000,Diesel,Individual,Manual,First Owner,28.09,1248,88.5,5,8
1234,Tata,55000,90000,Diesel,Individual,Manual,Higher,16.8,1405,62.0,5,22
1235,Chevrolet,330000,23000,Petrol,Individual,Manual,First Owner,18.2,1199,82.4,5,12
1236,Maruti,166000,50000,Petrol,Individual,Manual,First Owner,16.8,796,34.2,5,13
1237,Mahindra,200000,186062,Diesel,Individual,Manual,First Owner,14.0,2159,112.0,8,13
1238,Maruti,140000,50000,Petrol,Individual,Manual,Higher,20.92,998,67.1,5,15
1239,Maruti,370000,140000,Other,Individual,Manual,First Owner,21.94,1196,61.7,5,9
1240,Hyundai,720000,16000,Petrol,Individual,Automatic,First Owner,17.4,1197,81.86,5,7
1241,Hyundai,500000,126000,Diesel,Individual,Manual,First Owner,21.19,1396,88.73,5,11
1242,Hyundai,570000,15000,Petrol,Individual,Manual,First Owner,20.14,1197,81.86,5,7
1243,Maruti,210000,186062,Petrol,Individual,Manual,First Owner,17.5,1197,85.8,5,16
1244,Maruti,120000,120000,Petrol,Individual,Manual,First Owner,19.7,796,46.3,5,17
1245,Hyundai,95000,120000,Petrol,Individual,Manual,Higher,15.3,1341,83.0,5,21
1246,Hyundai,196000,110000,Petrol,Individual,Automatic,Higher,16.95,1197,78.9,5,16
1247,Maruti,392000,38000,Petrol,Individual,Manual,First Owner,15.37,1196,73.0,5,10
1248,Tata,150000,104000,Petrol,Individual,Manual,First Owner,15.0,1368,90.0,5,16
1249,Honda,595000,120000,Petrol,Individual,Manual,First Owner,15.4,1497,117.3,7,9
1250,Maruti,833000,35000,Diesel,Individual,Automatic,First Owner,24.3,1248,88.5,5,8
1251,Maruti,280000,186062,Diesel,Individual,Manual,First Owner,22.9,1248,74.0,5,15
1252,Maruti,35000,35000,Petrol,Individual,Manual,Second Owner,16.1,796,37.0,4,23
1253,Maruti,180000,85000,Diesel,Individual,Manual,Higher,21.1,1248,73.9,5,17
1254,Maruti,225000,80000,Petrol,Individual,Manual,First Owner,18.9,998,67.1,5,14
1255,Others,1320000,50000,Diesel,Individual,Automatic,First Owner,14.84,2143,152.925,5,14
1256,Hyundai,340000,40000,Diesel,Individual,Manual,First Owner,23.0,1396,90.0,5,17
1257,Toyota,550000,186062,Diesel,Individual,Manual,First Owner,12.8,2159,102.0,8,16
1258,Maruti,400000,65000,Petrol,Individual,Manual,Second Owner,20.51,998,67.04,5,9
1259,Hyundai,90000,100000,Petrol,Individual,Manual,Higher,15.3,1341,83.0,5,20
1260,Maruti,650000,84000,Diesel,Individual,Manual,First Owner,28.09,1248,88.5,5,11
1261,Toyota,730000,186062,Diesel,Individual,Manual,First Owner,12.99,2159,100.0,7,14
1262,Chevrolet,125000,60000,Petrol,Individual,Manual,First Owner,15.26,1150,74.9,5,16
1263,Hyundai,81000,100000,Petrol,Individual,Manual,Higher,15.3,1341,83.0,5,20
1264,Maruti,170000,78000,Petrol,Individual,Manual,Second Owner,16.1,1298,88.2,5,19
1265,Honda,81000,161000,Petrol,Individual,Manual,Higher,13.0,1493,100.0,5,24
1266,Maruti,95000,70000,Petrol,Individual,Manual,Higher,19.7,796,46.3,5,21
1267,Tata,55000,50000,Petrol,Individual,Manual,Higher,26.0,624,35.0,4,16
1268,Renault,880000,65000,Diesel,Individual,Manual,First Owner,19.98,1461,108.5,8,9
1269,Renault,200000,50000,Petrol,Individual,Manual,First Owner,25.17,799,53.3,5,11
1270,Maruti,480000,25000,Petrol,Individual,Manual,First Owner,20.52,1197,81.8,5,7
1271,Mahindra,480000,100000,Diesel,Individual,Manual,First Owner,15.96,2159,62.1,9,13
1272,Hyundai,700000,6000,Petrol,Individual,Manual,First Owner,18.6,1197,81.83,5,8
1273,Honda,850000,72113,Diesel,Individual,Manual,First Owner,21.9,1498,98.6,7,10
1274,Tata,300000,40000,Diesel,Individual,Manual,First Owner,23.57,1396,70.0,5,14
1275,Hyundai,650000,8000,Petrol,Individual,Manual,First Owner,18.6,1197,81.83,5,9
1276,Maruti,220000,20000,Petrol,Individual,Manual,First Owner,21.1,1197,85.8,5,16
1277,Tata,300000,45000,Diesel,Individual,Manual,First Owner,19.09,1405,69.01,5,12
1278,Maruti,450000,80000,Diesel,Individual,Manual,First Owner,23.4,1248,74.0,5,12
1279,Maruti,400000,90000,Diesel,Individual,Manual,First Owner,25.2,1248,74.0,5,12
1280,Maruti,1030000,25000,Diesel,Individual,Manual,First Owner,25.1,1248,88.5,5,8
1281,Tata,190000,100000,Diesel,Individual,Manual,Second Owner,18.8,1248,90.0,5,16
1282,Ford,140000,60000,Petrol,Individual,Manual,Second Owner,16.6,1388,68.0,5,20
1283,Hyundai,800000,30000,Diesel,Individual,Manual,First Owner,21.19,1396,88.76,5,8
1284,Mahindra,229999,120000,Diesel,Individual,Manual,Higher,10.5,2159,120.0,7,19
1285,Tata,300000,80000,Diesel,Individual,Manual,Second Owner,13.93,2159,138.03,7,15
1286,Volkswagen,375000,69000,Diesel,Individual,Manual,Second Owner,20.54,1598,103.6,5,15
1287,Chevrolet,140000,75000,Petrol,Individual,Manual,First Owner,18.6,1199,79.4,5,16
1288,Maruti,60000,113000,Petrol,Individual,Manual,Second Owner,19.7,796,46.3,5,22
1289,Hyundai,420000,90000,Diesel,Individual,Manual,Second Owner,24.4,1120,71.01,5,12
1290,Renault,300000,100000,Diesel,Individual,Manual,Higher,23.08,1461,63.12,5,14
1291,Tata,150000,110000,Diesel,Individual,Manual,First Owner,22.3,1248,74.0,5,14
1292,Ford,600000,90000,Diesel,Individual,Manual,First Owner,22.77,1498,98.59,5,11
1293,Ford,204999,100000,Diesel,Individual,Manual,Second Owner,20.0,1399,68.0,5,15
1294,Hyundai,625000,50000,Diesel,Individual,Manual,First Owner,25.4,1186,73.97,5,9
1295,Others,280000,186062,Diesel,Individual,Manual,First Owner,20.5,1248,91.7,5,15
1296,Hyundai,1050000,146000,Diesel,Individual,Automatic,Second Owner,13.01,2159,152.925,7,12
1297,Chevrolet,250000,80000,Petrol,Individual,Manual,Second Owner,12.9,1598,102.5,5,17
1298,Tata,535000,96443,Diesel,Individual,Manual,Second Owner,11.57,2159,138.1,7,16
1299,Honda,400000,100000,Petrol,Individual,Automatic,Second Owner,11.7,2159,152.925,5,17
1300,Maruti,610000,10000,Petrol,Individual,Automatic,First Owner,21.21,1197,81.8,5,7
1301,Maruti,509999,110000,Diesel,Individual,Manual,First Owner,23.4,1248,74.0,5,12
1302,Tata,521000,86000,Diesel,Individual,Manual,Second Owner,14.0,2159,138.1,7,12
1303,Maruti,511000,100000,Diesel,Individual,Manual,First Owner,23.4,1248,74.0,5,12
1304,Hyundai,451000,91000,Diesel,Individual,Manual,First Owner,22.54,1396,88.73,5,12
1305,Hyundai,170000,100000,Petrol,Individual,Manual,First Owner,20.36,1197,78.9,5,17
1306,Maruti,450000,120000,Diesel,Individual,Manual,Second Owner,23.4,1248,74.0,5,13
1307,Honda,375000,90000,Petrol,Individual,Manual,Second Owner,17.0,1497,118.0,5,15
1308,Maruti,305000,60000,Petrol,Individual,Manual,Second Owner,22.74,796,47.3,5,10
1309,Renault,315000,51500,Petrol,Individual,Manual,First Owner,25.17,799,53.3,5,10
1310,Chevrolet,250000,60000,Diesel,Individual,Manual,Second Owner,22.1,1248,74.0,5,10
1311,Ford,200000,104500,Diesel,Individual,Manual,Second Owner,20.0,1399,68.0,5,14
1312,Ford,950000,30000,Diesel,Individual,Manual,First Owner,23.0,1498,98.96,5,8
1313,Renault,400000,120000,Diesel,Individual,Manual,Higher,19.01,1461,108.45,5,14
1314,Maruti,509999,100000,Diesel,Individual,Manual,Second Owner,22.9,1248,74.0,5,12
1315,Honda,375000,90000,Petrol,Individual,Manual,Higher,13.5,1799,130.0,5,18
1316,Maruti,150000,150000,Petrol,Individual,Manual,Higher,18.9,998,67.1,5,21
1317,Maruti,75000,60000,Petrol,Individual,Automatic,First Owner,18.9,998,67.1,5,20
1318,Hyundai,465000,50000,Petrol,Individual,Manual,Second Owner,17.43,1396,105.5,5,11
1319,Hyundai,700000,10000,Diesel,Individual,Manual,First Owner,24.0,1186,73.97,5,7
1320,Mahindra,950000,120000,Diesel,Individual,Manual,Higher,15.4,1997,120.0,7,11
1321,Hyundai,610000,40000,Petrol,Individual,Manual,First Owner,18.6,1197,81.83,5,9
1323,Maruti,235000,50000,Petrol,Individual,Manual,First Owner,22.74,796,47.3,5,12
1324,Maruti,330000,90000,Petrol,Individual,Manual,First Owner,15.37,1196,73.0,5,9
1325,Others,472000,90000,Diesel,Individual,Manual,First Owner,20.45,1461,83.8,5,12
1326,Maruti,585000,10000,Petrol,Individual,Manual,First Owner,21.21,1197,81.8,5,7
1327,Mahindra,500000,10000,Diesel,Individual,Manual,First Owner,23.5,909,45.0,8,8
1328,Maruti,360000,27000,Petrol,Individual,Manual,First Owner,23.95,998,67.05,5,7
1329,Maruti,649000,70000,Diesel,Individual,Manual,First Owner,26.59,1248,74.0,5,10
1330,Maruti,200000,50000,Petrol,Individual,Manual,First Owner,16.8,796,34.2,5,9
1332,Hyundai,400000,110000,Diesel,Individual,Manual,First Owner,24.0,1120,70.0,5,12
1333,Maruti,250000,100000,Diesel,Individual,Manual,Second Owner,27.62,793,47.0,5,11
1334,Mahindra,1200000,50000,Diesel,Individual,Manual,First Owner,17.3,1497,121.0,7,8
1335,Maruti,250000,105000,Diesel,Individual,Manual,Second Owner,17.8,1248,75.0,5,17
1336,Toyota,819999,110000,Diesel,Individual,Manual,First Owner,12.99,2159,100.6,8,13
1337,Mahindra,800000,60000,Diesel,Individual,Manual,Second Owner,15.1,2159,140.0,7,12
1338,Ford,429000,49102,Petrol,Dealer,Manual,Second Owner,18.88,999,123.37,5,13
1339,Hyundai,150000,60000,Petrol,Individual,Manual,Higher,17.92,1086,62.1,5,16
1341,Chevrolet,170000,90000,Diesel,Individual,Manual,First Owner,25.44,936,57.6,5,14
1342,Honda,335000,33033,Petrol,Dealer,Manual,First Owner,19.4,1198,86.8,5,12
1343,Hyundai,465000,63063,Petrol,Dealer,Automatic,First Owner,18.9,1197,82.0,5,11
1344,Renault,360000,81000,Diesel,Individual,Manual,Second Owner,19.01,1461,108.45,5,13
1345,Hyundai,570000,80000,Diesel,Individual,Manual,First Owner,25.4,1186,73.97,5,8
1346,Renault,350000,105000,Diesel,Individual,Manual,Second Owner,19.01,1461,108.45,5,14
1348,Maruti,700000,186062,Petrol,Individual,Manual,First Owner,17.5,1373,91.1,7,9
1349,Renault,375000,100000,Diesel,Individual,Manual,Second Owner,19.01,1461,108.45,5,14
1350,Maruti,450000,60000,Other,Individual,Manual,First Owner,21.94,1196,61.7,5,7
1351,Hyundai,325000,70000,Diesel,Individual,Manual,Higher,21.9,1396,88.76,5,13
1352,Volkswagen,260000,120000,Diesel,Individual,Manual,Higher,20.54,1598,103.6,5,15
1353,Maruti,130000,80000,Petrol,Individual,Manual,Higher,19.7,796,46.3,5,17
1354,Tata,150000,120000,Diesel,Individual,Manual,Higher,11.57,2159,138.1,7,18
1355,Hyundai,220000,40000,Petrol,Individual,Manual,First Owner,17.92,1086,62.1,5,12
1356,Hyundai,275000,53000,Petrol,Individual,Manual,First Owner,20.36,1197,78.9,5,12
1357,Maruti,455000,60000,Diesel,Individual,Manual,First Owner,25.2,1248,74.0,5,9
1358,Hyundai,570000,30000,Petrol,Individual,Manual,First Owner,18.6,1197,81.83,5,9
1359,Volkswagen,330000,100000,Diesel,Individual,Manual,Higher,20.54,1598,103.6,5,13
1360,Toyota,1320000,70000,Diesel,Individual,Manual,First Owner,13.68,2159,147.8,7,8
1361,Maruti,450000,98000,Diesel,Individual,Manual,Higher,20.77,1248,88.8,7,14
1362,Hyundai,250000,60000,Petrol,Individual,Manual,First Owner,21.1,814,55.2,5,12
1363,Hyundai,165000,80000,Petrol,Individual,Manual,Higher,20.36,1197,78.9,5,16
1364,Mahindra,800000,117000,Diesel,Dealer,Automatic,First Owner,11.18,2159,152.925,7,13
1365,Honda,680000,8576,Petrol,Dealer,Manual,First Owner,18.7,1199,88.7,5,8
1366,Tata,525000,19723,Petrol,Dealer,Automatic,First Owner,20.3,1199,84.0,5,9
1367,Honda,825000,21446,Petrol,Dealer,Manual,First Owner,16.8,1497,116.3,5,10
1368,Maruti,750000,52289,Diesel,Dealer,Manual,First Owner,25.1,1248,88.5,5,9
1369,Mahindra,950000,52236,Diesel,Dealer,Manual,First Owner,15.4,2159,120.0,7,9
1370,Mahindra,950000,54470,Diesel,Dealer,Manual,First Owner,15.4,2159,120.0,7,9
1371,Hyundai,675000,25471,Diesel,Dealer,Manual,First Owner,21.9,1396,90.0,5,9
1372,Tata,490000,33928,Petrol,Dealer,Manual,First Owner,23.84,1199,84.48,5,7
1373,Mahindra,775000,59736,Diesel,Dealer,Manual,First Owner,18.49,1493,100.0,7,8
1374,Honda,350000,54290,Petrol,Dealer,Manual,First Owner,17.0,1497,118.0,5,17
1375,Honda,475000,2118,Petrol,Dealer,Manual,First Owner,19.4,1198,86.8,5,10
1376,Mahindra,950000,61379,Diesel,Dealer,Manual,First Owner,15.4,2159,120.0,7,9
1377,Honda,350000,58544,Petrol,Dealer,Manual,Second Owner,17.4,1497,117.3,5,16
1378,Maruti,400000,74381,Petrol,Dealer,Manual,First Owner,21.79,998,67.05,5,10
1379,Maruti,75000,35000,Petrol,Individual,Manual,Higher,16.1,796,37.0,4,25
1380,Ford,850000,63982,Diesel,Dealer,Manual,First Owner,22.7,1498,89.84,5,9
1381,Maruti,175000,65000,Petrol,Dealer,Manual,Second Owner,18.9,998,67.1,5,18
1382,Mahindra,570000,74000,Diesel,Dealer,Manual,First Owner,15.96,2159,62.1,7,12
1383,Renault,525000,56429,Diesel,Dealer,Manual,Second Owner,19.01,1461,108.45,5,13
1384,Hyundai,270000,56000,Petrol,Individual,Manual,First Owner,20.36,1197,78.9,5,14
1385,Hyundai,434999,19500,Petrol,Dealer,Manual,First Owner,20.3,1086,68.07,5,7
1386,Hyundai,495000,30000,Petrol,Dealer,Manual,First Owner,18.6,1197,81.83,5,11
1387,Hyundai,575000,53000,Diesel,Dealer,Manual,First Owner,22.54,1396,88.73,5,10
1388,Hyundai,600000,5000,Petrol,Individual,Manual,First Owner,20.14,1197,81.86,5,9
1389,Hyundai,700000,25000,Petrol,Individual,Manual,First Owner,17.01,1591,121.4,5,11
1390,Honda,560000,72000,Diesel,Dealer,Manual,First Owner,26.0,1498,98.6,5,12
1392,Mahindra,250000,80000,Diesel,Individual,Manual,First Owner,13.6,2159,63.0,7,21
1393,Others,409999,29000,Petrol,Individual,Manual,Second Owner,15.0,1598,103.5,5,13
1394,Others,495000,56832,Diesel,Dealer,Manual,First Owner,19.87,1461,83.14,5,10
1395,Hyundai,470000,30528,Petrol,Dealer,Manual,First Owner,18.6,1197,81.86,5,12
1396,Honda,350000,65285,Diesel,Dealer,Manual,First Owner,24.7,1498,98.63,5,13
1397,Toyota,1320000,20102,Diesel,Dealer,Manual,First Owner,13.68,2159,147.51,8,6
1398,Honda,480000,43000,Petrol,Dealer,Manual,First Owner,18.7,1199,88.7,5,11
1399,Toyota,270000,52380,Diesel,Dealer,Manual,First Owner,23.59,1364,67.04,5,13
1400,Mahindra,660000,74250,Diesel,Dealer,Manual,First Owner,21.0,1498,74.96,7,8
1401,Maruti,490000,57247,Petrol,Dealer,Automatic,First Owner,20.89,1197,81.8,5,9
1402,Maruti,800000,52000,Diesel,Individual,Manual,First Owner,24.3,1248,88.5,5,9
1403,Others,350000,47000,Petrol,Individual,Manual,Second Owner,16.95,1498,97.7,5,15
1404,Ford,170000,80000,Diesel,Individual,Manual,Higher,17.8,1399,68.0,5,15
1405,Tata,125000,85000,Diesel,Individual,Manual,Second Owner,18.0,1248,75.0,5,15
1406,Maruti,400000,100000,Diesel,Individual,Manual,First Owner,19.3,1248,73.9,5,14
1407,Others,250000,110000,Petrol,Individual,Manual,First Owner,16.95,1498,97.7,5,15
1408,Others,190000,178000,Diesel,Individual,Manual,Second Owner,20.4,1248,91.7,5,16
1409,Maruti,125000,120000,Petrol,Individual,Manual,Higher,19.7,796,46.3,5,16
1410,Others,1320000,70000,Diesel,Individual,Manual,First Owner,16.3,1956,152.925,5,9
1411,Others,1300000,120000,Diesel,Individual,Automatic,First Owner,12.8,1968,152.925,5,15
1412,Toyota,786000,155000,Diesel,Individual,Manual,Higher,12.8,2159,102.0,8,16
1413,Maruti,335000,30000,Petrol,Individual,Manual,First Owner,20.51,998,67.04,5,11
1414,Maruti,114999,60000,Petrol,Individual,Manual,Higher,18.9,1061,67.0,5,17
1415,Volkswagen,229999,70000,Diesel,Individual,Manual,Higher,22.07,1199,73.9,5,14
1416,Hyundai,731000,40000,Diesel,Individual,Manual,First Owner,22.54,1396,88.73,5,9
1417,Hyundai,395000,120000,Diesel,Individual,Manual,First Owner,22.32,1582,126.32,5,14
1418,Maruti,500000,120000,Diesel,Individual,Manual,First Owner,26.59,1248,74.0,5,11
1419,Hyundai,220000,50000,Petrol,Individual,Manual,Higher,21.1,814,55.2,5,12
1420,Ford,240000,100000,Diesel,Individual,Manual,First Owner,20.0,1399,68.1,5,13
1421,Hyundai,215000,120000,Diesel,Individual,Manual,Higher,23.0,1396,90.0,5,16
1422,Maruti,400000,90000,Diesel,Individual,Manual,Second Owner,22.9,1248,74.0,5,14
1423,Maruti,191000,90000,Petrol,Individual,Manual,First Owner,19.0,998,67.1,5,14
1424,Mahindra,351000,100000,Diesel,Individual,Manual,Second Owner,14.0,2159,112.0,8,13
1425,Tata,250000,20000,Petrol,Individual,Automatic,First Owner,21.9,624,37.48,4,11
1426,Hyundai,210000,90000,Diesel,Individual,Manual,Second Owner,18.1,1493,110.0,5,17
1427,Toyota,300000,120000,Petrol,Individual,Manual,Higher,17.6,1496,88.7,5,15
1428,Ford,700000,35000,Diesel,Individual,Manual,First Owner,25.83,1498,99.0,5,9
1429,Hyundai,500000,120000,Diesel,Individual,Manual,Second Owner,11.8,1991,150.0,5,16
1430,Maruti,120000,120000,Petrol,Individual,Manual,First Owner,16.1,796,37.0,4,24
1431,Hyundai,850000,10000,Diesel,Individual,Manual,First Owner,22.54,1396,88.76,5,7
1433,Honda,770000,65000,Diesel,Individual,Manual,Second Owner,25.5,1498,98.6,5,9
1434,Honda,245000,90000,Petrol,Individual,Manual,Higher,13.5,1799,130.0,5,19
1435,Maruti,250000,90000,Petrol,Individual,Manual,First Owner,20.92,998,67.1,5,14
1436,Hyundai,651000,42323,Diesel,Dealer,Manual,First Owner,21.19,1396,88.76,5,10
1437,Honda,480000,42462,Petrol,Dealer,Manual,First Owner,16.8,1497,116.3,5,13
1438,Maruti,470000,54723,Diesel,Dealer,Manual,First Owner,25.2,1248,74.0,5,11
1439,Honda,500000,30000,Diesel,Individual,Manual,First Owner,27.3,1498,98.6,5,10
1440,Others,1075000,42545,Diesel,Dealer,Automatic,First Owner,19.62,1998,152.925,5,15
1441,Maruti,690000,32000,Diesel,Dealer,Manual,First Owner,25.1,1248,88.5,5,10
1444,Maruti,480000,20375,Petrol,Dealer,Manual,First Owner,20.89,1197,81.8,5,8
1445,Maruti,450000,43978,Diesel,Dealer,Manual,Second Owner,28.4,1248,74.0,5,13
1446,Maruti,770000,50000,Diesel,Individual,Manual,First Owner,24.3,1248,88.5,5,8
1447,Mahindra,445000,40200,Diesel,Dealer,Manual,First Owner,21.0,1498,74.96,7,11
1448,Hyundai,700000,30000,Petrol,Individual,Manual,First Owner,18.6,1197,81.83,5,8
1449,Maruti,560000,90000,Diesel,Individual,Manual,First Owner,20.77,1248,88.8,7,12
1450,Ford,475000,48000,Diesel,Dealer,Manual,Second Owner,21.7,1498,98.96,5,13
1451,Honda,465000,27233,Diesel,Dealer,Manual,First Owner,27.4,1498,98.63,5,12
1452,Maruti,520000,28832,Diesel,Dealer,Manual,First Owner,23.4,1248,74.0,5,9
1453,Tata,225000,35000,Petrol,Individual,Manual,First Owner,15.0,1368,90.0,5,15
1454,Maruti,700000,35000,Petrol,Individual,Manual,First Owner,16.02,1373,93.7,7,11
1455,Maruti,780000,40000,Diesel,Individual,Manual,First Owner,24.3,1248,88.5,5,9
1456,Honda,93150,80000,Petrol,Individual,Manual,Second Owner,17.7,1497,78.0,5,20
1457,Mahindra,403000,30000,Diesel,Individual,Manual,Second Owner,17.21,1493,100.0,7,10
1458,Hyundai,229999,50000,Petrol,Individual,Manual,Second Owner,19.81,1086,68.05,5,17
1459,Maruti,525000,40000,Diesel,Individual,Manual,Second Owner,26.59,1248,74.0,5,10
1460,Maruti,560000,25000,Petrol,Individual,Manual,First Owner,16.02,1373,93.7,7,12
1461,Mahindra,830000,120000,Diesel,Individual,Manual,First Owner,15.1,2159,152.87,7,6
1462,Maruti,250000,60000,Diesel,Individual,Manual,Second Owner,21.1,1248,73.9,5,15
1463,Mahindra,450000,110000,Diesel,Individual,Manual,First Owner,15.96,2159,63.0,9,12
1464,Mahindra,745000,67000,Diesel,Individual,Manual,First Owner,15.4,1997,120.0,7,10
1465,Ford,144000,50000,Diesel,Individual,Manual,Second Owner,20.0,1399,68.0,5,16
1466,Maruti,120000,40000,Petrol,Individual,Manual,First Owner,18.2,1061,64.0,5,18
1467,Tata,300000,120000,Diesel,Individual,Manual,Second Owner,11.57,2159,138.1,7,18
1468,Maruti,52000,100000,Petrol,Individual,Manual,First Owner,16.1,796,37.0,4,27
1469,Mahindra,300000,98000,Diesel,Individual,Manual,First Owner,10.5,2159,120.0,8,23
1470,Mahindra,270000,150000,Diesel,Individual,Manual,Second Owner,13.6,2159,63.0,7,17
1471,Chevrolet,260000,38000,Diesel,Individual,Manual,First Owner,22.1,1248,74.0,5,12
1472,Toyota,475000,120000,Diesel,Individual,Manual,First Owner,23.59,1364,67.05,5,11
1473,Ford,302000,103000,Diesel,Individual,Manual,Higher,20.0,1399,68.0,5,15
1474,Maruti,45000,60000,Petrol,Individual,Manual,First Owner,16.1,796,37.0,4,32
1475,Maruti,775000,80000,Diesel,Individual,Manual,First Owner,24.3,1248,88.5,5,9
1476,Maruti,700000,50000,Diesel,Individual,Manual,First Owner,20.77,1248,88.76,7,11
1477,Maruti,530000,90000,Diesel,Individual,Manual,First Owner,25.2,1248,74.0,5,12
1478,Tata,869999,70000,Diesel,Individual,Manual,First Owner,21.5,1497,108.5,5,9
1479,Hyundai,155000,110000,Diesel,Individual,Manual,Higher,14.9,1991,112.2,5,20
1480,Tata,550000,30000,Petrol,Individual,Automatic,First Owner,23.84,1199,83.83,5,7
1481,Maruti,600000,80000,Diesel,Individual,Manual,Second Owner,26.59,1248,74.0,5,10
1482,Maruti,430000,110000,Diesel,Individual,Manual,Second Owner,19.3,1248,73.9,5,14
1483,Tata,246000,120000,Diesel,Individual,Manual,First Owner,18.8,1248,90.0,5,16
1484,Maruti,120000,120000,Petrol,Individual,Manual,Higher,17.3,993,60.0,5,23
1485,Hyundai,565000,70000,Petrol,Individual,Manual,Second Owner,18.6,1197,81.83,5,12
1486,Hyundai,850000,60000,Diesel,Individual,Manual,First Owner,22.54,1396,88.76,5,8
1487,Maruti,160000,90000,Petrol,Individual,Manual,First Owner,19.7,796,46.3,5,20
1488,Others,325000,142500,Diesel,Individual,Manual,First Owner,19.5,1248,75.0,5,12
1489,Mahindra,450000,90000,Diesel,Individual,Manual,Higher,12.05,2159,120.0,8,15
1490,Hyundai,310000,50000,Petrol,Individual,Manual,First Owner,19.81,1086,68.05,5,11
1491,Honda,250000,90000,Diesel,Individual,Manual,Higher,25.8,1498,98.6,5,13
1492,Maruti,420000,115000,Diesel,Individual,Manual,Second Owner,26.59,1248,74.0,5,11
1493,Hyundai,330000,150000,Petrol,Individual,Automatic,Second Owner,15.0,1396,98.6,5,13
1494,Maruti,405000,68000,Petrol,Individual,Manual,Second Owner,20.4,1197,81.8,5,11
1495,Mahindra,400000,90000,Diesel,Individual,Manual,Second Owner,15.96,2159,62.1,7,13
1496,Honda,409999,110000,Petrol,Individual,Automatic,Higher,15.6,1497,116.3,5,16
1497,Mahindra,500000,70000,Diesel,Individual,Manual,Second Owner,15.96,2159,62.1,7,13
1498,Mahindra,590000,80000,Diesel,Individual,Manual,Higher,15.1,2159,140.0,7,15
1500,Hyundai,135000,100000,Petrol,Individual,Manual,Second Owner,19.81,1086,68.05,5,19
1501,Maruti,70000,70000,Petrol,Individual,Manual,Second Owner,18.9,998,67.1,5,22
1502,Maruti,45000,77000,Petrol,Individual,Manual,Higher,16.1,796,37.0,4,22
1503,Maruti,650000,35500,Diesel,Individual,Manual,First Owner,28.4,1248,74.02,5,8
1504,Maruti,400000,17500,Petrol,Individual,Manual,First Owner,20.51,998,67.04,5,8
1505,Maruti,350000,27000,Petrol,Individual,Manual,First Owner,23.95,998,67.05,5,9
1506,Hyundai,550000,60000,Diesel,Individual,Manual,First Owner,24.0,1186,73.97,5,9
1507,Maruti,350000,25000,Petrol,Individual,Manual,First Owner,20.51,998,67.04,5,10
1508,Maruti,459999,80000,Diesel,Individual,Manual,First Owner,26.59,1248,74.0,5,11
1509,Maruti,185000,60000,Petrol,Individual,Manual,Second Owner,19.7,796,46.3,5,14
1510,Volkswagen,550000,38000,Diesel,Individual,Manual,First Owner,22.07,1199,73.9,5,13
1511,Maruti,300000,100000,Other,Individual,Manual,Second Owner,26.2,998,58.2,5,14
1513,Toyota,900000,110000,Diesel,Individual,Manual,First Owner,12.8,2159,102.0,8,15
1514,Honda,900000,92000,Diesel,Individual,Manual,First Owner,21.9,1498,98.6,7,10
1515,Mahindra,550000,180000,Diesel,Individual,Manual,Higher,15.96,2159,62.1,9,14
1516,Maruti,625000,10000,Petrol,Individual,Manual,First Owner,21.4,1197,83.1,5,8
1517,Maruti,310000,35000,Petrol,Individual,Manual,Second Owner,24.7,796,47.3,5,9
1518,Maruti,500000,35000,Diesel,Individual,Manual,First Owner,28.4,1248,74.0,5,9
1519,Hyundai,610000,23000,Diesel,Individual,Manual,First Owner,24.0,1120,70.0,5,10
1520,Tata,150000,150000,Diesel,Individual,Manual,Higher,19.09,1396,69.0,5,14
1521,Hyundai,480000,70000,Diesel,Individual,Manual,First Owner,24.4,1120,71.0,5,11
1522,Hyundai,650000,40000,Petrol,Individual,Manual,First Owner,18.6,1197,81.83,5,9
1523,Hyundai,290000,100000,Diesel,Individual,Manual,Second Owner,21.9,1396,90.0,5,14
1524,Maruti,300000,50000,Petrol,Individual,Manual,Second Owner,24.7,796,47.3,5,9
1525,Maruti,270000,120000,Diesel,Individual,Manual,Higher,19.3,1248,73.9,5,16
1526,Hyundai,400000,60000,Diesel,Individual,Manual,Second Owner,24.4,1120,71.0,5,11
1527,Maruti,280000,28000,Petrol,Individual,Manual,Second Owner,22.74,796,47.3,5,11
1528,Maruti,250000,60000,Petrol,Individual,Manual,Higher,17.5,1298,85.8,5,17
1529,Maruti,495000,80000,Diesel,Individual,Manual,Second Owner,19.3,1248,73.9,5,14
1530,Ford,1320000,12000,Diesel,Individual,Automatic,First Owner,10.91,2159,152.925,7,8
1531,Honda,700000,4500,Petrol,Individual,Manual,First Owner,19.5,1199,88.76,5,7
1532,Tata,310000,70000,Diesel,Individual,Manual,First Owner,25.0,1396,69.0,5,13
1533,Renault,650000,120000,Diesel,Individual,Manual,First Owner,19.87,1461,83.8,5,9
1534,Honda,600000,80000,Petrol,Individual,Automatic,First Owner,19.0,1199,88.7,5,11
1535,Tata,150000,150000,Diesel,Individual,Manual,Higher,11.57,2159,138.1,7,17
1536,Mahindra,135000,120000,Petrol,Individual,Manual,First Owner,15.7,1390,75.0,5,17
1537,Maruti,650000,50000,Diesel,Individual,Manual,First Owner,23.4,1248,74.0,5,12
1538,Honda,550000,83000,Petrol,Individual,Manual,First Owner,16.8,1497,116.3,5,14
1539,Maruti,650000,20000,Diesel,Individual,Manual,First Owner,28.4,1248,74.02,5,9
1540,Toyota,1320000,49000,Diesel,Individual,Automatic,First Owner,12.9,2159,152.925,7,8
1541,Honda,450000,6750,Petrol,Individual,Manual,First Owner,18.5,1198,86.8,5,9
1542,Maruti,650000,26000,Petrol,Individual,Manual,First Owner,20.73,1373,91.1,5,11
1543,Hyundai,430000,52000,Petrol,Individual,Manual,First Owner,17.0,1197,81.86,5,9
1544,Hyundai,1143000,51000,Diesel,Individual,Automatic,First Owner,17.01,1582,126.2,5,9
1545,Maruti,700000,20000,Petrol,Individual,Automatic,First Owner,22.0,1197,81.8,5,7
1546,Maruti,229999,18500,Petrol,Individual,Manual,First Owner,18.5,1197,85.8,5,15
1547,Mahindra,509999,142000,Diesel,Individual,Manual,First Owner,18.49,1493,100.0,7,9
1548,Ford,670000,50478,Petrol,Individual,Manual,First Owner,15.85,1499,110.4,5,10
1549,Tata,525000,9200,Petrol,Individual,Automatic,First Owner,23.84,1199,83.83,5,7
1550,Renault,515000,40000,Diesel,Individual,Manual,First Owner,19.87,1461,83.8,5,10
1551,Maruti,630000,5000,Petrol,Individual,Manual,First Owner,21.01,1197,81.8,5,6
1552,Others,270000,2300,Petrol,Individual,Manual,First Owner,22.7,799,53.64,5,7
1553,Maruti,300000,40000,Petrol,Individual,Manual,First Owner,22.74,796,47.3,5,10
1554,Mahindra,250000,119000,Diesel,Individual,Manual,First Owner,14.0,2159,95.0,8,14
1555,Maruti,90000,100000,Petrol,Individual,Manual,Higher,19.7,796,46.3,5,21
1556,Maruti,750000,100000,Diesel,Individual,Manual,First Owner,24.52,1248,88.5,7,9
1557,Maruti,135000,50000,Petrol,Individual,Manual,Second Owner,18.9,1061,67.0,5,17
1558,Maruti,275000,80000,Petrol,Individual,Manual,Second Owner,15.1,1196,73.0,5,13
1559,Tata,740000,15000,Petrol,Individual,Manual,First Owner,17.0,1198,108.5,5,8
1560,Honda,690000,1303,Petrol,Dealer,Manual,First Owner,17.8,1198,86.7,5,7
1561,Others,1320000,31800,Diesel,Dealer,Automatic,First Owner,17.01,1968,152.925,5,8
1562,Others,1320000,20000,Petrol,Dealer,Automatic,First Owner,22.37,2159,152.925,5,7
1563,Others,1320000,45000,Diesel,Dealer,Automatic,First Owner,19.33,1999,152.925,5,9
1564,Others,1320000,17000,Petrol,Individual,Automatic,First Owner,9.5,2159,152.925,5,9
1565,Toyota,1000000,4295,Petrol,Dealer,Manual,First Owner,17.1,1496,105.5,5,8
1566,Toyota,1000000,5229,Petrol,Dealer,Manual,First Owner,17.1,1496,105.5,5,8
1567,Hyundai,550000,4701,Petrol,Dealer,Manual,First Owner,20.7,1197,81.86,5,7
1568,Maruti,600000,6757,Petrol,Dealer,Manual,First Owner,21.01,1197,81.8,5,10
1569,Others,675000,28182,Petrol,Dealer,Automatic,First Owner,14.3,1598,103.52,5,10
1570,Others,950000,11533,Petrol,Dealer,Manual,First Owner,14.23,1498,104.55,5,7
1571,Honda,850000,11688,Petrol,Dealer,Manual,First Owner,17.8,1497,117.3,5,9
1572,Toyota,1320000,68089,Petrol,Dealer,Automatic,First Owner,19.16,2159,152.925,5,10
1573,Toyota,550000,57728,Petrol,Dealer,Automatic,First Owner,14.53,1794,138.1,5,14
1574,Maruti,925000,23712,Diesel,Dealer,Manual,First Owner,28.09,1248,88.5,5,8
1575,Ford,625000,70670,Petrol,Dealer,Automatic,First Owner,16.5,1499,110.0,5,11
1576,Maruti,200000,43381,Petrol,Dealer,Manual,Second Owner,22.74,796,47.3,5,12
1577,Honda,635000,79011,Petrol,Dealer,Automatic,First Owner,18.0,1497,117.3,5,12
1578,Honda,550000,56494,Petrol,Dealer,Manual,First Owner,18.2,1199,88.7,5,10
1579,Maruti,425000,50000,Diesel,Individual,Manual,Second Owner,21.79,1248,88.73,5,12
1580,Maruti,220000,40000,Petrol,Individual,Manual,First Owner,18.9,998,67.1,5,15
1581,Hyundai,590000,10000,Petrol,Individual,Manual,First Owner,18.9,1197,81.86,5,8
1582,Mahindra,775000,35000,Diesel,Individual,Manual,First Owner,16.55,2159,105.0,6,9
1583,Maruti,350000,58500,Petrol,Individual,Manual,First Owner,18.5,1197,85.8,5,11
1584,Maruti,575000,20000,Petrol,Individual,Manual,First Owner,21.4,1197,83.1,5,8
1585,Others,200000,43500,Petrol,Individual,Manual,Second Owner,18.06,1198,75.0,5,15
1586,Tata,1320000,30000,Diesel,Individual,Manual,First Owner,17.6,2159,152.925,7,8
1587,Ford,600000,63000,Diesel,Individual,Manual,First Owner,22.77,1498,98.59,5,11
1588,Mahindra,720000,35000,Diesel,Individual,Manual,First Owner,15.96,2159,62.1,7,10
1589,Tata,158000,110000,Diesel,Individual,Manual,Second Owner,19.09,1396,69.0,5,14
1590,Tata,1320000,25000,Diesel,Individual,Manual,First Owner,17.6,2159,152.925,7,8
1591,Hyundai,580000,30000,Petrol,Individual,Automatic,First Owner,17.36,1197,81.86,5,9
1592,Mahindra,420000,50000,Diesel,Individual,Manual,First Owner,15.96,2159,62.1,7,14
1593,Mahindra,1200000,35000,Diesel,Individual,Manual,First Owner,17.3,1497,121.0,8,8
1594,Renault,350000,30000,Petrol,Individual,Manual,First Owner,23.01,999,67.0,5,8
1595,Honda,650000,56000,Petrol,Individual,Manual,First Owner,17.4,1497,117.3,5,12
1596,Maruti,400000,12700,Petrol,Individual,Manual,First Owner,20.51,998,67.04,5,9
1597,Tata,700000,35000,Diesel,Individual,Manual,First Owner,21.5,1497,108.5,5,8
1598,Hyundai,520000,30000,Petrol,Individual,Manual,First Owner,19.1,1197,82.0,5,9
1599,Mahindra,450000,120000,Diesel,Individual,Manual,First Owner,12.05,2159,120.0,9,14
1600,Tata,850000,100000,Diesel,Individual,Manual,First Owner,14.1,2159,147.94,7,9
1601,Renault,350000,34000,Petrol,Individual,Manual,First Owner,25.17,799,53.3,5,9
1602,Mahindra,450000,56000,Diesel,Individual,Manual,First Owner,13.0,2159,95.0,8,15
1603,Hyundai,165000,90000,Petrol,Individual,Manual,First Owner,19.81,1086,68.05,5,18
1604,Hyundai,160000,65000,Petrol,Individual,Manual,Second Owner,17.92,1086,62.1,5,16
1605,Tata,300000,80000,Diesel,Individual,Manual,First Owner,13.93,2159,138.0,7,15
1606,Mahindra,550000,90000,Diesel,Individual,Manual,Higher,12.05,2159,120.0,8,14
1607,Maruti,285000,40000,Petrol,Individual,Manual,First Owner,23.95,998,67.05,5,11
1608,Hyundai,850000,58000,Diesel,Individual,Manual,First Owner,19.67,1582,126.2,5,10
1609,Ford,700000,19100,Petrol,Individual,Manual,First Owner,19.0,1194,94.68,5,8
1610,Maruti,900000,25000,Petrol,Individual,Manual,First Owner,19.34,1462,103.0,7,8
1611,Maruti,180000,49455,Petrol,Individual,Manual,First Owner,19.7,796,46.3,5,21
1612,Hyundai,220000,100000,Petrol,Individual,Manual,First Owner,21.1,814,55.2,5,10
1613,Tata,120000,120000,Diesel,Individual,Manual,First Owner,22.3,1248,74.0,5,13
1614,Hyundai,220000,90000,Petrol,Individual,Manual,Higher,17.0,1197,80.0,5,16
1615,Chevrolet,420000,46815,Diesel,Individual,Manual,Second Owner,22.1,1248,76.9,5,13
1616,Tata,160000,110000,Diesel,Individual,Manual,First Owner,19.4,1405,70.0,5,13
1617,Hyundai,250000,80000,Petrol,Individual,Manual,First Owner,21.1,814,55.2,5,11
1618,Maruti,385000,100000,Diesel,Individual,Manual,Higher,20.77,1248,88.8,7,13
1619,Maruti,318000,80000,Petrol,Individual,Manual,First Owner,20.51,998,67.06,5,12
1620,Hyundai,480000,40000,Petrol,Individual,Manual,First Owner,20.14,1197,81.86,5,8
1621,Maruti,330000,70000,Petrol,Individual,Manual,Higher,23.1,998,67.04,5,11
1622,Tata,152000,80000,Diesel,Individual,Manual,First Owner,17.0,1405,71.0,5,15
1623,Maruti,250000,40000,Petrol,Individual,Manual,First Owner,22.74,796,47.3,5,12
1624,Tata,248000,80000,Diesel,Individual,Manual,First Owner,17.0,1405,71.0,5,15
1625,Others,300000,60000,Petrol,Individual,Manual,Second Owner,18.06,1198,75.0,5,15
1626,Hyundai,550000,50000,Petrol,Individual,Manual,First Owner,18.6,1197,81.83,5,9
1627,Hyundai,650000,30000,Diesel,Individual,Manual,First Owner,22.54,1396,88.73,5,10
1628,Hyundai,445000,25000,Petrol,Individual,Manual,First Owner,18.9,1197,82.0,5,9
1629,Toyota,450000,186062,Diesel,Individual,Manual,First Owner,12.8,2159,102.0,7,16
1630,Mahindra,600000,100000,Diesel,Individual,Manual,First Owner,17.45,1493,100.0,7,10
1631,Renault,495000,175000,Diesel,Individual,Manual,First Owner,19.01,1461,108.45,5,12
1632,Maruti,220000,65000,Petrol,Individual,Automatic,Higher,12.6,1586,103.3,5,15
1633,Maruti,260000,65000,Petrol,Individual,Automatic,Higher,12.6,1586,103.3,5,15
1634,Hyundai,150000,90000,Petrol,Individual,Manual,First Owner,17.92,1086,62.1,5,17
1635,Ford,200000,80000,Diesel,Individual,Manual,Second Owner,20.0,1399,68.0,5,15
1636,Mahindra,1320000,110000,Diesel,Individual,Manual,First Owner,16.36,2159,140.0,7,8
1638,Honda,250000,60000,Petrol,Individual,Automatic,Higher,20.0,1339,108.5,5,18
1639,Mahindra,310000,160000,Diesel,Individual,Manual,First Owner,14.95,2159,93.7,7,12
1640,Mahindra,600000,100875,Diesel,Individual,Automatic,First Owner,11.79,2159,120.0,8,16
1641,Maruti,560000,20000,Petrol,Individual,Manual,First Owner,21.4,1197,83.1,5,8
1642,Maruti,500000,30000,Petrol,Individual,Manual,First Owner,20.85,1197,83.14,5,10
1643,Hyundai,270000,118000,Diesel,Individual,Manual,First Owner,24.0,1120,70.0,5,13
1644,Hyundai,420000,69000,Diesel,Individual,Manual,Higher,22.32,1582,126.32,5,13
1645,Maruti,434999,25000,Petrol,Individual,Manual,Second Owner,20.85,1197,83.14,5,11
1646,Hyundai,400000,100000,Petrol,Individual,Automatic,First Owner,16.9,1197,81.86,5,11
1647,Maruti,470000,110000,Diesel,Individual,Manual,First Owner,26.59,1248,74.0,5,11
1648,Others,480000,60000,Diesel,Individual,Manual,Higher,20.45,1461,83.8,5,11
1649,Hyundai,105000,128000,Petrol,Individual,Manual,First Owner,8.470000000000002,1086,62.0,5,18
1650,Tata,325000,120000,Diesel,Individual,Manual,First Owner,27.28,1047,69.0,5,9
1652,Hyundai,675000,5000,Petrol,Individual,Automatic,First Owner,20.7,1197,81.86,5,6
1653,Hyundai,170000,90000,Petrol,Individual,Manual,Second Owner,20.36,1197,78.9,5,17
1654,Hyundai,1250000,90000,Diesel,Individual,Manual,First Owner,19.67,1582,126.2,5,9
1655,Honda,600000,144030,Petrol,Individual,Manual,First Owner,12.8,2159,152.925,5,14
1656,Honda,819999,186062,Diesel,Individual,Manual,First Owner,25.1,1498,98.6,5,12
1657,Hyundai,650000,29000,Petrol,Individual,Manual,First Owner,18.6,1197,81.83,5,10
1658,Maruti,105000,90000,Other,Individual,Manual,Second Owner,17.3,1061,57.5,5,19
1659,Mahindra,200000,176000,Diesel,Individual,Manual,Second Owner,17.0,1461,66.0,5,17
1660,Tata,200000,150000,Diesel,Individual,Manual,First Owner,19.09,1396,69.0,5,13
1661,Maruti,220000,90000,Petrol,Individual,Manual,First Owner,16.8,796,34.2,8,10
1662,Volkswagen,500000,70000,Petrol,Individual,Manual,Second Owner,15.04,1598,103.2,5,12
1663,Mahindra,175000,99000,Diesel,Individual,Manual,Second Owner,19.2,1461,65.0,5,19
1664,Tata,450000,5000,Petrol,Individual,Manual,First Owner,23.84,1199,84.0,5,8
1665,Chevrolet,210000,90000,Diesel,Individual,Manual,Higher,16.52,1991,123.7,5,18
1666,Maruti,270000,89000,Diesel,Individual,Manual,Second Owner,21.1,1248,73.9,5,15
1667,Tata,110000,88000,Diesel,Individual,Manual,Second Owner,16.8,1405,62.0,5,20
1668,Maruti,480000,30000,Diesel,Individual,Manual,First Owner,26.59,1248,74.0,5,11
1669,Maruti,650000,50000,Diesel,Individual,Automatic,Second Owner,26.59,1248,74.0,5,10
1670,Maruti,480000,80000,Diesel,Individual,Manual,First Owner,23.4,1248,74.0,5,13
1671,Hyundai,700000,40000,Diesel,Individual,Manual,First Owner,22.54,1396,88.73,5,10
1672,Maruti,650000,110000,Diesel,Individual,Manual,Higher,20.77,1248,88.76,7,11
1673,Hyundai,1300000,48000,Diesel,Individual,Manual,Second Owner,19.67,1582,126.2,5,11
1674,Volkswagen,1320000,97000,Diesel,Individual,Automatic,First Owner,16.96,1968,138.03,5,10
1675,Volkswagen,1000000,60000,Diesel,Individual,Automatic,First Owner,22.15,1498,108.6,5,10
1676,Others,1320000,110000,Diesel,Individual,Automatic,Higher,8.470000000000002,2159,152.925,5,15
1677,Toyota,1080000,12800,Petrol,Individual,Automatic,First Owner,17.8,1496,105.5,5,8
1678,Hyundai,170000,40000,Petrol,Individual,Manual,First Owner,21.1,814,55.2,5,14
1679,Maruti,610000,49000,Diesel,Individual,Manual,First Owner,28.4,1248,74.0,5,9
1680,Maruti,350000,25000,Petrol,Individual,Manual,First Owner,18.5,1197,85.8,5,12
1681,Maruti,260000,65000,Petrol,Individual,Manual,Second Owner,22.74,796,47.3,5,10
1682,Others,700000,20000,Diesel,Individual,Manual,First Owner,20.4,1248,91.7,5,11
1683,Volkswagen,678000,17000,Petrol,Individual,Manual,First Owner,18.78,999,75.0,5,8
1684,Maruti,800000,15000,Diesel,Individual,Manual,First Owner,23.65,1248,88.5,5,11
1685,Toyota,400000,120000,Diesel,Individual,Manual,Second Owner,23.59,1364,67.04,5,12
1686,Hyundai,300000,49000,Petrol,Individual,Manual,First Owner,18.5,1197,80.0,5,16
1687,Hyundai,520000,29000,Petrol,Individual,Manual,First Owner,18.6,1197,81.83,5,10
1688,Others,850000,55000,Diesel,Individual,Automatic,First Owner,19.61,1461,108.5,5,9
1689,Mahindra,1320000,5000,Diesel,Individual,Manual,First Owner,17.3,1497,121.0,7,7
1690,Tata,830000,35000,Diesel,Individual,Manual,First Owner,21.5,1497,108.5,5,9
1691,Others,430000,5000,Petrol,Individual,Manual,Second Owner,20.63,1198,67.0,5,8
1692,Ford,850000,60000,Diesel,Individual,Manual,First Owner,22.77,1498,98.59,5,9
1693,Maruti,650000,70000,Petrol,Individual,Manual,First Owner,20.85,1197,83.14,5,9
1694,Hyundai,120000,120000,Diesel,Individual,Manual,Second Owner,16.8,1493,110.0,5,18
1695,Mahindra,730000,65100,Diesel,Individual,Manual,Second Owner,18.49,1493,100.0,7,10
1696,Maruti,525000,20000,Petrol,Individual,Automatic,First Owner,20.89,1197,81.8,5,7
1697,Hyundai,600000,108000,Diesel,Individual,Manual,First Owner,21.19,1396,88.73,5,11
1698,Maruti,500000,15000,Petrol,Individual,Manual,First Owner,21.21,1197,81.8,5,7
1699,Hyundai,150000,77000,Petrol,Individual,Manual,First Owner,17.92,1086,62.1,5,17
1700,Maruti,409999,18500,Petrol,Individual,Manual,First Owner,20.51,998,67.04,5,11
1701,Mahindra,625000,120000,Diesel,Individual,Manual,First Owner,18.49,1493,100.0,7,10
1702,Renault,290000,15200,Petrol,Individual,Manual,First Owner,25.17,799,53.3,5,11
1703,Honda,500000,35000,Petrol,Individual,Manual,First Owner,17.3,1497,117.3,7,11
1704,Hyundai,475000,80000,Diesel,Individual,Manual,First Owner,22.32,1582,126.32,5,15
1705,Hyundai,190000,70000,Petrol,Individual,Manual,First Owner,21.1,814,55.2,5,13
1706,Mahindra,750000,80000,Diesel,Individual,Manual,Second Owner,15.1,2159,140.0,7,12
1707,Others,525000,120000,Diesel,Individual,Manual,Second Owner,19.01,1461,108.5,5,12
1708,Chevrolet,495000,82000,Diesel,Individual,Manual,Higher,17.3,1998,152.925,5,14
1709,Others,1320000,9000,Diesel,Dealer,Automatic,First Owner,13.6,1999,152.925,5,9
1710,Others,1320000,20000,Petrol,Dealer,Automatic,First Owner,22.37,2159,152.925,5,7
1711,Others,1320000,45000,Diesel,Dealer,Automatic,First Owner,19.33,1999,152.925,5,9
1712,Tata,503000,110000,Diesel,Individual,Manual,First Owner,14.1,2159,147.94,7,11
1713,Others,1320000,20000,Diesel,Individual,Automatic,First Owner,18.0,1969,152.925,5,7
1714,Toyota,1320000,68089,Petrol,Dealer,Automatic,First Owner,19.16,2159,152.925,5,10
1715,Maruti,225000,58343,Petrol,Dealer,Manual,First Owner,21.79,998,67.05,5,13
1716,Maruti,740000,38817,Diesel,Dealer,Manual,First Owner,27.39,1248,74.0,5,8
1717,Honda,550000,56494,Petrol,Dealer,Manual,First Owner,18.2,1199,88.7,5,10
1718,Toyota,750000,79328,Diesel,Dealer,Manual,Second Owner,12.99,2159,100.6,7,13
1719,Maruti,650000,5621,Petrol,Dealer,Automatic,First Owner,22.0,1197,81.8,5,7
1720,Toyota,625000,25538,Petrol,Dealer,Manual,First Owner,16.78,1496,88.73,5,9
1721,Maruti,600000,69779,Petrol,Dealer,Automatic,First Owner,22.0,1197,81.8,5,8
1722,Hyundai,450000,56290,Diesel,Dealer,Manual,First Owner,24.0,1186,73.97,5,9
1723,Others,1320000,7500,Diesel,Dealer,Automatic,First Owner,16.78,1995,152.925,5,7
1724,Others,1320000,8500,Diesel,Dealer,Automatic,First Owner,16.78,1995,152.925,5,7
1725,Honda,779000,7032,Petrol,Dealer,Automatic,First Owner,19.0,1199,88.76,5,7
1726,Others,645000,11000,Petrol,Dealer,Automatic,First Owner,14.3,1598,103.5,5,10
1727,Others,1320000,2000,Diesel,Dealer,Automatic,First Owner,16.8,1984,150.0,5,8
1728,Honda,321000,60000,Petrol,Individual,Automatic,Second Owner,16.8,1497,118.0,5,16
1729,Toyota,585000,50000,Petrol,Individual,Manual,First Owner,17.71,1197,78.9,5,9
1730,Ford,225000,70000,Diesel,Individual,Manual,First Owner,20.0,1399,68.0,5,15
1731,Honda,500000,70000,Diesel,Individual,Manual,First Owner,25.8,1498,98.6,5,9
1732,Hyundai,350000,90000,Diesel,Individual,Manual,Higher,23.0,1396,90.0,5,15
1733,Maruti,756000,70000,Diesel,Individual,Manual,Second Owner,24.52,1248,88.5,7,10
1734,Maruti,240000,50000,Petrol,Individual,Manual,First Owner,22.74,796,47.3,5,12
1735,Maruti,80000,120000,Petrol,Individual,Manual,Second Owner,19.7,796,35.0,8,14
1736,Hyundai,800000,5000,Petrol,Individual,Manual,First Owner,17.19,1197,81.86,5,7
1737,Tata,1250000,25000,Diesel,Individual,Manual,First Owner,17.6,2159,147.94,7,8
1738,Mahindra,320000,80000,Diesel,Individual,Manual,Higher,12.05,2159,120.0,7,17
1739,Hyundai,509999,25000,Petrol,Individual,Manual,First Owner,18.9,1197,82.0,5,9
1740,Tata,650000,15000,Diesel,Individual,Manual,First Owner,22.95,1248,74.0,5,7
1741,Maruti,210000,35000,Petrol,Individual,Manual,Second Owner,20.92,998,67.1,5,15
1742,Maruti,110000,80000,Petrol,Individual,Manual,Second Owner,19.7,796,46.3,5,18
1743,Tata,665000,25000,Diesel,Individual,Manual,First Owner,21.5,1497,108.5,5,9
1744,Volkswagen,555000,52000,Diesel,Individual,Manual,First Owner,21.66,1498,108.62,5,9
1745,Volkswagen,560000,52000,Diesel,Individual,Manual,First Owner,21.66,1498,108.62,5,9
1746,Mahindra,375000,80000,Diesel,Individual,Manual,First Owner,25.32,1198,77.0,6,10
1748,Toyota,1320000,50000,Diesel,Individual,Automatic,First Owner,15.04,2159,152.925,7,9
1749,Maruti,605000,127000,Diesel,Individual,Manual,First Owner,28.4,1248,74.02,5,9
1750,Honda,720000,30000,Petrol,Individual,Manual,First Owner,17.5,1199,88.7,5,9
1751,Maruti,800000,70000,Diesel,Individual,Manual,First Owner,24.52,1248,88.5,7,9
1752,Mahindra,1320000,54000,Diesel,Individual,Manual,First Owner,16.0,2159,140.0,7,9
1753,Others,625000,120000,Diesel,Individual,Manual,Second Owner,10.5,2159,116.9,6,15
1754,Hyundai,350000,116500,Diesel,Individual,Manual,First Owner,23.0,1396,90.0,5,15
1755,Toyota,600000,145000,Diesel,Individual,Manual,Second Owner,12.99,2159,100.0,8,14
1756,Hyundai,300000,120000,Petrol,Individual,Manual,First Owner,18.5,1197,82.85,5,14
1757,Tata,240000,120000,Diesel,Individual,Manual,First Owner,13.93,2159,138.1,7,15
1758,Ford,377000,80000,Diesel,Individual,Manual,First Owner,25.83,1498,99.0,5,10
1759,Maruti,450000,140000,Petrol,Individual,Manual,First Owner,16.02,1373,93.7,7,13
1760,Hyundai,160000,100000,Petrol,Individual,Manual,Higher,13.9,1599,103.2,5,18
1761,Hyundai,525000,100000,Petrol,Individual,Manual,First Owner,20.14,1197,81.86,5,7
1762,Toyota,550000,168000,Diesel,Individual,Manual,Second Owner,12.8,2159,102.0,8,15
1763,Chevrolet,270000,120000,Diesel,Individual,Manual,Higher,18.3,1991,147.9,5,16
1764,Toyota,570000,145000,Diesel,Individual,Manual,Second Owner,23.59,1364,67.05,5,10
1765,Ford,225000,90000,Diesel,Individual,Manual,Second Owner,20.0,1399,68.0,5,15
1766,Hyundai,590000,90000,Petrol,Individual,Manual,First Owner,20.14,1197,81.86,5,7
1767,Others,1320000,80000,Diesel,Individual,Manual,First Owner,17.1,1956,152.925,5,8
1768,Ford,800000,33000,Petrol,Dealer,Manual,First Owner,19.4,1194,94.93,5,7
1769,Chevrolet,450000,13500,Petrol,Individual,Manual,First Owner,18.2,1199,82.4,5,12
1770,Tata,300000,80000,Diesel,Individual,Manual,First Owner,17.0,1405,70.0,5,14
1771,Hyundai,645000,20000,Petrol,Individual,Manual,First Owner,18.6,1197,81.83,5,9
1772,Maruti,520000,58000,Diesel,Individual,Manual,First Owner,23.4,1248,74.0,5,13
1773,Hyundai,200000,40000,Petrol,Individual,Manual,First Owner,21.1,814,55.2,5,13
1774,Honda,700000,30000,Petrol,Individual,Manual,First Owner,17.4,1497,117.3,5,11
1775,Maruti,45000,50000,Petrol,Individual,Manual,Second Owner,16.1,796,37.0,4,26
1776,Ford,459999,73000,Diesel,Individual,Manual,First Owner,25.83,1498,99.0,5,10
1777,Maruti,325000,90000,Diesel,Individual,Manual,Second Owner,23.2,1248,73.94,5,12
1778,Maruti,350000,50000,Petrol,Individual,Manual,Second Owner,20.51,998,67.04,5,11
1779,Hyundai,440000,80000,Diesel,Individual,Manual,Higher,22.32,1582,126.3,5,15
1780,Hyundai,320000,70000,Diesel,Individual,Manual,Second Owner,21.9,1396,90.0,5,15
1781,Chevrolet,169000,41000,Petrol,Individual,Manual,First Owner,18.0,995,62.0,5,15
1782,Volkswagen,350000,50000,Petrol,Individual,Manual,Higher,16.47,1198,73.9,5,13
1783,Ford,350000,113226,Diesel,Dealer,Manual,First Owner,19.68,1399,67.0,5,12
1784,Ford,310000,90000,Diesel,Individual,Manual,Second Owner,20.0,1399,68.1,5,13
1786,Mahindra,420000,160500,Diesel,Individual,Manual,Higher,13.5,2159,115.0,5,16
1787,Maruti,685000,30000,Petrol,Individual,Automatic,First Owner,19.12,1373,91.1,5,11
1788,Renault,560000,132000,Diesel,Individual,Manual,Second Owner,19.72,1461,108.45,5,12
1789,Maruti,470000,120000,Diesel,Individual,Manual,Higher,22.9,1248,74.0,5,13
1790,Hyundai,380000,80000,Petrol,Individual,Manual,Second Owner,16.2,1599,103.2,5,15
1791,Mahindra,670000,57000,Diesel,Individual,Manual,Second Owner,15.4,1997,120.0,7,11
1792,Maruti,550000,5000,Petrol,Individual,Manual,First Owner,22.0,1197,81.8,5,8
1793,Hyundai,749000,25000,Petrol,Individual,Manual,First Owner,17.01,1591,121.3,5,10
1794,Hyundai,899000,80000,Diesel,Individual,Manual,Second Owner,19.67,1582,126.2,5,11
1795,Chevrolet,290000,88000,Diesel,Individual,Manual,Higher,16.52,1991,123.7,5,15
1796,Toyota,869999,186062,Diesel,Individual,Manual,Second Owner,12.99,2159,100.6,7,12
1797,Others,350000,60000,Petrol,Individual,Manual,First Owner,20.62,1198,67.0,7,11
1798,Maruti,500000,43000,Petrol,Individual,Manual,First Owner,20.85,1197,83.14,5,9
1799,Others,400000,77000,Diesel,Individual,Automatic,Second Owner,21.66,1498,103.6,5,12
1800,Renault,260000,30000,Petrol,Individual,Manual,First Owner,25.17,799,53.3,5,10
1801,Maruti,220000,40000,Petrol,Individual,Manual,Second Owner,22.74,796,47.3,5,11
1802,Chevrolet,190000,139000,Diesel,Individual,Manual,Second Owner,18.2,1248,73.8,8,12
1803,Hyundai,400000,80000,Petrol,Individual,Manual,First Owner,18.9,1197,82.0,5,10
1804,Chevrolet,170000,76000,Diesel,Individual,Manual,Second Owner,25.44,936,56.3,5,12
1805,Hyundai,650000,3500,Petrol,Individual,Manual,First Owner,18.6,1197,81.86,5,7
1806,Maruti,60000,62000,Petrol,Individual,Manual,Second Owner,16.1,796,37.0,4,19
1807,Tata,300000,110000,Petrol,Individual,Manual,Second Owner,12.0,2092,127.0,7,19
1808,Chevrolet,125000,40000,Petrol,Individual,Manual,Second Owner,16.2,995,62.1,5,14
1810,Mahindra,500000,186062,Diesel,Individual,Manual,First Owner,15.1,2159,140.0,7,14
1811,Maruti,170000,70000,Petrol,Individual,Manual,Higher,19.7,796,46.3,5,15
1812,Maruti,310000,77000,Diesel,Individual,Manual,Second Owner,19.3,1248,73.9,5,14
1813,Chevrolet,130000,110000,Petrol,Individual,Manual,Second Owner,18.0,995,62.0,5,15
1814,Maruti,465000,20000,Petrol,Individual,Manual,First Owner,20.51,998,67.04,5,10
1816,Others,800000,120005,Diesel,Individual,Automatic,Second Owner,11.0,2159,152.925,5,21
1817,Maruti,260000,16830,Petrol,Individual,Manual,First Owner,20.2,998,67.1,5,14
1818,Mahindra,500000,70000,Diesel,Individual,Manual,First Owner,15.96,2159,63.0,9,13
1819,Renault,325000,38000,Petrol,Individual,Manual,First Owner,23.01,999,67.0,5,9
1820,Mahindra,400000,80000,Diesel,Individual,Manual,First Owner,15.96,2159,63.0,9,13
1821,Toyota,1320000,50000,Diesel,Individual,Manual,First Owner,14.24,2159,152.925,7,8
1822,Tata,200000,50000,Diesel,Individual,Manual,First Owner,17.88,1396,52.8,5,19
1823,Mahindra,450000,52000,Diesel,Individual,Manual,First Owner,17.21,1493,100.0,7,13
1824,Tata,229999,50000,Diesel,Individual,Manual,First Owner,17.0,1405,70.0,5,14
1825,Hyundai,340000,30000,Petrol,Individual,Manual,First Owner,21.1,814,55.2,5,10
1826,Mahindra,550000,103000,Diesel,Individual,Manual,First Owner,15.96,2159,62.1,7,12
1827,Ford,975000,93468,Diesel,Individual,Automatic,Second Owner,11.4,2159,152.925,7,15
1828,Others,1320000,20000,Diesel,Individual,Automatic,First Owner,18.0,1969,152.925,5,7
1829,Volkswagen,225000,80000,Petrol,Individual,Manual,Second Owner,14.0,1595,102.0,5,16
1830,Ford,1320000,12000,Diesel,Individual,Automatic,First Owner,10.91,2159,152.925,7,8
1831,Tata,280000,70000,Diesel,Individual,Manual,First Owner,25.0,1396,69.0,5,13
1832,Honda,700000,4500,Petrol,Individual,Manual,First Owner,19.5,1199,88.76,5,7
1833,Tata,259000,35000,Diesel,Individual,Manual,First Owner,23.03,1396,69.0,5,14
1834,Toyota,1320000,60000,Diesel,Individual,Automatic,First Owner,15.04,2159,152.925,7,8
1835,Mahindra,1320000,30000,Diesel,Individual,Manual,First Owner,16.0,1997,140.0,7,8
1836,Ford,416000,40000,Petrol,Individual,Automatic,First Owner,17.01,1499,110.4,5,11
1837,Tata,250000,70000,Diesel,Individual,Manual,First Owner,19.0,1248,90.0,5,15
1838,Tata,210000,120000,Diesel,Individual,Manual,First Owner,21.12,1248,88.8,5,16
1839,Mahindra,290000,120000,Diesel,Individual,Manual,Second Owner,12.05,2159,120.0,8,18
1840,Tata,220000,90000,Diesel,Individual,Manual,First Owner,23.03,1396,69.0,5,14
1841,Tata,246000,35000,Diesel,Individual,Manual,Second Owner,23.03,1396,69.0,5,14
1842,Maruti,260000,30000,Petrol,Individual,Manual,First Owner,16.8,796,34.2,8,8
1843,Hyundai,1050000,70000,Diesel,Individual,Manual,First Owner,21.38,1396,88.7,5,8
1844,Tata,290000,60000,Diesel,Individual,Manual,First Owner,21.02,1248,88.76,5,14
1845,Tata,310000,70000,Diesel,Individual,Manual,First Owner,25.0,1396,69.0,5,13
1846,Hyundai,700000,6000,Petrol,Individual,Manual,First Owner,18.6,1197,81.83,5,8
1847,Maruti,550000,20000,Petrol,Individual,Manual,First Owner,20.4,1197,81.8,5,10
1848,Tata,450000,70000,Diesel,Individual,Manual,First Owner,19.09,1405,69.01,5,9
1849,Honda,773000,65000,Petrol,Individual,Manual,First Owner,17.8,1497,117.3,5,10
1850,Tata,450000,25000,Petrol,Individual,Manual,First Owner,23.84,1199,84.0,5,9
1851,Maruti,409999,10000,Petrol,Individual,Manual,First Owner,15.37,1196,73.0,5,7
1852,Maruti,45000,35000,Petrol,Individual,Manual,Higher,16.1,796,37.0,4,23
1853,Others,600000,80000,Petrol,Individual,Automatic,Second Owner,11.07,2159,152.925,5,12
1854,Chevrolet,250000,63000,Petrol,Individual,Manual,First Owner,18.6,1199,79.4,5,16
1855,Tata,70000,100000,Diesel,Individual,Manual,First Owner,16.8,1405,62.0,5,18
1856,Honda,690000,1303,Petrol,Dealer,Manual,First Owner,17.8,1198,86.7,5,7
1857,Others,1320000,31800,Diesel,Dealer,Automatic,First Owner,17.01,1968,152.925,5,8
1858,Others,1320000,20000,Petrol,Dealer,Automatic,First Owner,22.37,2159,152.925,5,7
1859,Others,1320000,45000,Diesel,Dealer,Automatic,First Owner,19.33,1999,152.925,5,9
1860,Others,1320000,17000,Petrol,Individual,Automatic,First Owner,9.5,2159,152.925,5,9
1861,Toyota,1000000,4295,Petrol,Dealer,Manual,First Owner,17.1,1496,105.5,5,8
1862,Toyota,1000000,5229,Petrol,Dealer,Manual,First Owner,17.1,1496,105.5,5,8
1863,Toyota,1320000,68089,Petrol,Dealer,Automatic,First Owner,19.16,2159,152.925,5,10
1864,Maruti,925000,23712,Diesel,Dealer,Manual,First Owner,28.09,1248,88.5,5,8
1865,Honda,550000,56494,Petrol,Dealer,Manual,First Owner,18.2,1199,88.7,5,10
1866,Maruti,430000,16589,Petrol,Dealer,Manual,First Owner,20.51,998,67.04,5,8
1867,Toyota,750000,79328,Diesel,Dealer,Manual,Second Owner,12.99,2159,100.6,7,13
1868,Honda,675000,53201,Petrol,Dealer,Manual,Second Owner,17.8,1497,117.3,5,10
1869,Maruti,570000,25272,Petrol,Dealer,Manual,First Owner,21.01,1197,81.8,5,9
1870,Maruti,850000,53619,Diesel,Dealer,Manual,First Owner,24.3,1248,88.5,5,9
1871,Others,1320000,7500,Diesel,Dealer,Automatic,First Owner,16.78,1995,152.925,5,7
1872,Others,1320000,8500,Diesel,Dealer,Automatic,First Owner,16.78,1995,152.925,5,7
1873,Honda,779000,7032,Petrol,Dealer,Automatic,First Owner,19.0,1199,88.76,5,7
1874,Ford,640000,6001,Petrol,Dealer,Manual,First Owner,15.9,1496,120.69,5,8
1875,Tata,250000,80000,Diesel,Individual,Manual,First Owner,19.09,1405,69.01,5,13
1876,Renault,1250000,12000,Diesel,Individual,Manual,First Owner,19.6,1461,108.45,5,8
1877,Ford,889000,25000,Petrol,Individual,Manual,First Owner,17.0,1497,121.31,5,9
1878,Hyundai,750000,40000,Diesel,Individual,Manual,Second Owner,22.54,1396,88.73,5,9
1879,Maruti,320000,130000,Diesel,Individual,Manual,Higher,17.8,1248,75.0,5,16
1880,Others,600000,186062,Diesel,Individual,Manual,First Owner,17.67,1968,138.08,5,15
1881,Maruti,1000000,40000,Diesel,Individual,Manual,First Owner,28.09,1248,88.5,5,8
1882,Maruti,110000,70000,Petrol,Individual,Manual,Higher,17.3,993,60.0,5,26
1883,Honda,250000,120000,Petrol,Individual,Manual,Second Owner,17.7,1497,78.0,5,18
1884,Maruti,600000,60000,Diesel,Individual,Manual,First Owner,26.59,1248,74.0,5,11
1885,Maruti,165000,60000,Petrol,Individual,Manual,First Owner,19.0,998,67.1,5,17
1886,Maruti,118000,60000,Petrol,Individual,Manual,Second Owner,19.7,796,46.3,5,22
1887,Maruti,700000,78000,Diesel,Individual,Manual,First Owner,27.39,1248,74.0,5,10
1888,Renault,585000,80000,Diesel,Individual,Manual,Second Owner,20.46,1461,83.8,5,13
1889,Maruti,120000,120000,Petrol,Individual,Manual,Higher,19.7,796,46.3,5,20
1890,Maruti,65000,90000,Petrol,Individual,Manual,Higher,16.1,796,37.0,4,23
1891,Maruti,150000,100000,Petrol,Individual,Manual,Second Owner,19.7,796,46.3,5,20
1892,Maruti,150000,70000,Petrol,Individual,Manual,Higher,19.7,796,46.3,5,17
1893,Hyundai,170000,160000,Diesel,Individual,Manual,Higher,13.1,1493,82.0,5,22
1894,Mahindra,250000,120000,Diesel,Individual,Manual,Higher,10.5,2159,120.0,8,20
1895,Hyundai,100000,100000,Diesel,Individual,Manual,Higher,13.1,1493,82.0,5,21
1896,Maruti,599000,60000,Diesel,Individual,Manual,Second Owner,20.77,1248,88.76,7,13
1897,Chevrolet,250000,135000,Diesel,Individual,Manual,Higher,18.3,1991,147.9,5,16
1898,Maruti,570000,90000,Petrol,Individual,Manual,First Owner,20.4,1197,81.8,5,10
1899,Volkswagen,440000,75000,Diesel,Individual,Manual,Second Owner,22.07,1199,73.9,5,13
1900,Toyota,300000,185000,Diesel,Individual,Manual,Second Owner,11.4,2159,100.6,7,21
1901,Others,300000,71717,Petrol,Individual,Automatic,Second Owner,19.34,1198,76.0,5,11
1902,Mahindra,500000,150000,Diesel,Individual,Automatic,Second Owner,11.79,2159,120.0,8,15
1903,Maruti,660000,55000,Diesel,Individual,Manual,First Owner,26.59,1248,74.0,5,10
1904,Ford,256000,90000,Petrol,Individual,Manual,Second Owner,15.3,1596,99.6,5,14
1905,Renault,409999,35000,Petrol,Individual,Manual,First Owner,23.01,999,67.0,5,8
1906,Toyota,1320000,120000,Diesel,Individual,Manual,Second Owner,12.55,2159,152.925,7,11
1907,Hyundai,250000,100000,Other,Individual,Manual,Second Owner,13.45,1086,62.1,5,15
1908,Honda,280000,40000,Petrol,Individual,Automatic,Higher,12.9,1799,130.0,5,17
1909,Mahindra,300000,100000,Diesel,Individual,Manual,First Owner,13.0,2159,95.0,8,16
1910,Tata,900000,120000,Diesel,Individual,Manual,First Owner,14.1,2159,147.94,5,10
1911,Maruti,190000,60000,Petrol,Individual,Manual,First Owner,19.0,998,67.1,5,12
1912,Mahindra,800000,2000,Diesel,Individual,Manual,First Owner,15.96,2159,63.0,9,7
1913,Mahindra,450000,100000,Diesel,Individual,Manual,First Owner,14.0,2159,75.0,8,14
1914,Mahindra,400000,110000,Diesel,Individual,Manual,First Owner,14.95,2159,93.7,7,11
1915,Tata,150000,90000,Diesel,Individual,Manual,Second Owner,13.93,2159,138.1,7,17
1916,Tata,200000,84321,Diesel,Individual,Manual,First Owner,23.57,1396,70.0,5,15
1917,Mahindra,600000,177000,Diesel,Individual,Manual,First Owner,15.1,2159,140.0,7,13
1918,Tata,175000,60000,Diesel,Individual,Manual,First Owner,18.0,1248,75.0,5,16
1919,Tata,99000,186062,Diesel,Individual,Manual,Second Owner,19.09,1396,69.0,5,18
1920,Hyundai,215000,70000,Petrol,Individual,Manual,Second Owner,20.36,1197,78.9,5,18
1922,Renault,520000,126000,Diesel,Individual,Manual,Second Owner,19.01,1461,108.45,5,13
1923,Ford,1320000,120000,Diesel,Individual,Automatic,Second Owner,10.91,2159,152.925,7,10
1924,Tata,285000,70000,Diesel,Individual,Manual,First Owner,19.1,1405,70.0,5,11
1925,Mahindra,660000,82000,Diesel,Individual,Manual,First Owner,18.49,1493,100.0,7,9
1926,Maruti,31504,110000,Petrol,Individual,Manual,Higher,16.1,796,37.0,4,22
1927,Maruti,515000,45000,Petrol,Individual,Manual,Second Owner,20.85,1197,83.14,5,11
1928,Others,295000,70000,Diesel,Individual,Manual,Second Owner,21.64,1461,84.8,5,14
1929,Others,700000,80000,Diesel,Individual,Manual,Second Owner,20.45,1461,83.8,5,11
1930,Mahindra,1100000,45000,Diesel,Individual,Manual,First Owner,15.4,2159,120.0,7,9
1931,Hyundai,300000,60000,Petrol,Individual,Manual,First Owner,20.3,998,68.05,5,9
1932,Maruti,450000,41800,Petrol,Individual,Manual,First Owner,18.6,1197,85.8,5,13
1934,Maruti,700000,50000,Diesel,Individual,Manual,Second Owner,28.4,1248,74.02,5,9
1935,Ford,250000,40000,Diesel,Individual,Manual,First Owner,20.0,1399,68.0,5,14
1936,Maruti,140000,96000,Petrol,Individual,Manual,Second Owner,18.9,1061,67.0,5,17
1937,Mahindra,250000,117000,Diesel,Individual,Manual,First Owner,14.0,2159,112.0,8,14
1938,Hyundai,210000,110000,Petrol,Individual,Manual,Second Owner,19.81,1086,68.05,5,15
1939,Honda,420000,100000,Diesel,Individual,Manual,Second Owner,25.8,1498,98.6,5,12
1940,Maruti,130000,88700,Petrol,Individual,Manual,Higher,19.7,796,46.3,5,19
1941,Others,320000,70000,Petrol,Individual,Manual,Second Owner,16.95,1498,97.7,5,14
1942,Maruti,200000,110000,Petrol,Individual,Manual,Second Owner,17.3,1061,64.0,5,16
1943,Maruti,310000,15000,Petrol,Individual,Manual,First Owner,22.74,796,47.3,5,10
1944,Mahindra,200000,80000,Diesel,Individual,Manual,Second Owner,20.8,1461,65.0,5,14
1945,Maruti,350000,50000,Petrol,Individual,Manual,First Owner,18.5,1197,85.8,5,12
1946,Hyundai,444000,15000,Petrol,Individual,Manual,First Owner,21.1,814,55.2,5,8
1947,Others,300000,25000,Petrol,Individual,Manual,First Owner,22.7,799,53.64,5,9
1948,Mahindra,225000,57000,Diesel,Individual,Manual,Second Owner,21.0,1461,64.1,5,15
1949,Mahindra,600000,75000,Diesel,Individual,Manual,First Owner,15.96,2159,62.1,7,14
1950,Maruti,260000,26000,Petrol,Individual,Manual,First Owner,15.37,1196,73.0,5,13
1951,Hyundai,375000,160000,Diesel,Individual,Manual,First Owner,24.4,1120,71.01,5,11
1952,Maruti,260000,26000,Petrol,Individual,Manual,First Owner,15.37,1196,73.0,5,13
1953,Maruti,150000,120000,Petrol,Individual,Manual,Second Owner,19.7,796,46.3,5,16
1954,Maruti,110000,50000,Petrol,Individual,Manual,Second Owner,19.7,796,46.3,5,12
1955,Maruti,225000,40000,Petrol,Individual,Manual,First Owner,19.7,796,46.3,5,14
1958,Honda,860000,28000,Petrol,Individual,Manual,First Owner,17.8,1497,117.3,5,9
1959,Maruti,650000,50000,Diesel,Individual,Manual,First Owner,28.4,1248,74.02,5,8
1960,Maruti,650000,90000,Diesel,Individual,Manual,First Owner,20.77,1248,88.8,7,12
1961,Hyundai,710000,40000,Diesel,Individual,Manual,First Owner,24.8,1396,88.7,5,10
1962,Ford,430000,113000,Diesel,Individual,Manual,First Owner,25.83,1498,99.0,5,9
1963,Maruti,305000,186062,Diesel,Individual,Manual,Second Owner,17.8,1248,75.0,5,15
1964,Ford,220000,100000,Diesel,Individual,Manual,First Owner,20.0,1399,68.0,5,15
1965,Tata,150000,186062,Diesel,Individual,Manual,Higher,14.0,1948,90.0,9,16
1966,Mahindra,660000,67000,Diesel,Individual,Manual,Second Owner,18.49,1493,100.0,7,9
1967,Chevrolet,140000,70000,Diesel,Individual,Manual,Higher,25.44,936,57.6,5,15
1968,Toyota,1100000,50000,Petrol,Individual,Manual,First Owner,14.28,1798,138.03,5,11
1969,Others,1320000,60000,Diesel,Individual,Automatic,First Owner,16.36,2159,152.925,5,13
1970,Volkswagen,625000,34000,Diesel,Individual,Automatic,First Owner,22.0,1498,108.495,5,9
1971,Honda,198000,110000,Petrol,Individual,Manual,Higher,12.8,1493,100.0,5,22
1973,Maruti,130000,140000,Petrol,Individual,Manual,Second Owner,18.9,998,67.1,5,21
1974,Honda,540000,100000,Petrol,Individual,Manual,Second Owner,16.8,1497,116.3,5,14
1975,Hyundai,550000,10000,Petrol,Individual,Automatic,First Owner,18.9,1197,81.86,5,9
1976,Maruti,475000,30000,Petrol,Individual,Manual,First Owner,21.63,998,67.04,5,8
1977,Others,1320000,22000,Diesel,Dealer,Automatic,First Owner,15.73,1968,152.925,5,9
1978,Honda,1320000,5500,Diesel,Dealer,Manual,First Owner,26.8,1597,118.0,5,6
1979,Others,1320000,18000,Diesel,Dealer,Automatic,First Owner,19.62,1998,152.925,5,8
1980,Toyota,1320000,20000,Diesel,Dealer,Automatic,First Owner,11.36,2159,152.925,8,8
1981,Hyundai,540000,7000,Petrol,Dealer,Manual,First Owner,20.3,1086,68.0,5,8
1982,Others,910000,20000,Diesel,Dealer,Manual,First Owner,17.0,2159,80.8,5,8
1983,Maruti,484999,4875,Petrol,Dealer,Manual,First Owner,21.63,998,67.04,5,7
1984,Hyundai,1320000,2700,Diesel,Dealer,Automatic,First Owner,17.01,1582,126.2,5,6
1985,Maruti,950000,58511,Diesel,Dealer,Manual,First Owner,24.3,1248,88.5,5,8
1986,Ford,365000,105000,Diesel,Dealer,Manual,First Owner,25.83,1498,99.0,5,11
1987,Mahindra,900000,26235,Diesel,Dealer,Manual,First Owner,16.55,2159,105.0,6,8
1988,Tata,919999,26766,Diesel,Dealer,Manual,First Owner,21.5,1497,108.5,5,9
1989,Others,1320000,1600,Petrol,Dealer,Automatic,First Owner,13.96,1451,141.0,5,6
1990,Others,1320000,46000,Diesel,Dealer,Manual,First Owner,15.8,2148,152.925,5,8
1991,Mahindra,1075000,23000,Diesel,Dealer,Manual,First Owner,17.3,1497,121.0,7,7
1992,Maruti,600000,24522,Petrol,Dealer,Manual,First Owner,20.4,1197,81.8,5,9
1993,Others,1320000,13663,Diesel,Dealer,Automatic,First Owner,22.69,1995,152.925,5,9
1994,Others,1320000,11000,Diesel,Dealer,Automatic,First Owner,19.3,1968,141.0,5,7
1995,Maruti,839000,63000,Diesel,Dealer,Manual,First Owner,24.3,1248,88.5,5,10
1996,Volkswagen,635000,2000,Petrol,Dealer,Manual,First Owner,16.2,1199,74.0,5,7
1997,Mahindra,550000,186062,Diesel,Individual,Manual,Higher,12.05,2159,120.0,8,12
1998,Mahindra,180000,186062,Diesel,Individual,Manual,Higher,19.2,1461,65.0,5,15
1999,Honda,650000,80000,Diesel,Individual,Manual,First Owner,26.0,1498,98.6,5,11
2000,Honda,350000,80000,Petrol,Individual,Manual,Second Owner,16.0,1198,90.0,5,15
2001,Maruti,265000,54000,Petrol,Individual,Manual,First Owner,23.95,998,67.05,5,11
2002,Renault,330000,30000,Petrol,Individual,Manual,First Owner,23.01,999,67.0,5,8
2003,Maruti,395000,5000,Petrol,Individual,Manual,First Owner,15.37,1196,73.0,7,7
2004,Mahindra,700000,58945,Diesel,Individual,Manual,First Owner,18.49,1493,100.0,7,11
2005,Ford,300000,90000,Diesel,Individual,Manual,First Owner,20.0,1399,68.0,5,14
2006,Toyota,650000,186062,Diesel,Individual,Manual,First Owner,12.8,2159,102.0,8,15
2007,Maruti,625000,160000,Diesel,Individual,Manual,Higher,20.77,1248,88.76,7,13
2008,Volkswagen,425000,80000,Diesel,Individual,Manual,Second Owner,15.11,1598,103.6,5,12
2009,Maruti,55000,50000,Petrol,Individual,Manual,Higher,16.1,796,37.0,4,22
2010,Tata,250000,80000,Diesel,Individual,Manual,Second Owner,19.09,1405,69.01,5,11
2011,Mahindra,459999,156975,Diesel,Individual,Manual,First Owner,15.96,2159,62.1,9,11
2012,Toyota,1320000,5000,Diesel,Individual,Manual,First Owner,21.43,1364,86.79,5,9
2013,Chevrolet,300000,50000,Petrol,Individual,Manual,First Owner,18.2,1199,82.4,5,12
2014,Ford,950000,27620,Diesel,Dealer,Manual,First Owner,22.77,1498,98.59,5,8
2015,Mahindra,484999,120000,Diesel,Individual,Manual,First Owner,12.05,2159,120.0,9,13
2016,Mahindra,161000,120000,Diesel,Individual,Manual,Higher,14.0,2159,112.0,8,17
2017,Hyundai,500000,58000,Petrol,Individual,Manual,First Owner,17.19,1197,81.86,5,11
2018,Others,350000,50000,Petrol,Individual,Manual,First Owner,16.95,1498,97.7,5,14
2019,Maruti,550000,40000,Petrol,Individual,Automatic,First Owner,20.89,1197,81.8,5,9
2020,Honda,850000,7800,Petrol,Individual,Manual,First Owner,17.5,1199,88.7,5,8
2021,Maruti,240000,50000,Petrol,Individual,Manual,First Owner,22.74,796,47.3,5,10
2022,Ford,950000,68000,Diesel,Individual,Manual,First Owner,13.1,2159,141.0,7,15
2023,Maruti,423000,60000,Petrol,Individual,Manual,Second Owner,16.02,1373,93.7,7,11
2024,Tata,90000,74000,Petrol,Individual,Manual,Second Owner,12.8,1396,85.0,5,21
2025,Tata,350000,58000,Diesel,Individual,Manual,Second Owner,13.93,2159,138.1,7,15
2026,Maruti,170000,70000,Petrol,Individual,Manual,Higher,19.0,998,66.1,5,15
2027,Ford,450000,70000,Petrol,Individual,Manual,First Owner,18.16,1196,86.8,5,11
2028,Hyundai,150000,110000,Petrol,Individual,Manual,Second Owner,20.36,1197,78.9,5,17
2030,Hyundai,511000,80000,Diesel,Individual,Manual,First Owner,22.54,1396,88.73,5,10
2031,Maruti,850000,59000,Diesel,Individual,Manual,First Owner,24.2,1498,93.87,7,8
2032,Tata,250000,110000,Diesel,Individual,Manual,First Owner,25.0,1396,69.0,5,8
2033,Maruti,420000,25000,Petrol,Individual,Manual,First Owner,21.63,998,67.04,5,6
2034,Maruti,180000,55000,Petrol,Individual,Manual,First Owner,22.74,796,47.3,5,12
2035,Maruti,400000,25000,Diesel,Individual,Manual,First Owner,27.62,793,47.0,5,11
2036,Mahindra,150000,186062,Diesel,Individual,Manual,First Owner,14.0,2159,112.0,7,17
2037,Ford,500000,143200,Diesel,Individual,Manual,First Owner,25.83,1498,99.0,5,10
2038,Others,1320000,60000,Diesel,Individual,Manual,First Owner,17.1,1956,152.925,5,9
2039,Others,204999,120000,Diesel,Individual,Manual,First Owner,23.08,1461,63.1,5,14
2040,Maruti,459999,145000,Diesel,Individual,Manual,Second Owner,26.21,1248,88.5,5,12
2041,Hyundai,600000,30000,Petrol,Individual,Manual,First Owner,18.6,1197,81.83,5,9
2042,Hyundai,585000,8000,Petrol,Individual,Manual,First Owner,18.9,1197,81.86,5,7
2043,Ford,551000,170000,Diesel,Individual,Manual,First Owner,13.1,2159,141.0,7,14
2044,Maruti,525000,100000,Diesel,Individual,Manual,First Owner,23.4,1248,74.0,5,13
2045,Maruti,160000,62000,Petrol,Individual,Manual,First Owner,14.0,796,35.0,5,14
2046,Mahindra,825000,110000,Diesel,Individual,Manual,First Owner,15.1,2159,140.0,7,12
2048,Chevrolet,600000,80000,Diesel,Individual,Manual,Second Owner,13.58,2159,72.4,9,11
2049,Maruti,65000,80000,Petrol,Individual,Manual,Second Owner,17.3,993,60.0,5,24
2050,Maruti,550000,100000,Diesel,Individual,Manual,First Owner,23.4,1248,74.0,5,13
2051,Mahindra,650000,120000,Diesel,Individual,Manual,First Owner,15.96,2159,63.0,9,11
2052,Maruti,750000,24000,Diesel,Individual,Manual,First Owner,28.4,1248,74.02,5,7
2053,Mahindra,380000,80000,Diesel,Individual,Manual,First Owner,25.32,1198,77.0,6,9
2054,Hyundai,400000,138000,Diesel,Individual,Manual,First Owner,22.32,1582,126.32,5,14
2055,Maruti,50000,147000,Petrol,Individual,Manual,Higher,18.9,998,67.1,5,23
2056,Mahindra,750000,60000,Diesel,Individual,Manual,First Owner,18.49,1493,100.0,7,9
2057,Chevrolet,150000,80000,Petrol,Individual,Manual,First Owner,18.0,995,62.0,5,15
2058,Maruti,245000,50000,Petrol,Individual,Manual,First Owner,22.74,796,47.3,5,10
2059,Tata,260000,186062,Diesel,Individual,Manual,First Owner,21.02,1248,88.76,5,13
2060,Volkswagen,411000,90000,Diesel,Individual,Automatic,Second Owner,21.21,1498,103.2,5,12
2061,Hyundai,450000,56000,Diesel,Individual,Manual,First Owner,21.9,1396,88.76,5,12
2062,Others,1300000,140000,Diesel,Individual,Automatic,Second Owner,18.88,1995,152.925,5,14
2063,Maruti,351000,60000,Petrol,Individual,Manual,First Owner,23.1,998,67.04,5,10
2064,Mahindra,550000,130000,Diesel,Individual,Manual,First Owner,15.1,2159,140.0,7,14
2065,Others,1300000,140000,Diesel,Individual,Automatic,Second Owner,18.88,1995,152.925,5,13
2066,Tata,260000,186062,Diesel,Individual,Manual,First Owner,21.02,1248,88.76,5,13
2067,Volkswagen,411000,90000,Diesel,Individual,Automatic,Second Owner,21.21,1498,103.2,5,12
2068,Hyundai,450000,56000,Diesel,Individual,Manual,First Owner,21.9,1396,88.76,5,12
2069,Others,1300000,140000,Diesel,Individual,Automatic,Second Owner,18.88,1995,152.925,5,14
2070,Maruti,351000,60000,Petrol,Individual,Manual,First Owner,23.1,998,67.04,5,10
2071,Mahindra,550000,130000,Diesel,Individual,Manual,First Owner,15.1,2159,140.0,7,14
2072,Others,1300000,140000,Diesel,Individual,Automatic,Second Owner,18.88,1995,152.925,5,13
2073,Others,750000,35000,Diesel,Individual,Manual,First Owner,20.45,1461,83.8,5,10
2074,Others,800000,35000,Diesel,Individual,Manual,First Owner,20.45,1461,83.8,5,11
2075,Tata,350000,156000,Diesel,Individual,Manual,First Owner,11.57,2159,138.1,7,15
2076,Maruti,200000,90000,Petrol,Individual,Manual,First Owner,22.74,796,47.3,5,13
2077,Tata,150000,60000,Diesel,Individual,Manual,Higher,17.0,1405,70.0,5,18
2078,Others,800000,36000,Diesel,Individual,Manual,First Owner,19.01,1461,108.5,5,10
2079,Hyundai,350000,20000,Petrol,Individual,Manual,Second Owner,21.1,814,55.2,5,9
2080,Tata,350000,160000,Diesel,Individual,Manual,First Owner,13.93,2159,138.0,7,15
2081,Mahindra,250000,185000,Diesel,Individual,Manual,First Owner,12.7,2159,116.6,9,20
2082,Tata,170000,110000,Diesel,Individual,Manual,Second Owner,17.0,1405,71.0,5,16
2083,Renault,395000,10800,Petrol,Individual,Manual,First Owner,25.17,799,53.3,5,8
2084,Mahindra,450000,120000,Diesel,Individual,Manual,First Owner,15.96,2159,62.1,7,14
2085,Maruti,500000,15000,Petrol,Individual,Manual,First Owner,20.89,1197,81.8,5,7
2086,Tata,200000,67500,Diesel,Individual,Manual,First Owner,12.2,1948,68.0,10,14
2087,Tata,1200000,30000,Diesel,Individual,Manual,First Owner,17.6,2159,152.925,7,9
2088,Mahindra,400000,50000,Diesel,Individual,Manual,First Owner,25.32,1198,77.0,6,10
2089,Mahindra,650000,100000,Diesel,Individual,Manual,First Owner,18.49,1493,100.0,7,10
2090,Mahindra,550000,150000,Diesel,Individual,Manual,First Owner,15.96,2159,63.0,9,10
2091,Mahindra,1100000,110000,Diesel,Individual,Manual,First Owner,16.0,2159,140.0,7,11
2092,Maruti,254999,30000,Petrol,Individual,Manual,First Owner,22.74,796,47.3,5,14
2093,Maruti,180000,60000,Petrol,Individual,Manual,First Owner,19.7,796,46.3,5,15
2094,Mahindra,160000,186062,Diesel,Individual,Manual,Second Owner,13.0,2159,95.0,8,16
2095,Chevrolet,225000,120000,Diesel,Individual,Manual,Second Owner,16.52,1991,123.7,5,18
2096,Maruti,270000,49900,Petrol,Individual,Manual,Second Owner,22.74,796,47.3,5,11
2097,Tata,310000,86000,Diesel,Individual,Manual,First Owner,21.12,1248,88.8,5,14
2098,Others,225000,71850,Petrol,Individual,Manual,First Owner,20.63,1198,67.0,5,11
2099,Others,300000,95000,Diesel,Individual,Manual,Higher,21.2,1248,75.0,5,11
2100,Maruti,250000,70000,Petrol,Individual,Manual,Higher,17.5,1298,85.8,5,18
2101,Hyundai,180000,35000,Petrol,Individual,Manual,First Owner,21.1,814,55.2,5,15
2102,Maruti,550000,50000,Petrol,Individual,Manual,First Owner,20.85,1197,83.14,5,11
2103,Mahindra,300000,120000,Diesel,Individual,Manual,Higher,13.6,2159,63.0,7,19
2104,Hyundai,900000,145000,Diesel,Individual,Manual,First Owner,22.7,1582,126.2,5,11
2106,Mahindra,1320000,40000,Diesel,Individual,Manual,First Owner,16.0,2159,138.0,7,8
2107,Maruti,590000,110000,Diesel,Individual,Manual,First Owner,27.39,1248,74.0,5,11
2108,Maruti,170000,112000,Other,Individual,Manual,Second Owner,17.3,1061,57.5,5,18
2109,Others,1320000,70000,Diesel,Individual,Automatic,First Owner,20.38,1968,143.0,5,9
2110,Maruti,475000,110000,Diesel,Individual,Manual,First Owner,23.2,1248,73.94,5,10
2111,Hyundai,700000,29000,Diesel,Individual,Manual,First Owner,24.0,1186,73.97,5,8
2112,Maruti,376000,60000,Petrol,Individual,Manual,First Owner,18.9,998,67.1,5,15
2114,Maruti,75000,46000,Petrol,Individual,Manual,Higher,16.1,796,37.0,4,22
2115,Mahindra,440000,120000,Diesel,Individual,Automatic,Higher,11.79,2159,120.0,8,14
2116,Maruti,390000,80000,Petrol,Individual,Manual,First Owner,20.51,998,67.04,5,10
2117,Toyota,725000,159000,Diesel,Individual,Manual,Second Owner,12.8,2159,102.0,7,14
2118,Mahindra,325000,110000,Diesel,Individual,Manual,Second Owner,15.96,2159,62.1,7,14
2119,Maruti,170000,75000,Petrol,Individual,Manual,Second Owner,19.7,796,46.3,5,16
2120,Maruti,215000,120000,Diesel,Individual,Manual,Higher,19.3,1248,73.9,5,16
2121,Honda,350000,110000,Petrol,Individual,Manual,Higher,17.0,1497,118.0,5,16
2122,Chevrolet,80000,80000,Petrol,Individual,Manual,Higher,18.0,995,62.0,5,17
2123,Hyundai,195000,80000,Petrol,Individual,Manual,Second Owner,21.1,814,55.2,5,14
2125,Others,335000,71000,Diesel,Dealer,Manual,First Owner,21.64,1461,84.8,5,12
2126,Mahindra,475000,108000,Diesel,Dealer,Manual,First Owner,16.0,2159,140.0,7,15
2127,Renault,484999,75000,Diesel,Dealer,Manual,First Owner,19.87,1461,83.8,5,11
2128,Maruti,650000,22000,Petrol,Individual,Manual,Second Owner,21.56,1462,103.25,5,8
2129,Others,1320000,76131,Diesel,Individual,Automatic,First Owner,13.22,2159,152.925,5,12
2130,Hyundai,700000,30000,Petrol,Individual,Manual,Second Owner,18.6,1197,81.83,5,8
2131,Others,1320000,65000,Diesel,Individual,Automatic,First Owner,12.07,2159,152.925,7,12
2132,Mahindra,900000,60000,Diesel,Individual,Manual,First Owner,15.4,2159,75.0,7,8
2133,Volkswagen,350000,80000,Diesel,Individual,Manual,First Owner,22.07,1199,73.9,5,13
2134,Honda,285000,80000,Petrol,Individual,Automatic,Second Owner,9.0,2159,152.925,5,21
2135,Others,1320000,70000,Diesel,Individual,Automatic,First Owner,12.07,2159,152.925,7,14
2136,Maruti,750000,51777,Diesel,Dealer,Manual,First Owner,24.3,1248,88.5,5,9
2137,Others,1320000,64788,Diesel,Dealer,Automatic,First Owner,8.470000000000002,2159,115.0,5,13
2138,Honda,600000,20000,Petrol,Individual,Manual,First Owner,19.5,1199,88.76,5,8
2139,Volkswagen,565000,19000,Petrol,Individual,Manual,First Owner,18.78,999,75.0,5,8
2140,Others,86000,46951,Petrol,Individual,Manual,First Owner,18.5,796,53.0,5,26
2141,Others,329000,19000,Petrol,Individual,Manual,First Owner,20.63,1198,67.0,5,10
2142,Ford,650000,50000,Diesel,Individual,Manual,First Owner,22.77,1498,98.59,5,10
2143,Hyundai,822000,60000,Diesel,Individual,Manual,First Owner,19.67,1582,126.2,5,11
2144,Renault,345000,100000,Diesel,Individual,Manual,Second Owner,19.01,1461,108.45,5,13
2145,Maruti,30000,10000,Petrol,Individual,Manual,First Owner,17.3,993,60.0,5,25
2146,Maruti,330000,50000,Diesel,Individual,Manual,Second Owner,22.9,1248,74.0,5,14
2147,Maruti,300000,74537,Petrol,Individual,Manual,Second Owner,20.51,998,67.04,5,12
2148,Maruti,200000,90000,Petrol,Individual,Automatic,Second Owner,12.6,1586,103.3,5,17
2150,Chevrolet,90000,70000,Petrol,Individual,Manual,Second Owner,18.0,995,62.0,5,16
2151,Maruti,200000,80000,Petrol,Individual,Manual,Second Owner,18.9,1061,67.0,5,16
2152,Hyundai,550000,35000,Diesel,Individual,Manual,First Owner,24.4,1120,71.0,5,10
2153,Chevrolet,250000,23500,Petrol,Individual,Manual,First Owner,18.6,1199,76.8,5,11
2154,Honda,975000,82000,Diesel,Individual,Manual,First Owner,25.6,1498,97.9,5,9
2155,Toyota,900000,100000,Diesel,Individual,Manual,Second Owner,12.99,2159,100.6,8,12
2156,Hyundai,610000,15000,Petrol,Individual,Manual,First Owner,18.6,1197,81.83,5,8
2157,Maruti,620000,30000,Diesel,Individual,Manual,First Owner,27.39,1248,74.0,5,9
2158,Hyundai,400000,30000,Petrol,Individual,Manual,First Owner,18.9,1197,82.0,5,10
2159,Maruti,500000,11000,Petrol,Individual,Manual,First Owner,21.63,998,67.0,5,7
2160,Others,200000,140000,Petrol,Individual,Manual,First Owner,19.02,1198,67.05,7,9
2161,Tata,360000,110000,Diesel,Individual,Manual,First Owner,23.0,1248,88.7,5,10
2162,Maruti,252000,48000,Petrol,Individual,Manual,First Owner,20.92,998,67.1,5,14
2163,Maruti,280000,70000,Diesel,Individual,Manual,Second Owner,22.9,1248,74.0,5,14
2164,Maruti,509999,70000,Petrol,Individual,Manual,Second Owner,22.0,1197,81.8,5,8
2165,Mahindra,1050000,58000,Diesel,Individual,Manual,First Owner,15.4,1997,120.0,7,10
2166,Maruti,200000,40000,Other,Individual,Manual,Higher,17.3,1061,57.5,5,16
2167,Maruti,60000,90000,Petrol,Individual,Manual,Second Owner,17.3,993,60.0,5,21
2168,Mahindra,320000,40000,Diesel,Individual,Manual,Second Owner,14.0,2159,112.0,7,16
2169,Mahindra,520000,110000,Diesel,Individual,Manual,First Owner,12.05,2159,120.0,9,13
2170,Tata,250000,80000,Diesel,Individual,Manual,Second Owner,11.57,2159,138.1,7,19
2171,Maruti,725000,60000,Diesel,Individual,Manual,First Owner,24.3,1248,88.5,5,9
2172,Mahindra,585000,50000,Diesel,Individual,Manual,First Owner,15.96,2159,62.1,7,11
2173,Tata,430000,25000,Petrol,Individual,Manual,First Owner,23.84,1199,84.0,5,9
2174,Maruti,235000,100000,Diesel,Individual,Manual,Second Owner,22.9,1248,74.0,5,15
2175,Maruti,350000,52000,Diesel,Individual,Manual,Higher,19.3,1248,73.9,5,14
2176,Hyundai,131000,80000,Petrol,Individual,Manual,Higher,19.81,1086,68.05,5,16
2177,Honda,450000,85000,Diesel,Individual,Manual,First Owner,25.8,1498,98.6,5,10
2178,Maruti,750000,83000,Diesel,Individual,Manual,First Owner,24.3,1248,88.5,5,10
2179,Maruti,200000,50000,Petrol,Individual,Manual,First Owner,22.74,796,47.3,5,13
2180,Maruti,125000,120000,Petrol,Individual,Manual,Higher,18.9,1061,67.0,5,17
2181,Mahindra,500000,100000,Diesel,Individual,Manual,First Owner,15.96,2159,62.1,7,12
2182,Maruti,380000,70000,Diesel,Individual,Manual,Higher,22.9,1248,74.0,5,14
2183,Maruti,128000,19000,Petrol,Individual,Manual,First Owner,19.7,796,46.3,5,18
2184,Honda,250000,68600,Petrol,Individual,Manual,Higher,17.0,1497,118.0,5,17
2185,Mahindra,690000,60000,Diesel,Individual,Manual,First Owner,16.5,1493,70.0,7,9
2186,Mahindra,650000,65000,Diesel,Individual,Manual,Second Owner,15.96,2159,62.1,7,12
2187,Honda,560000,40000,Petrol,Individual,Manual,Second Owner,16.8,1497,116.3,5,14
2189,Maruti,400000,25000,Petrol,Individual,Manual,First Owner,23.1,998,67.04,5,10
2190,Maruti,200000,29500,Petrol,Individual,Manual,First Owner,20.92,998,67.1,5,14
2191,Hyundai,950000,13887,Petrol,Individual,Manual,First Owner,17.0,1591,121.3,5,8
2192,Maruti,300000,50000,Petrol,Individual,Manual,Second Owner,22.74,796,47.3,5,10
2193,Renault,315000,30000,Petrol,Individual,Manual,Second Owner,25.17,799,53.3,5,10
2194,Maruti,220000,100000,Petrol,Individual,Manual,First Owner,22.74,796,47.3,5,14
2195,Chevrolet,130000,60000,Petrol,Individual,Manual,Second Owner,14.49,1399,92.7,5,15
2196,Hyundai,595000,60000,Diesel,Individual,Manual,Second Owner,22.54,1396,88.73,5,10
2197,Tata,110000,120000,Diesel,Individual,Manual,First Owner,19.4,1405,70.0,5,15
2198,Ford,680000,13500,Petrol,Individual,Manual,First Owner,17.0,1497,121.36,5,9
2199,Others,280000,52000,Diesel,Individual,Manual,First Owner,20.3,1248,75.0,5,13
2200,Maruti,530000,30000,Petrol,Individual,Manual,Second Owner,21.4,1197,83.1,5,9
2201,Hyundai,610000,14000,Petrol,Individual,Manual,First Owner,19.1,1197,82.0,5,9
2202,Tata,500000,90000,Diesel,Individual,Manual,Second Owner,15.05,2159,147.9,7,12
2203,Tata,500000,50000,Diesel,Individual,Manual,First Owner,24.7,1047,69.0,5,8
2204,Mahindra,250000,120000,Diesel,Individual,Manual,Second Owner,13.0,2159,95.0,8,16
2205,Hyundai,325000,10000,Petrol,Individual,Manual,First Owner,21.1,814,55.2,5,8
2206,Maruti,550000,10000,Petrol,Individual,Manual,First Owner,21.4,1197,83.1,5,8
2207,Maruti,720000,25000,Petrol,Individual,Manual,First Owner,20.73,1373,91.1,5,8
2208,Hyundai,950000,20000,Petrol,Individual,Manual,First Owner,17.0,1591,121.3,5,9
2209,Maruti,350000,60000,Diesel,Individual,Manual,First Owner,22.9,1248,74.0,5,13
2210,Hyundai,500000,40000,Petrol,Individual,Manual,First Owner,18.9,1197,81.86,5,8
2211,Maruti,380000,60000,Diesel,Individual,Manual,First Owner,19.3,1248,73.9,5,14
2212,Hyundai,380000,50000,Petrol,Individual,Automatic,First Owner,16.9,1197,82.0,5,11
2213,Hyundai,900000,20000,Petrol,Individual,Manual,First Owner,17.0,1591,121.3,5,9
2214,Maruti,295000,35000,Petrol,Individual,Manual,First Owner,24.7,796,47.3,5,9
2215,Maruti,640000,40000,Diesel,Individual,Manual,First Owner,28.09,1248,88.5,5,10
2216,Tata,790000,60000,Diesel,Individual,Manual,First Owner,21.5,1497,108.5,5,8
2217,Hyundai,625000,20000,Petrol,Individual,Manual,First Owner,17.01,1591,121.4,5,11
2218,Ford,604000,30000,Petrol,Individual,Manual,Second Owner,17.0,1497,121.36,5,9
2219,Maruti,315000,29000,Petrol,Individual,Manual,First Owner,23.95,998,67.05,5,11
2220,Mahindra,950000,17000,Diesel,Individual,Manual,First Owner,20.0,1497,115.0,5,7
2221,Maruti,400000,50000,Petrol,Individual,Manual,First Owner,20.51,998,67.04,5,9
2222,Hyundai,700000,42000,Petrol,Individual,Automatic,First Owner,18.6,1368,98.63,5,8
2223,Toyota,700000,120000,Diesel,Individual,Manual,Second Owner,12.8,2159,102.0,8,15
2224,Mahindra,260000,110000,Diesel,Individual,Manual,First Owner,21.03,1461,65.0,5,14
2225,Tata,200000,90000,Diesel,Individual,Manual,First Owner,23.57,1396,70.0,5,14
2226,Maruti,580000,70000,Petrol,Individual,Manual,First Owner,23.26,1197,88.5,5,6
2227,Volkswagen,330000,66000,Diesel,Individual,Manual,Second Owner,20.5,1598,105.0,5,15
2228,Hyundai,400000,70000,Diesel,Individual,Manual,Higher,16.2,1493,110.0,5,15
2229,Hyundai,1320000,5000,Petrol,Individual,Automatic,First Owner,14.8,1591,121.3,5,8
2230,Mahindra,250000,50000,Diesel,Individual,Manual,Second Owner,21.03,1461,65.0,5,12
2231,Others,725000,25000,Petrol,Individual,Manual,First Owner,15.41,1598,103.2,5,7
2232,Maruti,300000,70000,Diesel,Individual,Manual,First Owner,23.4,1248,74.0,5,13
2233,Maruti,120000,40000,Petrol,Individual,Manual,Second Owner,16.1,796,37.0,4,20
2234,Mahindra,1175000,110000,Diesel,Individual,Manual,First Owner,16.0,2159,140.0,7,10
2235,Tata,380000,150000,Diesel,Individual,Manual,First Owner,13.93,2159,138.0,7,17
2236,Tata,400000,45000,Diesel,Individual,Manual,First Owner,19.1,1405,70.0,5,12
2237,Tata,140000,90000,Diesel,Individual,Manual,Higher,16.1,1405,70.0,5,21
2238,Tata,229999,140000,Diesel,Individual,Manual,Second Owner,11.57,2159,138.1,7,15
2239,Ford,110000,83000,Petrol,Individual,Manual,Second Owner,13.8,1299,70.0,5,23
2240,Volkswagen,550000,106000,Diesel,Individual,Automatic,Second Owner,16.96,1968,138.1,5,15
2241,Chevrolet,150000,60000,Petrol,Individual,Manual,Higher,15.26,1150,74.9,5,18
2242,Maruti,265000,40000,Petrol,Individual,Manual,Second Owner,16.8,796,34.2,8,9
2243,Hyundai,300000,138000,Petrol,Individual,Manual,Higher,17.0,1197,80.0,5,15
2244,Maruti,280000,80000,Petrol,Individual,Manual,First Owner,22.74,796,47.3,5,11
2245,Hyundai,130000,50000,Petrol,Individual,Manual,Second Owner,15.3,1341,83.0,5,21
2246,Chevrolet,350000,50000,Petrol,Individual,Manual,First Owner,18.2,1199,82.4,5,11
2247,Maruti,200000,120000,Petrol,Individual,Manual,First Owner,18.5,1197,85.8,5,17
2248,Maruti,550000,24400,Petrol,Individual,Manual,First Owner,22.0,1197,81.8,5,8
2249,Mahindra,400000,60000,Diesel,Individual,Manual,Second Owner,15.96,2159,62.1,7,13
2250,Maruti,170000,120000,Petrol,Individual,Manual,Second Owner,18.5,1197,85.8,5,16
2251,Hyundai,600000,60000,Diesel,Individual,Manual,Second Owner,24.8,1396,88.7,5,11
2252,Maruti,130000,100000,Petrol,Individual,Manual,Second Owner,19.7,796,46.3,5,15
2254,Maruti,100000,120000,Petrol,Individual,Manual,Second Owner,16.1,796,37.0,4,15
2255,Renault,310000,27500,Petrol,Individual,Manual,First Owner,25.17,799,53.3,5,10
2256,Maruti,35000,10000,Petrol,Individual,Manual,First Owner,16.1,796,37.0,4,19
2257,Hyundai,200000,120000,Petrol,Individual,Manual,Higher,18.5,1197,80.0,5,16
2259,Hyundai,650000,80000,Diesel,Individual,Manual,First Owner,22.54,1396,88.73,5,11
2260,Tata,210000,120000,Petrol,Individual,Manual,First Owner,15.64,1193,64.1,5,13
2261,Hyundai,509999,90000,Diesel,Individual,Manual,First Owner,24.4,1120,71.01,5,11
2262,Ford,229999,70000,Diesel,Individual,Manual,First Owner,20.0,1399,68.1,5,13
2263,Renault,409999,186062,Diesel,Individual,Manual,Second Owner,19.01,1461,108.45,5,12
2264,Chevrolet,130000,67840,Petrol,Individual,Manual,First Owner,18.0,995,62.0,5,15
2265,Tata,95000,30000,Petrol,Individual,Manual,First Owner,25.4,624,37.48,4,13
2266,Maruti,225000,35000,Petrol,Individual,Manual,Second Owner,22.74,796,47.3,5,10
2268,Maruti,775000,100000,Diesel,Individual,Manual,First Owner,24.3,1248,88.5,5,9
2269,Maruti,420000,30000,Petrol,Individual,Manual,First Owner,20.51,998,67.04,5,9
2270,Hyundai,480000,70000,Petrol,Individual,Manual,First Owner,18.9,1197,82.0,5,10
2272,Mahindra,260000,186062,Diesel,Individual,Manual,Second Owner,13.6,2159,63.0,7,16
2274,Volkswagen,600000,15000,Petrol,Individual,Manual,First Owner,16.2,1199,74.0,5,8
2275,Ford,140000,140000,Diesel,Individual,Manual,Second Owner,13.8,1399,68.0,5,17
2276,Maruti,130000,120000,Petrol,Individual,Manual,Higher,19.7,796,35.0,8,16
2277,Maruti,195000,112880,Diesel,Dealer,Manual,First Owner,25.2,1248,74.0,5,19
2278,Tata,210000,135000,Diesel,Dealer,Manual,Second Owner,19.4,1405,70.0,5,13
2279,Maruti,130000,80000,Petrol,Individual,Manual,Higher,18.9,998,67.1,5,20
2280,Chevrolet,141000,128000,Petrol,Individual,Manual,Higher,18.6,1199,79.4,5,14
2281,Mahindra,280000,120000,Diesel,Individual,Manual,First Owner,13.6,2159,63.0,7,15
2282,Maruti,350000,30000,Petrol,Individual,Automatic,First Owner,12.6,1586,103.2,5,16
2283,Tata,575000,70000,Petrol,Individual,Manual,First Owner,17.0,1198,108.5,5,8
2284,Hyundai,550000,41000,Petrol,Individual,Manual,First Owner,18.6,1197,81.83,5,11
2286,Maruti,120000,30000,Petrol,Individual,Manual,Second Owner,19.7,796,46.3,5,20
2287,Maruti,320000,30000,Petrol,Individual,Manual,First Owner,23.95,998,67.05,5,11
2288,Hyundai,250000,35000,Petrol,Individual,Manual,First Owner,16.36,1495,93.7,5,15
2289,Maruti,300000,22000,Petrol,Individual,Manual,First Owner,15.0,1586,104.68,5,16
2290,Maruti,250000,70000,Petrol,Individual,Manual,First Owner,18.9,998,67.1,5,20
2292,Mahindra,750000,70000,Diesel,Individual,Manual,First Owner,16.5,1493,70.0,7,8
2293,Mahindra,151000,186062,Diesel,Individual,Manual,Second Owner,10.5,2159,120.0,8,21
2294,Tata,300000,120000,Diesel,Individual,Manual,First Owner,13.93,2159,138.03,7,15
2295,Maruti,577000,3000,Petrol,Individual,Manual,First Owner,20.89,1197,81.8,5,7
2296,Maruti,229999,50000,Petrol,Individual,Manual,First Owner,20.92,998,67.1,5,14
2297,Mahindra,500000,50000,Diesel,Individual,Manual,First Owner,15.96,2159,62.1,7,13
2298,Honda,840000,1500,Petrol,Individual,Automatic,First Owner,18.2,1199,88.7,5,7
2299,Volkswagen,900000,74000,Diesel,Individual,Manual,First Owner,22.27,1498,108.6,5,9
2300,Honda,650000,25000,Petrol,Individual,Manual,First Owner,18.7,1199,88.7,5,9
2301,Honda,650000,61915,Diesel,Individual,Manual,First Owner,27.3,1498,98.6,5,10
2302,Hyundai,250000,110000,Petrol,Individual,Manual,First Owner,21.1,814,55.2,5,10
2303,Volkswagen,550000,70000,Diesel,Individual,Manual,First Owner,20.14,1498,88.0,5,10
2304,Maruti,250000,150000,Diesel,Individual,Manual,Higher,17.8,1248,75.0,5,19
2305,Mahindra,350000,110000,Diesel,Individual,Manual,Second Owner,17.21,1493,100.0,7,13
2306,Chevrolet,185000,90000,Diesel,Individual,Manual,Second Owner,25.44,936,56.3,5,12
2307,Ford,229999,120000,Petrol,Individual,Manual,Higher,15.6,1196,70.0,5,16
2308,Toyota,1000000,65000,Diesel,Individual,Manual,First Owner,12.99,2159,100.6,8,10
2309,Maruti,490000,10000,Petrol,Individual,Manual,First Owner,20.52,1197,81.8,5,7
2310,Hyundai,150000,80000,Petrol,Individual,Manual,Second Owner,20.36,1197,78.9,5,17
2311,Maruti,600000,184000,Diesel,Individual,Manual,First Owner,20.77,1248,88.76,7,13
2312,Maruti,270000,80000,Other,Individual,Manual,Second Owner,30.63,998,58.33,5,13
2313,Maruti,60000,70000,Petrol,Individual,Manual,Second Owner,17.3,993,60.0,5,21
2314,Maruti,150000,89000,Petrol,Individual,Manual,Second Owner,15.6,1586,104.68,5,18
2315,Honda,335000,33033,Petrol,Dealer,Manual,First Owner,19.4,1198,86.8,5,12
2316,Maruti,525000,69000,Diesel,Individual,Manual,Second Owner,22.9,1248,74.0,5,13
2317,Hyundai,465000,63063,Petrol,Dealer,Automatic,First Owner,18.9,1197,82.0,5,11
2318,Tata,83000,90000,Diesel,Individual,Manual,Second Owner,25.0,1396,69.0,5,14
2319,Hyundai,300000,8000,Petrol,Individual,Manual,First Owner,21.1,814,55.2,5,9
2320,Hyundai,350000,35000,Petrol,Individual,Manual,First Owner,17.0,1197,80.0,5,14
2321,Hyundai,300000,45000,Petrol,Individual,Manual,First Owner,17.0,1197,80.0,5,15
2322,Others,250000,30000,Diesel,Individual,Manual,First Owner,20.4,1248,91.2,5,15
2323,Maruti,114999,59000,Petrol,Individual,Manual,Second Owner,16.1,796,37.0,4,20
2324,Maruti,700000,6200,Petrol,Individual,Manual,First Owner,19.34,1462,103.0,7,8
2325,Maruti,250000,120000,Petrol,Individual,Manual,Second Owner,21.63,998,67.0,5,6
2326,Maruti,350000,70000,Petrol,Individual,Manual,First Owner,20.51,998,67.04,5,10
2327,Maruti,80000,70000,Petrol,Individual,Manual,First Owner,14.0,796,35.0,5,28
2328,Mahindra,850000,110000,Diesel,Individual,Manual,First Owner,15.4,2159,75.0,7,9
2330,Chevrolet,90000,93000,Petrol,Individual,Manual,Higher,18.0,995,62.0,5,19
2331,Chevrolet,600000,110000,Diesel,Individual,Manual,First Owner,13.58,2159,72.4,10,12
2332,Maruti,135000,57000,Petrol,Individual,Manual,First Owner,19.7,796,46.3,5,19
2333,Hyundai,150000,120000,Petrol,Individual,Manual,First Owner,13.2,1495,94.0,5,21
2334,Tata,259000,35000,Diesel,Individual,Manual,First Owner,23.03,1396,69.0,5,14
2335,Tata,220000,90000,Diesel,Individual,Manual,First Owner,23.03,1396,69.0,5,14
2336,Tata,246000,35000,Diesel,Individual,Manual,Second Owner,23.03,1396,69.0,5,14
2337,Maruti,240000,120000,Petrol,Individual,Manual,First Owner,17.5,1298,85.8,5,17
2338,Hyundai,946000,60000,Diesel,Individual,Manual,First Owner,22.1,1396,88.7,5,8
2339,Tata,215000,70000,Diesel,Individual,Manual,First Owner,23.03,1396,69.0,5,15
2340,Maruti,50000,60000,Petrol,Individual,Manual,Higher,17.3,993,60.0,5,27
2341,Honda,310000,100000,Diesel,Individual,Manual,First Owner,25.8,1498,98.6,5,13
2342,Hyundai,220000,35000,Petrol,Individual,Manual,First Owner,20.36,1197,78.9,5,18
2343,Maruti,195000,90000,Diesel,Individual,Manual,Higher,17.8,1248,75.0,5,18
2344,Hyundai,650000,50000,Petrol,Individual,Manual,First Owner,17.19,1197,81.86,5,11
2345,Hyundai,350000,98000,Petrol,Individual,Manual,First Owner,18.5,1197,80.0,5,15
2346,Hyundai,360000,30000,Petrol,Individual,Manual,First Owner,18.5,1197,82.85,5,13
2347,Hyundai,550000,50000,Petrol,Individual,Manual,Second Owner,16.3,1797,147.5,5,13
2348,Hyundai,490000,26000,Petrol,Individual,Manual,First Owner,18.9,1197,82.0,5,10
2349,Maruti,195000,46000,Petrol,Individual,Manual,Second Owner,19.7,796,46.3,5,15
2350,Maruti,125000,80000,Petrol,Individual,Manual,Higher,19.7,796,46.3,5,16
2351,Tata,459999,10000,Petrol,Individual,Manual,First Owner,23.84,1199,84.0,5,7
2352,Maruti,275000,16700,Petrol,Individual,Manual,First Owner,22.74,796,47.3,5,11
2353,Maruti,680000,70000,Diesel,Individual,Manual,First Owner,28.4,1248,74.02,5,8
2354,Maruti,600000,7967,Petrol,Individual,Manual,First Owner,20.85,1197,83.14,5,11
2355,Maruti,720000,20000,Petrol,Individual,Manual,First Owner,22.0,1197,81.8,5,8
2357,Renault,356000,9656,Petrol,Individual,Manual,First Owner,25.17,799,53.3,5,10
2358,Hyundai,225000,50000,Petrol,Individual,Manual,First Owner,19.81,1086,68.05,5,15
2359,Ford,725000,17000,Diesel,Individual,Manual,First Owner,24.4,1498,98.63,5,7
2360,Chevrolet,130000,50000,Petrol,Individual,Manual,First Owner,18.0,995,62.0,5,16
2361,Renault,300000,10000,Petrol,Individual,Manual,First Owner,25.17,799,53.3,5,11
2362,Hyundai,400000,43000,Petrol,Individual,Manual,Second Owner,18.5,1197,82.85,5,13
2363,Hyundai,550000,50000,Diesel,Individual,Manual,First Owner,23.5,1396,88.7,5,13
2364,Maruti,120000,90000,Petrol,Individual,Manual,Second Owner,18.9,998,67.0,5,20
2365,Mahindra,409999,100000,Diesel,Individual,Manual,Second Owner,14.0,2159,112.0,8,14
2366,Hyundai,110000,80000,Petrol,Individual,Manual,Second Owner,8.470000000000002,1086,62.1,5,16
2367,Mahindra,450000,120000,Diesel,Individual,Manual,First Owner,15.96,2159,62.1,7,14
2368,Maruti,610000,5000,Petrol,Individual,Manual,First Owner,21.21,1197,81.8,5,7
2369,Ford,515000,68609,Diesel,Dealer,Manual,First Owner,22.7,1498,89.84,5,10
2370,Ford,925000,33360,Diesel,Dealer,Manual,First Owner,22.77,1498,98.59,5,8
2371,Others,860000,14317,Petrol,Dealer,Manual,First Owner,14.23,1498,104.55,5,7
2372,Ford,225000,87237,Diesel,Dealer,Manual,Second Owner,20.0,1399,68.05,5,14
2373,Ford,500000,62960,Diesel,Dealer,Manual,First Owner,25.83,1498,99.0,5,9
2374,Maruti,600000,26634,Petrol,Dealer,Automatic,First Owner,21.21,1197,81.8,5,9
2375,Ford,195000,163720,Diesel,Dealer,Manual,First Owner,18.5,1399,68.0,5,14
2376,Maruti,265000,67998,Petrol,Dealer,Manual,First Owner,18.9,998,67.1,5,14
2377,Ford,650000,20706,Diesel,Dealer,Manual,First Owner,23.8,1499,98.63,5,8
2378,Ford,415000,100581,Diesel,Dealer,Manual,First Owner,25.83,1498,99.0,5,11
2379,Renault,600000,67303,Diesel,Dealer,Manual,First Owner,20.45,1461,83.8,5,11
2380,Maruti,340000,79139,Petrol,Dealer,Manual,First Owner,18.5,1197,85.8,5,13
2381,Hyundai,350000,84784,Diesel,Dealer,Manual,First Owner,24.0,1120,70.0,5,12
2382,Maruti,265000,130376,Diesel,Dealer,Manual,Second Owner,23.2,1248,73.94,5,14
2383,Tata,625000,72000,Diesel,Individual,Manual,First Owner,13.93,2159,138.03,7,9
2384,Hyundai,245000,127000,Diesel,Individual,Manual,Second Owner,16.8,1493,110.0,5,18
2385,Maruti,395000,120000,Diesel,Individual,Manual,First Owner,25.2,1248,74.0,5,12
2387,Hyundai,490000,100000,Diesel,Individual,Manual,First Owner,24.4,1120,71.0,5,12
2389,Maruti,955000,40000,Diesel,Individual,Manual,First Owner,24.52,1248,88.5,7,8
2390,Maruti,525000,110000,Diesel,Individual,Manual,First Owner,23.4,1248,74.0,5,13
2391,Tata,550000,30000,Petrol,Individual,Manual,First Owner,20.3,1199,84.0,5,9
2392,Tata,200000,120000,Diesel,Individual,Manual,Second Owner,19.1,1405,70.0,5,12
2393,Ford,500000,15000,Petrol,Individual,Manual,First Owner,18.16,1196,86.8,5,9
2394,Maruti,825000,33500,Diesel,Individual,Manual,First Owner,23.65,1248,88.5,5,10
2395,Mahindra,250000,70000,Diesel,Individual,Manual,First Owner,17.21,1493,100.0,7,14
2396,Toyota,600000,10000,Petrol,Individual,Manual,First Owner,18.16,1197,78.8,5,11
2397,Mahindra,1320000,22053,Diesel,Individual,Manual,First Owner,16.36,2159,120.0,7,8
2398,Mahindra,770000,50000,Diesel,Individual,Manual,First Owner,18.49,1493,100.0,7,10
2399,Chevrolet,415000,78432,Diesel,Individual,Manual,First Owner,16.52,1991,123.7,5,15
2400,Hyundai,825000,125000,Diesel,Individual,Manual,Second Owner,14.66,2159,152.925,7,15
2401,Ford,530000,80000,Diesel,Individual,Manual,First Owner,26.1,1498,99.23,5,8
2402,Toyota,425000,186062,Diesel,Individual,Manual,Higher,12.8,2159,102.0,8,20
2403,Honda,310000,50000,Petrol,Individual,Manual,Second Owner,19.4,1198,86.8,5,14
2404,Tata,390000,20000,Petrol,Individual,Manual,First Owner,23.84,1199,84.0,5,9
2405,Hyundai,700000,30000,Petrol,Individual,Manual,First Owner,15.29,1591,121.3,5,10
2406,Hyundai,200000,70000,Petrol,Individual,Manual,Second Owner,19.81,1086,68.05,5,16
2407,Toyota,1050000,7200,Diesel,Individual,Manual,First Owner,12.99,2159,100.6,8,13
2408,Honda,580000,97000,Diesel,Individual,Manual,First Owner,26.0,1498,98.6,5,12
2409,Hyundai,200000,60000,Petrol,Individual,Manual,Second Owner,21.1,814,55.2,5,12
2410,Chevrolet,245000,25000,Petrol,Individual,Manual,First Owner,18.2,1199,84.8,5,13
2411,Hyundai,210000,94000,Petrol,Individual,Manual,Second Owner,20.36,1197,78.9,5,16
2412,Maruti,50000,90000,Petrol,Individual,Manual,Second Owner,15.4,1590,94.0,5,21
2413,Chevrolet,700000,50000,Diesel,Individual,Automatic,Second Owner,12.12,2159,152.925,7,14
2414,Tata,660000,35000,Diesel,Individual,Manual,First Owner,22.95,1248,74.0,5,7
2415,Honda,630000,117500,Petrol,Individual,Manual,Second Owner,17.4,1497,117.3,5,11
2416,Mahindra,950000,78500,Diesel,Individual,Manual,First Owner,15.1,2159,140.0,7,14
2417,Hyundai,740000,8000,Petrol,Individual,Manual,First Owner,18.6,1197,81.83,5,8
2418,Ford,570000,25000,Petrol,Individual,Manual,First Owner,18.12,1196,86.8,5,9
2419,Hyundai,450000,60000,Diesel,Individual,Manual,Higher,22.32,1582,126.32,5,14
2420,Others,390000,10000,Petrol,Individual,Manual,First Owner,22.5,999,67.0,5,7
2421,Ford,180000,70000,Petrol,Individual,Manual,Second Owner,14.2,1597,92.0,5,17
2422,Tata,130000,60000,Petrol,Individual,Manual,First Owner,25.4,624,37.48,4,11
2423,Honda,270000,70000,Petrol,Individual,Manual,Second Owner,17.7,1497,78.0,5,20
2424,Maruti,60000,25000,Petrol,Individual,Manual,Higher,16.1,796,37.0,4,29
2425,Hyundai,170000,90000,Petrol,Individual,Manual,Higher,13.9,1599,103.2,5,20
2426,Hyundai,978999,90000,Diesel,Individual,Manual,First Owner,19.67,1582,126.2,5,11
2427,Tata,490000,25000,Petrol,Individual,Manual,First Owner,23.84,1199,84.0,5,8
2428,Ford,280000,60000,Diesel,Individual,Manual,Second Owner,23.5,1498,88.7,5,14
2429,Tata,390000,25000,Petrol,Individual,Manual,First Owner,23.84,1199,84.0,5,8
2430,Maruti,170000,60000,Petrol,Individual,Manual,Higher,22.74,796,47.3,5,13
2431,Chevrolet,45000,70000,Petrol,Individual,Manual,First Owner,18.0,995,62.0,5,18
2432,Maruti,640000,80000,Diesel,Individual,Manual,Second Owner,24.52,1248,88.5,7,10
2433,Mahindra,650000,110000,Diesel,Individual,Manual,Second Owner,15.4,2159,75.0,9,11
2434,Mahindra,500000,115717,Diesel,Individual,Manual,First Owner,12.05,2159,120.0,9,13
2435,Ford,90000,110000,Diesel,Individual,Manual,Second Owner,17.7,1399,68.0,5,18
2436,Tata,480000,70000,Diesel,Individual,Manual,Second Owner,15.05,2159,147.9,7,12
2437,Maruti,630000,4000,Petrol,Individual,Manual,First Owner,21.21,1197,81.8,5,7
2438,Hyundai,250000,50000,Petrol,Individual,Manual,First Owner,20.36,1197,78.9,5,15
2439,Hyundai,330000,70000,Petrol,Individual,Manual,Higher,18.9,1197,82.0,5,10
2440,Hyundai,180000,70000,Petrol,Individual,Manual,Second Owner,20.36,1197,78.9,5,17
2441,Hyundai,210000,50000,Petrol,Individual,Manual,Second Owner,18.5,1197,80.0,5,16
2442,Maruti,550000,55000,Diesel,Individual,Manual,First Owner,26.59,1248,74.0,5,10
2443,Tata,950000,5000,Petrol,Individual,Automatic,First Owner,17.0,1198,108.5,5,6
2444,Mahindra,430000,100000,Diesel,Individual,Manual,Second Owner,15.96,2159,62.1,7,13
2445,Hyundai,348000,23000,Petrol,Individual,Manual,Second Owner,20.36,1197,78.9,5,12
2446,Maruti,196000,60000,Petrol,Individual,Manual,Second Owner,22.74,796,47.3,5,12
2447,Maruti,150000,70000,Petrol,Individual,Manual,Second Owner,18.9,1061,67.0,5,16
2449,Maruti,150000,60000,Petrol,Individual,Manual,Second Owner,18.9,1061,67.0,5,17
2450,Tata,1250000,100000,Diesel,Individual,Manual,First Owner,14.1,2159,152.925,7,7
2451,Maruti,600000,90000,Diesel,Individual,Manual,Higher,20.77,1248,88.76,7,11
2452,Tata,65000,26432,Petrol,Dealer,Manual,First Owner,25.4,624,37.48,4,16
2453,Maruti,220000,46702,Petrol,Dealer,Manual,First Owner,16.8,796,34.2,8,10
2454,Maruti,220000,46706,Petrol,Dealer,Manual,First Owner,16.8,796,34.2,8,10
2455,Tata,110000,53523,Petrol,Dealer,Manual,First Owner,16.84,1193,64.4,5,20
2456,Chevrolet,175000,56365,Diesel,Dealer,Manual,First Owner,25.44,936,56.3,5,14
2457,Chevrolet,160000,49563,Petrol,Dealer,Manual,First Owner,16.2,995,62.1,5,15
2458,Maruti,65000,56432,Petrol,Dealer,Manual,First Owner,16.1,796,37.0,4,22
2459,Maruti,60000,52365,Petrol,Dealer,Manual,Second Owner,16.1,796,37.0,4,24
2460,Maruti,120000,53512,Petrol,Dealer,Manual,Second Owner,19.7,796,46.3,5,19
2462,Mahindra,1000000,40000,Diesel,Individual,Automatic,First Owner,11.18,2159,152.925,7,13
2463,Maruti,220000,46533,Petrol,Dealer,Manual,First Owner,18.9,998,67.1,5,16
2465,Maruti,114999,58632,Petrol,Dealer,Manual,Second Owner,14.0,796,35.0,5,18
2467,Mahindra,850000,80000,Diesel,Individual,Automatic,Second Owner,16.0,2159,140.0,7,10
2468,Maruti,750000,70000,Diesel,Individual,Manual,First Owner,24.52,1248,88.5,7,10
2469,Renault,265000,90000,Petrol,Individual,Manual,First Owner,23.01,999,67.0,5,9
2470,Ford,450000,110000,Petrol,Individual,Manual,Second Owner,14.09,1596,99.6,5,12
2471,Mahindra,225000,90000,Diesel,Individual,Manual,First Owner,17.21,1493,100.0,7,13
2472,Mahindra,1125000,70000,Diesel,Individual,Manual,First Owner,15.4,2159,120.0,7,11
2473,Maruti,270000,80000,Petrol,Individual,Manual,First Owner,16.6,1197,85.0,5,17
2474,Maruti,130000,78000,Petrol,Individual,Manual,First Owner,19.7,796,46.3,5,19
2475,Mahindra,660000,45000,Diesel,Individual,Manual,First Owner,16.5,1493,70.0,7,9
2476,Maruti,240000,50000,Petrol,Individual,Manual,Second Owner,23.95,998,67.05,5,11
2477,Maruti,275000,58000,Petrol,Individual,Manual,First Owner,24.7,796,47.3,5,9
2478,Toyota,750000,120000,Diesel,Individual,Manual,First Owner,12.8,2159,102.0,8,14
2479,Chevrolet,65000,30000,Petrol,Individual,Manual,Second Owner,14.7,1150,76.0,5,19
2480,Tata,850000,162000,Diesel,Individual,Manual,First Owner,14.1,2159,147.94,7,9
2481,Maruti,300000,50000,Other,Individual,Manual,Second Owner,26.6,998,58.16,5,10
2482,Hyundai,555000,25000,Petrol,Individual,Manual,Second Owner,18.6,1197,81.83,5,8
2483,Mahindra,825000,60000,Diesel,Individual,Manual,First Owner,15.4,1997,120.0,7,11
2484,Hyundai,150000,70000,Other,Individual,Manual,Higher,13.45,1086,62.1,5,16
2485,Maruti,185000,138000,Diesel,Individual,Manual,Second Owner,19.3,1248,73.9,5,17
2486,Hyundai,180000,70000,Petrol,Individual,Manual,Second Owner,20.36,1197,78.9,5,16
2487,Maruti,160000,48000,Petrol,Individual,Manual,Second Owner,19.7,796,46.3,5,16
2488,Ford,500000,110000,Diesel,Individual,Automatic,First Owner,11.4,2159,152.925,7,14
2489,Maruti,375000,88000,Diesel,Individual,Manual,Second Owner,25.2,1248,74.0,5,12
2490,Toyota,900000,68000,Diesel,Individual,Manual,First Owner,12.99,2159,100.6,7,11
2491,Hyundai,459999,70000,Petrol,Individual,Manual,First Owner,18.9,1197,82.0,5,9
2492,Renault,480000,80000,Diesel,Individual,Manual,First Owner,20.45,1461,83.8,5,12
2493,Maruti,320000,100000,Diesel,Individual,Manual,Higher,22.9,1248,74.0,5,13
2494,Maruti,370000,96000,Diesel,Individual,Manual,Second Owner,22.9,1248,74.0,5,13
2496,Maruti,75000,30000,Petrol,Individual,Manual,Higher,17.3,993,60.0,5,24
2497,Maruti,400000,60000,Diesel,Individual,Manual,Higher,23.2,1248,73.94,5,10
2499,Maruti,425000,65000,Diesel,Individual,Manual,First Owner,25.2,1248,74.0,5,12
2500,Maruti,325000,48000,Petrol,Individual,Manual,First Owner,23.1,998,67.04,5,12
2501,Hyundai,350000,65300,Petrol,Individual,Manual,Second Owner,18.9,1197,82.0,5,10
2502,Hyundai,600000,40000,Petrol,Individual,Manual,First Owner,18.6,1197,81.83,5,8
2503,Chevrolet,120000,60000,Diesel,Individual,Manual,Second Owner,25.44,936,57.6,5,14
2504,Maruti,200000,70000,Petrol,Individual,Manual,Second Owner,20.92,998,67.1,5,14
2505,Maruti,100000,70000,Petrol,Individual,Manual,Higher,19.7,796,46.3,5,18
2506,Hyundai,350000,70000,Diesel,Individual,Manual,Second Owner,24.0,1120,70.0,5,12
2507,Maruti,85000,150000,Petrol,Individual,Manual,Second Owner,19.7,796,46.3,5,20
2508,Maruti,399000,10000,Petrol,Individual,Manual,First Owner,23.95,998,67.05,5,7
2509,Hyundai,580000,56000,Diesel,Individual,Manual,First Owner,22.32,1582,126.3,5,12
2510,Others,290000,30000,Petrol,Individual,Manual,First Owner,22.7,799,53.64,5,9
2511,Hyundai,380000,50000,Petrol,Individual,Manual,Second Owner,18.9,1197,82.0,5,12
2512,Ford,200000,120000,Diesel,Individual,Manual,First Owner,20.0,1399,68.0,5,16
2513,Maruti,390000,40000,Other,Individual,Manual,First Owner,26.6,998,58.16,5,8
2514,Hyundai,500000,27500,Petrol,Individual,Manual,First Owner,18.9,1197,81.86,5,9
2515,Maruti,520000,73000,Diesel,Individual,Manual,First Owner,20.77,1248,88.76,7,14
2516,Maruti,650000,75000,Diesel,Individual,Manual,First Owner,26.59,1248,74.0,5,9
2517,Renault,380000,5000,Petrol,Individual,Manual,First Owner,23.01,999,67.0,5,8
2518,Maruti,275000,50000,Other,Individual,Manual,First Owner,26.2,998,58.2,5,16
2519,Maruti,520000,70000,Diesel,Individual,Manual,First Owner,26.59,1248,74.0,5,11
2520,Maruti,610000,60000,Diesel,Individual,Manual,First Owner,26.59,1248,74.0,5,11
2521,Maruti,85000,110000,Petrol,Individual,Manual,First Owner,18.9,998,67.1,5,22
2522,Renault,490000,95000,Diesel,Individual,Manual,First Owner,20.46,1461,83.8,5,13
2523,Hyundai,229999,34000,Petrol,Individual,Manual,Second Owner,21.1,814,55.2,5,11
2524,Hyundai,411000,25000,Petrol,Individual,Manual,First Owner,18.9,1197,82.0,5,11
2525,Maruti,362000,120000,Other,Individual,Manual,Second Owner,21.94,1196,61.7,5,7
2526,Toyota,550000,31000,Diesel,Individual,Manual,First Owner,23.59,1364,67.06,5,12
2527,Maruti,459999,70000,Other,Individual,Manual,First Owner,26.6,998,58.16,5,8
2528,Maruti,190000,47000,Petrol,Individual,Manual,First Owner,18.5,1197,85.8,5,15
2529,Hyundai,499000,5000,Petrol,Individual,Automatic,First Owner,20.3,1086,68.0,5,7
2530,Maruti,358000,44000,Petrol,Individual,Manual,First Owner,15.37,1196,73.0,7,8
2531,Toyota,278000,120000,Diesel,Individual,Manual,Second Owner,23.59,1364,67.1,5,14
2532,Others,320000,39395,Diesel,Individual,Manual,First Owner,21.2,1248,75.0,5,12
2533,Renault,580000,67000,Diesel,Individual,Manual,Second Owner,20.4,1461,108.5,5,13
2534,Honda,1300000,20000,Petrol,Individual,Automatic,First Owner,17.4,1497,117.6,5,7
2535,Honda,825000,40000,Diesel,Individual,Manual,First Owner,25.8,1498,98.6,5,8
2536,Toyota,170000,120000,Petrol,Individual,Manual,Second Owner,13.4,1794,125.0,5,22
2537,Toyota,1320000,80000,Diesel,Individual,Manual,Second Owner,12.55,2159,152.925,7,12
2538,Hyundai,490000,7000,Petrol,Individual,Manual,First Owner,20.3,1086,68.0,5,8
2539,Mahindra,1050000,15000,Diesel,Individual,Manual,First Owner,16.0,2159,140.0,7,8
2540,Chevrolet,210000,50000,Petrol,Individual,Manual,First Owner,18.6,1199,76.8,5,10
2541,Mahindra,1250000,30000,Diesel,Individual,Manual,First Owner,15.4,2159,120.0,7,10
2542,Maruti,320000,120000,Diesel,Individual,Manual,Second Owner,22.9,1248,74.0,5,14
2543,Chevrolet,400000,64000,Diesel,Individual,Manual,First Owner,16.52,1991,123.7,5,14
2544,Maruti,320000,120000,Diesel,Individual,Manual,First Owner,23.2,1248,73.94,5,13
2545,Toyota,600000,85000,Diesel,Individual,Manual,First Owner,21.43,1364,87.2,5,14
2546,Maruti,275000,50000,Petrol,Individual,Manual,First Owner,20.92,998,67.1,5,14
2547,Maruti,170000,59000,Petrol,Individual,Manual,Second Owner,19.7,796,46.3,5,17
2548,Chevrolet,155000,98000,Diesel,Individual,Manual,First Owner,25.44,936,57.6,5,14
2552,Renault,620000,140000,Diesel,Individual,Manual,Second Owner,20.45,1461,83.8,5,11
2553,Hyundai,530000,50000,Petrol,Individual,Manual,First Owner,18.9,1197,81.86,5,9
2554,Toyota,550000,40000,Diesel,Individual,Manual,First Owner,23.59,1364,67.04,5,11
2555,Honda,600000,90000,Diesel,Individual,Manual,First Owner,26.0,1498,98.6,5,12
2556,Mahindra,649000,117000,Diesel,Individual,Manual,Higher,15.1,2159,140.0,7,12
2557,Honda,625000,90000,Diesel,Individual,Manual,First Owner,26.0,1498,98.6,5,12
2558,Chevrolet,125000,70000,Petrol,Individual,Manual,First Owner,16.0,995,63.0,5,16
2559,Chevrolet,305000,186062,Diesel,Individual,Manual,Second Owner,13.58,2159,72.4,9,17
2560,Maruti,285000,155000,Petrol,Individual,Manual,Second Owner,15.5,1586,103.3,5,16
2561,Tata,600000,60000,Diesel,Individual,Manual,Second Owner,13.49,2159,138.03,5,11
2562,Mahindra,426000,110000,Petrol,Individual,Manual,First Owner,18.15,1198,82.0,6,10
2563,Tata,180000,120000,Diesel,Individual,Manual,First Owner,17.0,1405,71.0,5,16
2564,Hyundai,400000,100000,Diesel,Individual,Manual,Second Owner,22.32,1582,126.32,5,15
2565,Chevrolet,120000,40000,Petrol,Individual,Manual,Second Owner,18.6,1199,79.4,5,16
2566,Tata,300000,110000,Diesel,Individual,Manual,Second Owner,21.12,1248,88.8,5,14
2567,Maruti,190000,92500,Petrol,Individual,Manual,Second Owner,20.92,998,67.1,5,15
2568,Maruti,310000,20000,Petrol,Individual,Manual,First Owner,24.7,796,47.3,5,9
2569,Renault,380000,15000,Petrol,Individual,Manual,First Owner,25.17,799,53.3,5,7
2570,Mahindra,740000,14000,Diesel,Individual,Manual,First Owner,16.5,1493,70.0,7,7
2571,Others,260000,35000,Petrol,Individual,Manual,First Owner,22.7,799,53.64,5,10
2572,Maruti,320000,32000,Petrol,Individual,Manual,Second Owner,23.95,998,67.05,5,9
2573,Maruti,211000,90000,Other,Individual,Manual,First Owner,26.6,998,58.16,5,13
2574,Maruti,650000,35000,Petrol,Individual,Manual,First Owner,22.0,1197,81.8,5,8
2575,Maruti,651000,32500,Diesel,Individual,Manual,Second Owner,28.4,1248,74.02,5,9
2576,Maruti,380000,14000,Petrol,Individual,Automatic,First Owner,23.95,998,67.05,5,7
2577,Chevrolet,160000,70000,Diesel,Individual,Manual,Higher,25.44,936,56.3,5,12
2578,Hyundai,1270000,20000,Petrol,Individual,Automatic,First Owner,17.0,1591,121.3,5,7
2579,Maruti,300000,186062,Other,Individual,Manual,First Owner,26.2,998,58.2,5,15
2580,Maruti,405000,100000,Diesel,Individual,Manual,First Owner,25.2,1248,74.0,5,11
2581,Mahindra,850000,64800,Diesel,Individual,Manual,First Owner,15.1,2159,140.0,7,11
2582,Mahindra,680000,90000,Diesel,Individual,Manual,First Owner,16.5,1493,70.0,7,9
2583,Hyundai,426999,80000,Petrol,Individual,Manual,First Owner,19.1,1197,82.0,5,12
2584,Hyundai,525000,186062,Diesel,Individual,Manual,First Owner,24.8,1396,88.7,5,11
2585,Toyota,1019999,60000,Diesel,Individual,Manual,Second Owner,12.99,2159,100.6,7,12
2586,Toyota,245000,120000,Diesel,Individual,Manual,First Owner,12.8,2159,102.0,8,21
2587,Hyundai,869999,120000,Diesel,Individual,Manual,First Owner,22.7,1582,126.2,5,11
2588,Maruti,160000,66444,Other,Individual,Manual,First Owner,26.2,998,58.2,5,16
2589,Maruti,700000,86000,Diesel,Individual,Manual,First Owner,24.3,1248,88.5,5,10
2590,Others,300000,90000,Diesel,Individual,Manual,First Owner,21.64,1461,84.8,5,14
2591,Honda,175000,186062,Petrol,Individual,Automatic,First Owner,12.9,1799,130.0,5,19
2592,Toyota,960000,153000,Diesel,Individual,Manual,First Owner,12.8,2159,102.0,8,14
2593,Mahindra,525000,70000,Diesel,Individual,Manual,Second Owner,16.55,2159,105.0,6,12
2594,Hyundai,345000,60000,Diesel,Individual,Manual,First Owner,24.0,1120,70.0,5,11
2595,Honda,390000,50000,Petrol,Individual,Manual,First Owner,18.0,1198,86.7,5,11
2596,Others,275000,20000,Petrol,Individual,Manual,First Owner,20.63,1198,67.0,5,11
2597,Chevrolet,310000,35000,Petrol,Individual,Manual,First Owner,18.2,1199,82.4,5,12
2598,Hyundai,500000,20000,Petrol,Individual,Manual,First Owner,18.9,1197,81.86,5,9
2599,Chevrolet,200000,70000,Diesel,Individual,Manual,First Owner,22.1,1248,76.9,5,13
2600,Volkswagen,650000,53000,Diesel,Individual,Manual,First Owner,20.14,1498,88.0,5,8
2601,Honda,1031000,60000,Diesel,Individual,Manual,First Owner,25.6,1498,97.9,5,8
2602,Hyundai,330000,70000,Petrol,Individual,Manual,First Owner,20.3,998,68.05,5,8
2603,Hyundai,399000,4000,Petrol,Individual,Manual,First Owner,20.3,1086,68.0,5,7
2604,Hyundai,250000,103000,Petrol,Individual,Manual,First Owner,20.36,1197,78.9,5,14
2605,Hyundai,600000,20000,Diesel,Individual,Manual,First Owner,24.0,1186,73.97,5,9
2606,Maruti,375000,77000,Diesel,Individual,Manual,First Owner,22.9,1248,74.0,5,13
2607,Volkswagen,375000,90000,Diesel,Individual,Manual,First Owner,20.54,1598,103.6,5,14
2608,Hyundai,445000,87185,Diesel,Individual,Manual,Second Owner,22.32,1582,126.3,5,13
2609,Maruti,55000,167000,Petrol,Individual,Manual,Second Owner,18.9,998,67.1,5,23
2610,Hyundai,611000,77000,Diesel,Individual,Manual,First Owner,22.54,1396,88.73,5,10
2611,Hyundai,459999,110000,Diesel,Individual,Manual,Second Owner,24.8,1396,88.7,5,12
2612,Ford,275000,120000,Diesel,Individual,Manual,Second Owner,17.8,1399,68.0,5,15
2613,Hyundai,185000,170000,Other,Individual,Manual,First Owner,11.88,1086,62.1,5,15
2614,Hyundai,390000,100000,Diesel,Individual,Manual,Second Owner,22.32,1582,126.32,5,14
2615,Chevrolet,72000,40000,Petrol,Individual,Manual,Second Owner,18.0,995,62.0,5,19
2616,Tata,90000,50000,Diesel,Individual,Manual,First Owner,17.88,1396,52.8,5,19
2617,Toyota,500000,125000,Diesel,Individual,Manual,First Owner,23.59,1364,67.05,5,11
2618,Maruti,200000,137000,Other,Individual,Manual,First Owner,26.2,998,58.2,5,15
2619,Mahindra,1320000,18000,Diesel,Individual,Manual,First Owner,15.1,2159,152.87,7,7
2620,Hyundai,511000,30000,Petrol,Individual,Manual,First Owner,18.9,1197,82.0,5,11
2621,Others,150000,55000,Petrol,Individual,Manual,First Owner,14.6,1368,88.7,5,17
2622,Toyota,1320000,40000,Petrol,Individual,Automatic,First Owner,10.75,2159,152.925,8,6
2623,Maruti,185000,80000,Petrol,Individual,Manual,Second Owner,22.74,796,47.3,5,13
2624,Maruti,550000,30000,Petrol,Individual,Manual,First Owner,21.4,1197,83.1,5,8
2625,Maruti,325000,3564,Petrol,Individual,Manual,First Owner,23.95,998,67.05,5,9
2626,Maruti,525000,80000,Diesel,Individual,Manual,First Owner,26.59,1248,74.0,5,11
2627,Others,1050000,13000,Diesel,Individual,Manual,First Owner,17.0,2159,139.01,7,8
2628,Tata,300000,120000,Diesel,Individual,Manual,First Owner,25.0,1396,69.0,5,14
2629,Chevrolet,120000,90000,Petrol,Individual,Manual,First Owner,18.6,1199,79.4,5,15
2630,Others,1320000,9000,Diesel,Dealer,Automatic,First Owner,13.6,1999,152.925,5,9
2631,Others,1320000,20000,Petrol,Dealer,Automatic,First Owner,22.37,2159,152.925,5,7
2632,Others,1320000,45000,Diesel,Dealer,Automatic,First Owner,19.33,1999,152.925,5,9
2633,Tata,503000,110000,Diesel,Individual,Manual,First Owner,14.1,2159,147.94,7,11
2634,Others,1320000,20000,Diesel,Individual,Automatic,First Owner,18.0,1969,152.925,5,7
2635,Toyota,1320000,68089,Petrol,Dealer,Automatic,First Owner,19.16,2159,152.925,5,10
2636,Maruti,225000,58343,Petrol,Dealer,Manual,First Owner,21.79,998,67.05,5,13
2637,Maruti,740000,38817,Diesel,Dealer,Manual,First Owner,27.39,1248,74.0,5,8
2638,Honda,550000,56494,Petrol,Dealer,Manual,First Owner,18.2,1199,88.7,5,10
2639,Toyota,750000,79328,Diesel,Dealer,Manual,Second Owner,12.99,2159,100.6,7,13
2640,Maruti,650000,5621,Petrol,Dealer,Automatic,First Owner,22.0,1197,81.8,5,7
2641,Toyota,625000,25538,Petrol,Dealer,Manual,First Owner,16.78,1496,88.73,5,9
2642,Maruti,600000,69779,Petrol,Dealer,Automatic,First Owner,22.0,1197,81.8,5,8
2643,Hyundai,450000,56290,Diesel,Dealer,Manual,First Owner,24.0,1186,73.97,5,9
2644,Others,1320000,7500,Diesel,Dealer,Automatic,First Owner,16.78,1995,152.925,5,7
2645,Others,1320000,8500,Diesel,Dealer,Automatic,First Owner,16.78,1995,152.925,5,7
2646,Honda,779000,7032,Petrol,Dealer,Automatic,First Owner,19.0,1199,88.76,5,7
2647,Others,645000,11000,Petrol,Dealer,Automatic,First Owner,14.3,1598,103.5,5,10
2648,Others,1320000,2000,Diesel,Dealer,Automatic,First Owner,16.8,1984,150.0,5,8
2649,Hyundai,170000,50000,Petrol,Individual,Manual,Higher,17.92,1086,62.1,5,15
2650,Tata,320000,42000,Diesel,Individual,Manual,First Owner,23.03,1396,69.0,5,16
2651,Maruti,350000,17000,Petrol,Individual,Automatic,First Owner,23.1,998,67.04,5,10
2652,Maruti,500000,40000,Petrol,Individual,Automatic,First Owner,22.0,1197,81.8,5,8
2653,Tata,135000,137000,Diesel,Individual,Manual,Second Owner,17.0,1405,70.0,5,17
2654,Renault,340000,20000,Petrol,Individual,Manual,First Owner,25.17,799,53.3,5,8
2655,Hyundai,330000,70000,Petrol,Individual,Manual,Second Owner,18.9,1197,81.86,5,6
2656,Maruti,350000,48756,Petrol,Individual,Manual,Second Owner,15.5,1586,103.3,5,15
2657,Toyota,1320000,30000,Diesel,Individual,Automatic,Second Owner,12.55,2159,152.925,7,11
2658,Hyundai,400000,110000,Diesel,Individual,Manual,First Owner,24.4,1120,71.0,5,10
2659,Ford,325000,80322,Diesel,Dealer,Manual,First Owner,17.8,1399,67.0,5,12
2660,Mahindra,1000000,35000,Diesel,Individual,Manual,First Owner,15.4,1997,120.0,7,11
2661,Mahindra,850000,110000,Diesel,Individual,Manual,First Owner,15.4,2159,75.0,7,9
2662,Maruti,350000,70000,Diesel,Individual,Manual,Second Owner,21.5,1248,88.8,5,14
2663,Others,1320000,9000,Diesel,Dealer,Automatic,First Owner,13.6,1999,152.925,5,9
2664,Others,1320000,20000,Petrol,Dealer,Automatic,First Owner,22.37,2159,152.925,5,7
2665,Others,1320000,45000,Diesel,Dealer,Automatic,First Owner,19.33,1999,152.925,5,9
2666,Tata,503000,110000,Diesel,Individual,Manual,First Owner,14.1,2159,147.94,7,11
2667,Others,1320000,20000,Diesel,Individual,Automatic,First Owner,18.0,1969,152.925,5,7
2668,Toyota,1320000,68089,Petrol,Dealer,Automatic,First Owner,19.16,2159,152.925,5,10
2669,Maruti,225000,58343,Petrol,Dealer,Manual,First Owner,21.79,998,67.05,5,13
2670,Maruti,740000,38817,Diesel,Dealer,Manual,First Owner,27.39,1248,74.0,5,8
2671,Honda,550000,56494,Petrol,Dealer,Manual,First Owner,18.2,1199,88.7,5,10
2672,Toyota,750000,79328,Diesel,Dealer,Manual,Second Owner,12.99,2159,100.6,7,13
2673,Maruti,650000,5621,Petrol,Dealer,Automatic,First Owner,22.0,1197,81.8,5,7
2674,Toyota,625000,25538,Petrol,Dealer,Manual,First Owner,16.78,1496,88.73,5,9
2675,Maruti,600000,69779,Petrol,Dealer,Automatic,First Owner,22.0,1197,81.8,5,8
2676,Hyundai,450000,56290,Diesel,Dealer,Manual,First Owner,24.0,1186,73.97,5,9
2677,Others,1320000,7500,Diesel,Dealer,Automatic,First Owner,16.78,1995,152.925,5,7
2678,Others,1320000,8500,Diesel,Dealer,Automatic,First Owner,16.78,1995,152.925,5,7
2679,Honda,779000,7032,Petrol,Dealer,Automatic,First Owner,19.0,1199,88.76,5,7
2680,Others,645000,11000,Petrol,Dealer,Automatic,First Owner,14.3,1598,103.5,5,10
2681,Others,1320000,2000,Diesel,Dealer,Automatic,First Owner,16.8,1984,150.0,5,8
2683,Honda,550000,120000,Diesel,Individual,Manual,Second Owner,24.5,1498,98.6,7,11
2684,Tata,925000,60000,Diesel,Individual,Manual,First Owner,14.0,2159,138.1,7,11
2685,Mahindra,509999,97000,Diesel,Individual,Automatic,Second Owner,11.79,2159,120.0,8,16
2686,Mahindra,250000,100000,Diesel,Individual,Manual,Second Owner,13.0,2159,95.0,8,15
2687,Hyundai,500000,36000,Petrol,Individual,Manual,First Owner,17.19,1197,81.86,5,11
2688,Hyundai,1050000,27000,Diesel,Individual,Manual,First Owner,21.38,1396,88.7,5,7
2689,Maruti,490000,50000,Diesel,Individual,Manual,First Owner,23.4,1248,74.0,5,12
2690,Maruti,415000,15000,Petrol,Individual,Manual,First Owner,15.37,1196,73.0,5,6
2691,Maruti,190000,60000,Petrol,Individual,Manual,Second Owner,22.74,796,47.3,5,13
2692,Maruti,680000,120000,Diesel,Individual,Manual,First Owner,28.4,1248,74.02,5,8
2693,Maruti,190000,60000,Petrol,Individual,Manual,Second Owner,22.74,796,47.3,5,13
2694,Mahindra,479000,173000,Diesel,Individual,Manual,First Owner,12.05,2159,120.0,7,13
2695,Maruti,270000,60000,Petrol,Individual,Manual,Second Owner,22.74,796,47.3,5,10
2696,Hyundai,170000,70000,Petrol,Individual,Manual,Higher,19.81,1086,68.05,5,18
2697,Maruti,764000,25000,Petrol,Individual,Manual,First Owner,20.73,1373,91.1,5,8
2698,Mahindra,710000,30000,Diesel,Individual,Manual,First Owner,15.96,2159,62.1,7,7
2699,Maruti,310000,35000,Petrol,Individual,Manual,First Owner,24.7,796,47.3,5,9
2700,Mahindra,620000,100000,Diesel,Individual,Manual,Second Owner,16.5,1493,70.0,7,9
2701,Hyundai,280000,31000,Petrol,Individual,Manual,Second Owner,21.1,814,55.2,5,9
2702,Toyota,1320000,80000,Diesel,Individual,Automatic,Second Owner,12.55,2159,152.925,7,11
2703,Hyundai,450000,40000,Petrol,Individual,Manual,First Owner,18.9,1197,82.0,5,10
2704,Others,1320000,10000,Diesel,Individual,Automatic,Second Owner,17.9,2143,136.0,5,9
2705,Others,1320000,50000,Diesel,Individual,Automatic,First Owner,11.74,2159,152.925,5,13
2706,Ford,285000,60000,Petrol,Individual,Manual,Second Owner,15.3,1596,99.6,5,18
2707,Toyota,465000,186062,Diesel,Individual,Manual,Second Owner,12.8,2159,102.0,8,19
2708,Others,1100000,60000,Diesel,Individual,Automatic,Second Owner,16.07,1995,152.925,5,17
2709,Volkswagen,350000,110000,Diesel,Individual,Manual,Second Owner,20.54,1598,103.6,5,15
2710,Maruti,600000,35000,Petrol,Individual,Manual,First Owner,17.5,1373,91.1,7,9
2711,Maruti,570000,35000,Petrol,Individual,Manual,First Owner,21.4,1197,83.1,5,9
2712,Maruti,325000,20000,Petrol,Individual,Manual,First Owner,23.95,998,67.05,5,10
2713,Mahindra,975000,54000,Diesel,Individual,Automatic,First Owner,16.0,1997,140.0,7,10
2714,Hyundai,480000,60000,Petrol,Individual,Manual,First Owner,18.6,1197,81.83,5,11
2715,Maruti,185000,10300,Petrol,Individual,Manual,First Owner,22.74,796,47.3,5,12
2716,Hyundai,1050000,50000,Diesel,Individual,Automatic,First Owner,17.01,1582,126.2,5,11
2717,Maruti,760000,3000,Petrol,Individual,Manual,First Owner,21.01,1197,81.8,5,7
2718,Volkswagen,570000,5000,Petrol,Individual,Manual,First Owner,18.78,999,75.0,5,7
2720,Maruti,700000,13000,Petrol,Individual,Manual,First Owner,21.4,1197,83.1,5,8
2721,Ford,775000,30000,Petrol,Individual,Automatic,First Owner,15.63,1499,110.4,5,11
2722,Others,750000,60000,Diesel,Individual,Automatic,Second Owner,14.49,2159,152.925,5,19
2723,Chevrolet,140000,100000,Petrol,Individual,Manual,Second Owner,18.0,995,62.0,5,16
2724,Maruti,220000,40000,Petrol,Individual,Manual,First Owner,22.74,796,47.3,5,10
2725,Hyundai,184000,15000,Petrol,Individual,Manual,First Owner,8.470000000000002,1086,62.1,5,13
2727,Hyundai,440000,50000,Petrol,Individual,Manual,Second Owner,18.6,1197,81.83,5,9
2728,Hyundai,650000,80000,Diesel,Individual,Manual,First Owner,21.19,1396,88.73,5,9
2729,Mahindra,660000,50000,Diesel,Individual,Automatic,First Owner,18.49,1493,100.0,7,9
2730,Maruti,380000,30000,Other,Individual,Manual,First Owner,21.94,1196,61.7,5,9
2731,Toyota,415000,125000,Diesel,Individual,Manual,Second Owner,21.43,1364,87.2,5,14
2732,Hyundai,225000,110000,Petrol,Individual,Manual,First Owner,19.81,1086,68.05,5,14
2733,Maruti,600000,30000,Diesel,Individual,Manual,Second Owner,20.77,1248,88.76,7,13
2734,Maruti,620000,148000,Diesel,Individual,Manual,Second Owner,20.77,1248,88.8,7,12
2735,Mahindra,750000,35000,Diesel,Individual,Manual,First Owner,18.49,1493,100.0,7,10
2736,Hyundai,400000,80000,Petrol,Individual,Manual,Second Owner,18.9,1197,82.0,5,10
2737,Maruti,110000,110000,Petrol,Individual,Manual,First Owner,18.9,998,67.1,5,21
2738,Tata,119000,95000,Diesel,Individual,Manual,Second Owner,19.4,1405,70.0,5,14
2739,Honda,600000,25000,Diesel,Individual,Manual,First Owner,25.8,1498,98.6,5,11
2740,Maruti,200000,80000,Other,Individual,Manual,First Owner,26.3,998,67.1,5,15
2741,Tata,280000,60000,Diesel,Individual,Manual,Second Owner,23.0,1248,88.7,5,12
2742,Others,375000,100000,Petrol,Individual,Manual,First Owner,15.0,1598,105.0,5,13
2743,Others,350000,50000,Petrol,Individual,Manual,First Owner,19.44,1198,67.0,7,10
2744,Hyundai,620000,31000,Diesel,Individual,Manual,First Owner,25.4,1186,73.97,5,9
2745,Maruti,570000,120000,Diesel,Individual,Manual,First Owner,26.59,1248,74.0,5,9
2746,Maruti,290000,105000,Diesel,Individual,Manual,Second Owner,19.3,1248,73.9,5,14
2747,Maruti,711000,120000,Diesel,Individual,Manual,First Owner,24.52,1248,88.5,7,10
2748,Maruti,370000,60000,Diesel,Individual,Manual,First Owner,22.9,1248,74.0,5,14
2749,Maruti,550000,15000,Petrol,Individual,Manual,First Owner,23.26,1197,88.5,5,6
2750,Maruti,325000,150000,Petrol,Individual,Manual,Second Owner,18.6,1197,85.8,5,13
2751,Honda,670000,93000,Diesel,Individual,Manual,First Owner,27.4,1498,98.63,5,8
2752,Hyundai,385000,42000,Petrol,Individual,Manual,Second Owner,19.81,1086,68.05,5,9
2753,Hyundai,114999,80000,Petrol,Individual,Manual,Second Owner,17.92,1086,62.1,5,18
2754,Hyundai,200000,90000,Petrol,Individual,Manual,First Owner,17.92,1086,62.1,5,16
2755,Maruti,860000,6500,Diesel,Individual,Automatic,First Owner,24.3,1248,88.5,5,7
2756,Maruti,600000,60000,Diesel,Individual,Manual,First Owner,27.39,1248,74.0,5,8
2757,Maruti,265000,110000,Petrol,Individual,Manual,First Owner,23.95,998,67.05,5,10
2758,Tata,155000,60000,Other,Individual,Manual,Second Owner,23.7,1193,55.23,5,11
2759,Maruti,900000,60000,Diesel,Individual,Manual,First Owner,25.1,1248,88.5,5,7
2760,Maruti,650000,170000,Diesel,Individual,Manual,Higher,20.77,1248,88.76,7,13
2761,Maruti,70000,186062,Petrol,Individual,Manual,Second Owner,16.1,796,37.0,4,22
2762,Maruti,180000,80000,Petrol,Individual,Manual,First Owner,22.74,796,47.3,5,14
2763,Hyundai,200000,57000,Petrol,Individual,Manual,First Owner,21.1,814,55.2,5,13
2764,Hyundai,300000,100000,Petrol,Individual,Manual,First Owner,19.81,1086,68.05,5,12
2765,Hyundai,650000,40000,Petrol,Individual,Manual,First Owner,17.01,1591,121.3,5,11
2766,Maruti,267000,40000,Petrol,Individual,Manual,First Owner,22.74,796,47.3,5,12
2767,Maruti,450000,50000,Other,Individual,Manual,First Owner,26.6,998,58.16,5,8
2768,Hyundai,400000,90000,Petrol,Individual,Manual,Second Owner,18.9,1197,82.0,5,12
2769,Mahindra,310000,86000,Diesel,Individual,Manual,First Owner,14.0,2159,112.0,8,14
2770,Tata,70000,15000,Petrol,Individual,Manual,First Owner,26.0,624,35.0,4,17
2771,Mahindra,675000,70000,Diesel,Individual,Manual,Second Owner,15.96,2159,62.1,7,9
2772,Ford,350000,120000,Petrol,Individual,Manual,First Owner,14.09,1596,99.6,5,13
2773,Maruti,240000,80000,Petrol,Individual,Manual,Second Owner,23.95,998,67.05,5,12
2774,Tata,185000,80000,Diesel,Individual,Manual,Second Owner,19.09,1405,69.01,5,12
2775,Hyundai,250000,50000,Petrol,Individual,Manual,First Owner,21.1,814,55.2,5,9
2776,Maruti,135000,100000,Petrol,Individual,Manual,First Owner,19.7,796,46.3,5,17
2777,Hyundai,500000,80000,Diesel,Individual,Manual,First Owner,22.32,1582,126.32,5,15
2778,Tata,300000,108957,Diesel,Individual,Manual,First Owner,13.93,2159,138.0,7,16
2779,Tata,328000,68000,Petrol,Individual,Manual,Second Owner,23.84,1199,84.0,5,9
2780,Mahindra,509999,65000,Diesel,Individual,Manual,First Owner,15.96,2159,62.1,7,11
2781,Mahindra,575000,110000,Diesel,Individual,Manual,Second Owner,14.02,2159,118.3,8,11
2782,Mahindra,700000,50000,Diesel,Individual,Manual,First Owner,12.2,2159,112.0,8,14
2783,Maruti,105000,100000,Petrol,Individual,Manual,Higher,18.9,1061,67.0,5,18
2784,Maruti,60000,80000,Petrol,Individual,Manual,Second Owner,16.1,796,37.0,4,18
2785,Maruti,112999,80000,Petrol,Individual,Manual,Higher,19.7,796,46.3,5,18
2786,Tata,229999,120000,Diesel,Individual,Manual,Second Owner,19.1,1405,70.0,5,11
2787,Ford,325000,150000,Diesel,Individual,Manual,First Owner,20.0,1399,68.0,5,14
2788,Hyundai,650000,20000,Petrol,Individual,Manual,First Owner,18.6,1197,81.83,5,9
2789,Tata,85000,80000,Diesel,Individual,Manual,Second Owner,17.0,1405,70.0,5,17
2790,Honda,570000,93000,Diesel,Individual,Manual,Second Owner,24.5,1498,98.6,7,11
2791,Maruti,525000,134000,Diesel,Individual,Manual,First Owner,25.2,1248,74.0,5,11
2792,Hyundai,350000,90000,Petrol,Individual,Manual,Second Owner,18.5,1197,82.85,5,13
2793,Maruti,250000,60000,Petrol,Individual,Manual,First Owner,16.6,1197,85.0,5,19
2794,Mahindra,300000,120000,Diesel,Individual,Manual,Second Owner,14.0,2159,95.0,8,16
2795,Others,1320000,30000,Diesel,Individual,Manual,First Owner,17.1,1956,152.925,5,9
2796,Hyundai,650000,22200,Diesel,Individual,Manual,First Owner,22.54,1396,88.73,5,9
2797,Hyundai,520000,6000,Petrol,Individual,Manual,First Owner,18.9,1197,81.86,5,8
2798,Maruti,500000,32000,Petrol,Individual,Manual,First Owner,20.4,1197,81.8,5,10
2799,Renault,220000,90000,Petrol,Individual,Manual,First Owner,25.17,799,53.3,5,10
2800,Maruti,650000,78000,Diesel,Individual,Manual,Higher,28.09,1248,88.5,5,9
2801,Honda,819999,12000,Petrol,Individual,Manual,First Owner,17.5,1199,88.7,5,9
2802,Renault,645000,120000,Diesel,Individual,Manual,First Owner,19.87,1461,83.8,5,10
2803,Maruti,780000,40000,Diesel,Individual,Manual,First Owner,24.52,1248,88.5,7,11
2804,Honda,215000,110000,Petrol,Individual,Manual,Second Owner,17.7,1497,78.0,5,18
2805,Toyota,600000,186062,Diesel,Individual,Manual,Higher,12.8,2159,102.0,7,19
2806,Maruti,114999,10000,Petrol,Individual,Manual,First Owner,19.7,796,46.3,5,15
2807,Tata,75000,12000,Petrol,Individual,Manual,First Owner,16.84,1193,64.4,5,14
2808,Chevrolet,120000,60000,Petrol,Individual,Manual,First Owner,18.6,1199,79.4,5,15
2809,Renault,250000,41000,Petrol,Individual,Manual,First Owner,25.17,799,53.3,5,10
2810,Maruti,200000,25000,Petrol,Individual,Manual,First Owner,16.8,796,34.2,8,8
2811,Hyundai,380000,30000,Petrol,Individual,Manual,First Owner,19.1,1197,82.0,5,11
2812,Honda,560000,50000,Diesel,Individual,Manual,First Owner,25.8,1498,98.6,5,8
2813,Maruti,575000,10000,Petrol,Individual,Manual,First Owner,20.89,1197,81.8,5,8
2814,Mahindra,620000,40000,Diesel,Individual,Manual,First Owner,16.5,1493,70.0,7,9
2815,Mahindra,525000,120000,Diesel,Individual,Manual,First Owner,12.05,2159,120.0,8,14
2816,Maruti,635000,40000,Diesel,Individual,Manual,First Owner,26.59,1248,74.0,5,9
2817,Renault,650000,80000,Diesel,Individual,Manual,First Owner,19.72,1461,108.45,5,10
2818,Maruti,39000,42108,Petrol,Individual,Manual,First Owner,16.1,796,37.0,4,25
2819,Ford,550000,70000,Diesel,Individual,Manual,Second Owner,25.83,1498,99.0,5,9
2820,Maruti,145000,150000,Diesel,Individual,Manual,Higher,21.1,1248,73.9,5,17
2821,Tata,130000,100000,Diesel,Individual,Manual,Higher,16.1,1405,70.0,5,19
2822,Maruti,825000,79000,Diesel,Dealer,Manual,First Owner,25.47,1248,88.5,7,9
2823,Toyota,1320000,91000,Diesel,Dealer,Automatic,Second Owner,12.55,2159,152.925,7,11
2824,Maruti,875000,50000,Diesel,Dealer,Manual,First Owner,24.3,1248,88.5,5,8
2825,Maruti,650000,81000,Diesel,Dealer,Manual,Second Owner,28.09,1248,88.5,5,10
2826,Others,1320000,51000,Diesel,Individual,Automatic,First Owner,14.74,2159,152.925,5,12
2827,Others,1320000,27000,Diesel,Dealer,Automatic,First Owner,17.05,1995,152.925,5,8
2828,Others,1320000,26000,Diesel,Dealer,Automatic,First Owner,15.73,1968,152.925,5,8
2829,Others,1320000,17100,Diesel,Dealer,Automatic,First Owner,22.48,1995,152.925,5,8
2830,Chevrolet,246000,56000,Diesel,Dealer,Manual,First Owner,22.1,1248,74.0,5,13
2831,Honda,325000,60000,Diesel,Dealer,Manual,Second Owner,24.7,1498,98.63,5,13
2832,Others,1320000,22000,Petrol,Dealer,Automatic,First Owner,16.0,1368,152.925,5,7
2833,Honda,850000,30000,Petrol,Dealer,Automatic,First Owner,15.4,1497,117.3,7,9
2834,Volkswagen,560000,43001,Diesel,Dealer,Manual,First Owner,22.27,1498,108.6,5,11
2835,Maruti,575000,60000,Diesel,Dealer,Manual,First Owner,25.47,1248,88.5,7,11
2836,Maruti,470000,9000,Petrol,Dealer,Automatic,First Owner,21.63,998,67.04,5,7
2837,Tata,221000,65000,Diesel,Dealer,Manual,First Owner,19.09,1405,69.01,5,12
2838,Toyota,680000,95000,Diesel,Dealer,Manual,First Owner,12.99,2159,100.6,8,12
2839,Ford,700000,62000,Diesel,Dealer,Manual,First Owner,13.1,2159,141.0,7,13
2840,Others,1320000,48000,Diesel,Dealer,Automatic,First Owner,9.0,1984,152.925,5,10
2841,Hyundai,875000,72000,Diesel,Dealer,Automatic,First Owner,17.01,1582,126.2,5,11
2842,Hyundai,850000,35000,Diesel,Individual,Manual,Higher,22.0,1582,126.2,5,9
2843,Renault,550000,100600,Diesel,Individual,Manual,Higher,20.46,1461,83.8,5,13
2844,Maruti,480000,105000,Diesel,Individual,Manual,Higher,23.4,1248,74.0,5,13
2845,Mahindra,1050000,90000,Diesel,Individual,Manual,First Owner,15.4,2159,120.0,7,9
2846,Mahindra,631000,92385,Diesel,Individual,Manual,First Owner,15.96,2159,62.1,7,10
2847,Tata,165000,25000,Petrol,Individual,Manual,First Owner,25.4,624,37.5,4,11
2848,Maruti,320000,60000,Petrol,Individual,Manual,Second Owner,21.1,1197,85.8,5,16
2849,Maruti,360000,100000,Petrol,Individual,Manual,Second Owner,18.5,1197,85.8,5,14
2851,Hyundai,175000,25000,Petrol,Individual,Manual,Higher,13.0,1795,127.0,5,20
2852,Hyundai,725000,120000,Diesel,Individual,Manual,First Owner,22.54,1396,88.73,5,10
2853,Others,280000,185000,Diesel,Individual,Manual,Higher,19.5,1248,75.0,5,12
2854,Volkswagen,325000,134000,Diesel,Individual,Manual,Second Owner,22.07,1199,73.9,5,15
2855,Ford,320000,120000,Diesel,Individual,Manual,Higher,20.0,1399,68.05,5,12
2856,Hyundai,500000,120000,Petrol,Individual,Manual,First Owner,18.9,1197,81.86,5,8
2857,Mahindra,825000,165000,Diesel,Individual,Manual,Second Owner,15.1,2159,140.0,7,12
2858,Maruti,350000,120000,Diesel,Individual,Manual,Higher,23.2,1248,73.94,5,10
2859,Hyundai,470000,89000,Diesel,Individual,Manual,First Owner,23.0,1396,90.0,5,15
2860,Mahindra,125000,120000,Diesel,Individual,Manual,Higher,19.2,1461,65.0,5,17
2861,Hyundai,140000,120000,Petrol,Individual,Automatic,First Owner,13.1,1795,127.0,5,20
2862,Honda,484999,50000,Diesel,Individual,Manual,First Owner,25.8,1498,98.6,5,13
2863,Maruti,308000,15000,Petrol,Individual,Manual,First Owner,24.7,796,47.3,5,8
2864,Hyundai,570000,13000,Petrol,Individual,Manual,First Owner,18.9,1197,81.86,5,7
2865,Toyota,900000,186062,Diesel,Individual,Manual,First Owner,11.5,2159,152.925,7,16
2866,Others,1320000,45000,Diesel,Individual,Manual,First Owner,16.3,1956,152.925,5,9
2868,Maruti,680000,28000,Petrol,Individual,Automatic,First Owner,21.21,1197,81.8,5,8
2869,Maruti,700000,70000,Diesel,Individual,Manual,First Owner,28.4,1248,74.02,5,9
2870,Mahindra,240000,116000,Diesel,Individual,Manual,First Owner,14.0,2159,112.0,7,15
2871,Hyundai,280000,90000,Petrol,Individual,Manual,First Owner,21.1,814,55.2,5,12
2872,Tata,125000,120000,Diesel,Individual,Manual,Second Owner,17.0,1405,71.0,5,16
2874,Maruti,434999,50000,Petrol,Individual,Manual,Second Owner,20.4,1197,83.11,5,11
2875,Toyota,1050000,120000,Diesel,Individual,Manual,First Owner,12.99,2159,100.6,7,11
2876,Others,1200000,72500,Diesel,Individual,Automatic,Second Owner,23.3,1984,150.0,5,13
2877,Volkswagen,400000,120000,Diesel,Individual,Manual,Second Owner,20.54,1598,103.6,5,13
2878,Mahindra,850000,120000,Diesel,Individual,Manual,First Owner,15.1,2159,140.0,7,12
2879,Hyundai,475000,83000,Diesel,Individual,Manual,Second Owner,22.54,1396,88.73,5,12
2880,Ford,150000,40000,Petrol,Individual,Manual,Higher,14.2,1597,92.0,5,23
2881,Toyota,1320000,46000,Diesel,Individual,Manual,First Owner,14.24,2159,152.925,7,8
2882,Toyota,1100000,137000,Diesel,Individual,Manual,First Owner,12.99,2159,100.6,7,11
2883,Maruti,285000,25000,Petrol,Individual,Manual,Second Owner,24.7,796,47.3,5,9
2884,Hyundai,650000,50000,Diesel,Individual,Manual,First Owner,24.0,1186,73.97,5,8
2885,Maruti,275000,60000,Petrol,Individual,Manual,First Owner,19.0,998,66.1,5,14
2886,Maruti,60000,100000,Petrol,Individual,Manual,Second Owner,16.1,796,37.0,4,26
2887,Mahindra,229999,105000,Diesel,Individual,Manual,Second Owner,19.2,1461,65.0,5,15
2888,Maruti,300000,20000,Petrol,Individual,Manual,First Owner,23.95,998,67.05,5,11
2889,Maruti,940000,50000,Diesel,Individual,Manual,First Owner,24.52,1248,88.5,7,10
2890,Maruti,600000,120000,Diesel,Individual,Manual,Second Owner,26.21,1248,88.5,5,11
2891,Maruti,800000,70000,Diesel,Individual,Manual,First Owner,27.39,1248,74.0,5,9
2892,Others,580000,90000,Diesel,Individual,Manual,Second Owner,22.71,1461,84.8,5,9
2893,Tata,450000,75000,Petrol,Individual,Manual,First Owner,20.3,1199,84.0,5,8
2894,Chevrolet,290000,82500,Diesel,Individual,Manual,Second Owner,16.52,1991,123.7,5,15
2895,Honda,530000,110000,Diesel,Individual,Manual,First Owner,25.8,1498,98.6,5,12
2896,Hyundai,960000,20000,Diesel,Individual,Manual,First Owner,24.0,1396,88.76,5,7
2897,Honda,290000,110000,Petrol,Individual,Manual,Higher,17.0,1497,118.0,5,17
2898,Others,160000,100000,Diesel,Individual,Manual,First Owner,14.8,1998,68.0,5,18
2899,Maruti,400000,52000,Petrol,Individual,Manual,First Owner,21.63,998,67.0,5,9
2900,Maruti,700000,90000,Diesel,Individual,Manual,First Owner,24.3,1248,88.5,5,9
2901,Volkswagen,361000,90000,Diesel,Individual,Manual,First Owner,20.54,1598,103.6,5,14
2902,Hyundai,390000,53000,Diesel,Individual,Manual,Second Owner,21.9,1396,88.76,5,13
2903,Tata,200000,180000,Diesel,Individual,Manual,First Owner,18.4,1248,75.0,5,14
2904,Hyundai,390000,53000,Diesel,Individual,Manual,Second Owner,21.9,1396,88.76,5,13
2905,Maruti,500000,53000,Diesel,Individual,Manual,First Owner,22.9,1248,74.0,5,13
2906,Maruti,200000,50600,Petrol,Individual,Manual,First Owner,19.7,796,46.3,5,15
2907,Tata,503000,110000,Diesel,Individual,Manual,First Owner,14.1,2159,147.94,7,11
2908,Maruti,775000,32000,Diesel,Dealer,Manual,First Owner,24.3,1248,88.5,5,9
2909,Maruti,750000,5000,Diesel,Individual,Manual,First Owner,24.3,1248,88.5,5,8
2910,Hyundai,570000,25000,Petrol,Individual,Manual,First Owner,18.6,1197,81.83,5,8
2911,Honda,484999,30000,Petrol,Individual,Manual,First Owner,18.7,1199,88.7,5,10
2912,Honda,700000,43000,Petrol,Dealer,Manual,First Owner,15.4,1497,117.3,7,9
2913,Hyundai,415000,60000,Petrol,Dealer,Manual,First Owner,17.7,1497,113.42,5,14
2914,Ford,484999,54000,Diesel,Dealer,Manual,First Owner,23.0,1498,98.96,5,12
2915,Maruti,675000,52000,Diesel,Individual,Manual,First Owner,23.65,1248,88.5,5,10
2916,Ford,680000,50000,Petrol,Individual,Manual,First Owner,15.85,1499,110.4,5,11
2917,Maruti,235000,52000,Petrol,Dealer,Manual,First Owner,24.7,796,47.3,5,13
2918,Mahindra,1320000,15000,Diesel,Individual,Manual,First Owner,15.1,2159,152.87,7,8
2919,Mahindra,1200000,50000,Diesel,Individual,Automatic,Second Owner,16.0,2159,140.0,7,11
2920,Honda,630000,56000,Diesel,Individual,Manual,Second Owner,25.1,1498,98.6,5,12
2921,Ford,640000,82000,Diesel,Individual,Manual,First Owner,25.83,1498,99.0,5,8
2922,Hyundai,355000,121000,Petrol,Dealer,Manual,First Owner,19.1,1197,82.0,5,12
2923,Mahindra,560000,101903,Diesel,Individual,Manual,Second Owner,12.05,2159,120.0,8,14
2924,Maruti,580000,120000,Diesel,Individual,Manual,First Owner,23.4,1248,74.0,5,8
2925,Ford,185000,85568,Diesel,Dealer,Manual,First Owner,18.5,1399,68.0,5,16
2926,Maruti,660000,10000,Petrol,Individual,Automatic,First Owner,21.4,1197,83.1,5,7
2927,Hyundai,220000,10000,Petrol,Individual,Manual,First Owner,20.3,998,68.05,5,12
2928,Hyundai,150000,60000,Petrol,Individual,Manual,Higher,17.92,1086,62.1,5,19
2929,Mahindra,484999,80000,Diesel,Individual,Manual,Second Owner,13.5,2159,115.0,5,15
2930,Maruti,509999,10000,Petrol,Individual,Manual,First Owner,21.21,1197,81.8,5,7
2931,Mahindra,515000,60000,Diesel,Individual,Manual,First Owner,15.96,2159,62.1,7,12
2932,Others,1250000,42000,Petrol,Individual,Automatic,First Owner,11.9,1595,120.7,5,12
2933,Chevrolet,350000,50000,Diesel,Individual,Manual,Higher,18.2,1248,73.8,8,12
2934,Maruti,375000,11500,Petrol,Individual,Manual,First Owner,23.95,998,67.05,5,8
2935,Hyundai,950000,15000,Diesel,Individual,Manual,First Owner,22.1,1396,88.7,5,7
2936,Maruti,615000,32000,Diesel,Individual,Manual,First Owner,26.59,1248,74.0,5,11
2937,Maruti,275000,50000,Petrol,Individual,Manual,First Owner,18.6,1197,85.8,5,15
2938,Others,1320000,5000,Diesel,Individual,Automatic,First Owner,13.38,2159,152.925,7,6
2939,Maruti,400000,10000,Petrol,Individual,Manual,First Owner,15.37,1196,73.0,5,9
2940,Maruti,930000,15000,Diesel,Individual,Manual,First Owner,25.1,1248,88.5,5,7
2941,Maruti,310000,100000,Petrol,Individual,Manual,First Owner,19.1,1197,85.8,5,14
2943,Toyota,1320000,25000,Diesel,Individual,Manual,Second Owner,13.68,2159,147.8,7,10
2944,Maruti,356000,70000,Diesel,Individual,Manual,Second Owner,23.4,1248,74.0,5,13
2945,Honda,500000,32000,Petrol,Individual,Manual,First Owner,16.8,1497,116.3,5,13
2946,Tata,409999,35000,Petrol,Individual,Manual,Second Owner,23.84,1199,84.0,5,8
2947,Maruti,980000,50000,Diesel,Individual,Manual,First Owner,24.3,1248,88.5,5,7
2948,Mahindra,150000,100000,Diesel,Individual,Manual,Second Owner,13.6,2159,63.0,7,21
2949,Honda,750000,3100,Petrol,Individual,Automatic,First Owner,18.2,1199,88.7,5,7
2950,Others,500000,60000,Petrol,Individual,Automatic,First Owner,13.7,1798,152.925,5,13
2951,Maruti,355000,170000,Diesel,Individual,Manual,First Owner,22.9,1248,74.0,5,13
2952,Tata,200000,50000,Diesel,Individual,Manual,Second Owner,17.0,1405,71.0,5,15
2953,Toyota,370000,120000,Diesel,Individual,Manual,Second Owner,12.8,2159,102.0,8,18
2954,Hyundai,450000,20000,Petrol,Individual,Manual,First Owner,19.1,1197,82.0,5,11
2955,Hyundai,486000,10000,Petrol,Individual,Manual,First Owner,18.9,1197,82.0,5,11
2956,Maruti,242000,120000,Diesel,Individual,Manual,First Owner,21.5,1248,88.8,5,15
2957,Hyundai,580000,25000,Petrol,Individual,Manual,First Owner,18.9,1197,81.86,5,8
2958,Ford,500000,130000,Diesel,Individual,Manual,Second Owner,22.77,1498,98.59,5,12
2960,Mahindra,300000,40000,Diesel,Individual,Manual,First Owner,17.21,1493,100.0,7,13
2961,Mahindra,710000,60000,Diesel,Individual,Manual,First Owner,18.06,2159,63.0,7,10
2962,Others,220000,70000,Diesel,Individual,Manual,Higher,20.86,1199,75.0,5,14
2963,Maruti,654000,1000,Petrol,Individual,Automatic,First Owner,21.21,1197,81.8,5,6
2964,Others,835000,10000,Petrol,Individual,Automatic,First Owner,14.84,1598,103.2,5,7
2965,Ford,250000,47000,Petrol,Individual,Manual,First Owner,15.3,1596,101.0,5,16
2966,Maruti,600000,18000,Petrol,Individual,Manual,First Owner,21.21,1197,81.8,5,7
2967,Maruti,459999,60000,Petrol,Individual,Manual,First Owner,20.85,1197,83.14,5,10
2968,Renault,275000,20000,Petrol,Individual,Manual,First Owner,23.01,999,67.0,5,8
2969,Ford,408000,60000,Petrol,Individual,Manual,First Owner,18.16,1196,86.8,5,9
2970,Mahindra,1200000,25000,Diesel,Individual,Manual,First Owner,15.1,2159,152.87,7,8
2971,Hyundai,375000,52000,Petrol,Individual,Manual,First Owner,19.1,1197,81.86,5,12
2972,Maruti,94500,44000,Petrol,Individual,Manual,First Owner,19.7,796,46.3,5,20
2973,Volkswagen,300000,17000,Petrol,Individual,Manual,First Owner,16.47,1198,73.9,5,15
2974,Honda,350000,35000,Petrol,Individual,Manual,First Owner,17.0,1497,118.0,5,17
2975,Toyota,975000,120000,Diesel,Individual,Manual,Higher,11.5,2159,152.925,7,15
2976,Hyundai,600000,100000,Petrol,Individual,Manual,First Owner,18.6,1197,81.83,5,11
2977,Toyota,700000,186062,Diesel,Individual,Manual,Second Owner,12.99,2159,100.6,7,12
2978,Mahindra,640000,90000,Diesel,Individual,Manual,First Owner,16.5,1493,70.0,7,9
2979,Hyundai,1110000,186000,Diesel,Individual,Manual,First Owner,19.67,1582,126.2,5,9
2980,Maruti,570000,79000,Diesel,Individual,Manual,Second Owner,20.77,1248,88.76,7,12
2981,Toyota,451999,120000,Diesel,Individual,Manual,First Owner,12.8,2159,102.0,7,16
2982,Renault,240000,59300,Petrol,Individual,Manual,First Owner,25.17,799,53.3,5,10
2983,Mahindra,680000,120000,Diesel,Individual,Manual,First Owner,15.4,2159,75.0,7,12
2984,Tata,350000,60000,Diesel,Individual,Manual,First Owner,22.95,1248,74.0,5,11
2985,Volkswagen,360000,60000,Petrol,Individual,Manual,Higher,15.04,1598,103.6,5,14
2986,Ford,250000,80000,Petrol,Individual,Manual,Second Owner,15.6,1196,70.0,5,16
2987,Maruti,550000,11500,Petrol,Individual,Manual,First Owner,21.21,1197,81.8,5,7
2988,Hyundai,180000,56000,Petrol,Individual,Manual,First Owner,21.1,814,55.2,5,14
2989,Honda,425000,68000,Diesel,Individual,Manual,First Owner,27.3,1498,98.6,5,10
2990,Tata,409999,25000,Petrol,Individual,Manual,First Owner,23.84,1199,84.0,5,7
2991,Tata,438999,25000,Petrol,Individual,Manual,First Owner,23.84,1199,84.0,5,8
2992,Others,225000,100000,Petrol,Individual,Manual,First Owner,19.49,1198,67.04,5,12
2993,Mahindra,580000,95000,Diesel,Individual,Manual,First Owner,15.96,2159,63.0,9,9
2994,Maruti,200000,100000,Petrol,Individual,Manual,First Owner,17.5,1298,85.8,5,18
2996,Others,250000,47000,Diesel,Individual,Manual,First Owner,20.3,1248,75.0,5,13
2997,Maruti,170000,175000,Diesel,Individual,Manual,Second Owner,21.1,1248,73.9,5,15
2998,Maruti,300000,60000,Petrol,Individual,Manual,Second Owner,17.5,1197,85.8,5,16
2999,Mahindra,160000,186062,Diesel,Individual,Manual,Higher,13.6,2159,63.0,7,21
3000,Maruti,409999,150000,Diesel,Individual,Manual,Higher,23.4,1248,74.0,5,12
3001,Hyundai,350000,110000,Diesel,Individual,Manual,Higher,23.0,1396,90.0,5,14
3002,Renault,310000,25000,Petrol,Individual,Manual,First Owner,25.17,799,53.3,5,7
3003,Maruti,135000,95000,Petrol,Individual,Manual,Higher,19.7,796,46.3,5,16
3004,Maruti,220000,100000,Diesel,Individual,Manual,First Owner,21.1,1248,73.9,5,16
3005,Hyundai,570000,20000,Petrol,Individual,Manual,First Owner,18.9,1197,81.86,5,9
3006,Maruti,500000,84000,Diesel,Individual,Manual,First Owner,23.4,1248,74.0,5,12
3007,Hyundai,875000,40000,Diesel,Individual,Manual,First Owner,22.54,1396,88.73,5,10
3008,Tata,210000,100000,Diesel,Individual,Manual,First Owner,19.1,1405,70.0,5,15
3009,Tata,210000,120000,Diesel,Individual,Manual,First Owner,19.4,1405,70.0,5,15
3010,Hyundai,200000,80000,Other,Individual,Manual,Second Owner,13.45,1086,62.1,5,16
3011,Maruti,175000,175000,Petrol,Individual,Manual,Second Owner,19.7,796,46.3,5,15
3012,Hyundai,700000,30000,Petrol,Individual,Manual,First Owner,18.6,1197,81.83,5,9
3013,Hyundai,700000,30000,Petrol,Individual,Manual,First Owner,18.6,1197,81.83,5,9
3014,Hyundai,550000,28000,Petrol,Individual,Automatic,First Owner,18.9,1197,81.86,5,7
3015,Hyundai,420000,20000,Petrol,Individual,Manual,Second Owner,20.3,1086,68.0,5,7
3016,Hyundai,210000,89322,Petrol,Individual,Manual,Second Owner,17.0,1197,80.0,5,17
3017,Chevrolet,175000,76000,Diesel,Individual,Manual,First Owner,25.44,936,57.6,5,13
3018,Maruti,180000,70000,Petrol,Individual,Manual,Second Owner,19.7,796,46.3,5,14
3019,Maruti,118000,110000,Petrol,Individual,Manual,Second Owner,19.7,796,46.3,5,19
3020,Hyundai,170000,120000,Diesel,Individual,Manual,Second Owner,16.8,1493,110.0,5,19
3021,Maruti,120000,110000,Petrol,Individual,Manual,Second Owner,18.2,1061,64.0,5,17
3022,Maruti,170000,90000,Petrol,Individual,Manual,Higher,19.7,796,46.3,5,17
3023,Maruti,700000,60000,Diesel,Individual,Manual,First Owner,28.4,1248,74.0,5,8
3024,Mahindra,500000,48300,Diesel,Individual,Manual,Second Owner,15.96,2159,62.1,7,12
3025,Maruti,80000,63000,Petrol,Individual,Automatic,Higher,18.9,1061,67.0,5,19
3026,Honda,105000,110000,Petrol,Individual,Manual,Second Owner,17.7,1497,78.0,5,18
3027,Maruti,425000,120000,Diesel,Individual,Manual,Higher,26.59,1248,74.0,5,10
3028,Hyundai,625000,23511,Petrol,Individual,Manual,First Owner,18.6,1197,81.83,5,9
3029,Hyundai,640000,22512,Petrol,Individual,Manual,First Owner,18.6,1197,81.83,5,9
3030,Hyundai,180000,120000,Petrol,Individual,Manual,First Owner,20.36,1197,78.9,5,16
3031,Maruti,155000,120000,Diesel,Individual,Manual,First Owner,21.1,1248,73.9,5,17
3032,Maruti,85000,100000,Petrol,Individual,Manual,Higher,18.9,1061,67.0,5,19
3033,Hyundai,250000,70000,Petrol,Individual,Manual,First Owner,20.36,1197,78.9,5,15
3034,Hyundai,1000000,15000,Petrol,Individual,Automatic,First Owner,17.01,1591,121.3,5,9
3035,Others,350000,16500,Petrol,Individual,Manual,First Owner,20.63,1198,67.0,5,10
3036,Maruti,740000,50000,Diesel,Individual,Manual,First Owner,28.4,1248,74.02,5,8
3037,Others,300000,19000,Petrol,Individual,Manual,First Owner,22.5,999,67.0,5,8
3038,Volkswagen,550000,50000,Diesel,Individual,Manual,First Owner,21.66,1498,108.62,5,9
3039,Mahindra,710000,70000,Diesel,Individual,Manual,First Owner,15.96,2159,62.1,7,9
3040,Mahindra,700000,70000,Diesel,Individual,Manual,First Owner,15.96,2159,62.1,7,9
3041,Mahindra,550000,120000,Diesel,Individual,Manual,First Owner,15.96,2159,62.1,7,10
3042,Hyundai,375000,60000,Other,Individual,Manual,First Owner,19.2,1086,68.05,5,11
3043,Tata,600000,60000,Diesel,Individual,Manual,First Owner,13.93,2159,138.03,7,11
3044,Maruti,380000,76000,Diesel,Individual,Manual,Second Owner,22.9,1248,74.0,5,13
3045,Maruti,300000,70000,Diesel,Individual,Manual,First Owner,23.2,1248,73.94,5,14
3046,Maruti,45000,80000,Petrol,Individual,Manual,Higher,16.1,796,37.0,4,28
3047,Toyota,450000,186062,Diesel,Individual,Manual,Second Owner,12.8,2159,102.0,8,16
3048,Mahindra,475000,128000,Diesel,Individual,Manual,Higher,15.96,2159,63.0,9,11
3049,Renault,650000,5000,Petrol,Individual,Manual,First Owner,20.0,999,72.0,7,7
3050,Maruti,200000,70000,Other,Individual,Manual,First Owner,26.2,998,58.2,5,15
3051,Maruti,350000,85000,Diesel,Individual,Manual,First Owner,22.9,1248,74.0,5,13
3052,Maruti,911999,25000,Diesel,Individual,Automatic,First Owner,24.3,1248,88.5,5,8
3053,Maruti,650000,15000,Petrol,Individual,Manual,First Owner,21.21,1197,81.8,5,8
3054,Maruti,350000,30000,Petrol,Individual,Manual,First Owner,17.5,1298,85.8,5,14
3055,Maruti,190000,80000,Petrol,Individual,Manual,Second Owner,16.8,796,34.2,8,10
3056,Hyundai,1200000,40000,Diesel,Individual,Manual,First Owner,22.0,1582,126.2,5,7
3057,Mahindra,305000,160000,Diesel,Individual,Manual,First Owner,15.96,2159,62.1,7,13
3058,Hyundai,850000,108000,Diesel,Individual,Manual,First Owner,19.67,1582,126.2,5,11
3059,Volkswagen,350000,120000,Diesel,Individual,Manual,Second Owner,15.0,1896,105.0,5,15
3060,Hyundai,180000,55000,Petrol,Individual,Manual,Higher,17.92,1086,62.1,5,16
3061,Tata,200000,110000,Diesel,Individual,Manual,First Owner,13.93,2159,138.1,7,18
3063,Honda,229999,110000,Petrol,Individual,Manual,First Owner,19.4,1198,86.8,5,14
3064,Maruti,135000,62900,Petrol,Individual,Manual,First Owner,18.9,998,67.1,5,20
3065,Volkswagen,425000,120000,Diesel,Individual,Manual,Second Owner,19.33,1968,138.1,5,15
3066,Mahindra,1320000,70000,Diesel,Individual,Manual,First Owner,16.0,2159,140.0,7,10
3067,Ford,480000,70000,Diesel,Individual,Manual,Higher,10.9,2159,143.0,7,17
3068,Maruti,455000,60000,Diesel,Individual,Manual,First Owner,28.4,1248,74.02,5,9
3069,Maruti,320000,60000,Petrol,Individual,Manual,First Owner,20.51,998,67.04,5,11
3070,Hyundai,693000,4000,Petrol,Individual,Manual,First Owner,18.6,1197,81.86,5,7
3071,Maruti,830000,35000,Diesel,Individual,Manual,First Owner,24.3,1248,88.5,5,9
3072,Hyundai,470000,13500,Petrol,Individual,Manual,First Owner,18.9,1197,82.0,5,10
3073,Honda,1100000,26000,Petrol,Individual,Automatic,First Owner,18.0,1497,117.3,5,9
3074,Tata,325000,50000,Diesel,Individual,Manual,First Owner,23.0,1248,88.7,5,10
3075,Hyundai,215000,50000,Petrol,Individual,Manual,First Owner,21.1,814,55.2,5,12
3076,Maruti,560000,25000,Petrol,Individual,Manual,First Owner,22.0,1197,81.8,5,8
3077,Maruti,400000,30000,Petrol,Individual,Automatic,Second Owner,23.1,998,67.04,5,9
3078,Others,1320000,9000,Diesel,Dealer,Automatic,First Owner,13.6,1999,152.925,5,9
3079,Others,1320000,20000,Petrol,Dealer,Automatic,First Owner,22.37,2159,152.925,5,7
3080,Others,1320000,45000,Diesel,Dealer,Automatic,First Owner,19.33,1999,152.925,5,9
3081,Tata,503000,110000,Diesel,Individual,Manual,First Owner,14.1,2159,147.94,7,11
3082,Others,1320000,20000,Diesel,Individual,Automatic,First Owner,18.0,1969,152.925,5,7
3083,Toyota,1320000,68089,Petrol,Dealer,Automatic,First Owner,19.16,2159,152.925,5,10
3084,Maruti,225000,58343,Petrol,Dealer,Manual,First Owner,21.79,998,67.05,5,13
3085,Maruti,740000,38817,Diesel,Dealer,Manual,First Owner,27.39,1248,74.0,5,8
3086,Honda,550000,56494,Petrol,Dealer,Manual,First Owner,18.2,1199,88.7,5,10
3087,Toyota,750000,79328,Diesel,Dealer,Manual,Second Owner,12.99,2159,100.6,7,13
3088,Maruti,650000,5621,Petrol,Dealer,Automatic,First Owner,22.0,1197,81.8,5,7
3089,Toyota,625000,25538,Petrol,Dealer,Manual,First Owner,16.78,1496,88.73,5,9
3090,Maruti,600000,69779,Petrol,Dealer,Automatic,First Owner,22.0,1197,81.8,5,8
3091,Hyundai,450000,56290,Diesel,Dealer,Manual,First Owner,24.0,1186,73.97,5,9
3092,Others,1320000,7500,Diesel,Dealer,Automatic,First Owner,16.78,1995,152.925,5,7
3093,Others,1320000,8500,Diesel,Dealer,Automatic,First Owner,16.78,1995,152.925,5,7
3094,Honda,779000,7032,Petrol,Dealer,Automatic,First Owner,19.0,1199,88.76,5,7
3095,Others,645000,11000,Petrol,Dealer,Automatic,First Owner,14.3,1598,103.5,5,10
3096,Others,1320000,2000,Diesel,Dealer,Automatic,First Owner,16.8,1984,150.0,5,8
3098,Ford,725000,45000,Diesel,Individual,Manual,First Owner,23.0,1498,98.96,5,9
3099,Maruti,225000,58343,Petrol,Dealer,Manual,First Owner,21.79,998,67.05,5,13
3100,Maruti,740000,38817,Diesel,Dealer,Manual,First Owner,27.39,1248,74.0,5,8
3101,Maruti,650000,5621,Petrol,Dealer,Automatic,First Owner,22.0,1197,81.8,5,7
3102,Toyota,625000,25538,Petrol,Dealer,Manual,First Owner,16.78,1496,88.73,5,9
3103,Maruti,600000,69779,Petrol,Dealer,Automatic,First Owner,22.0,1197,81.8,5,8
3104,Hyundai,450000,56290,Diesel,Dealer,Manual,First Owner,24.0,1186,73.97,5,9
3105,Honda,325000,52442,Petrol,Dealer,Manual,Second Owner,18.5,1198,86.8,5,12
3106,Hyundai,229999,39000,Petrol,Dealer,Manual,First Owner,20.36,1197,78.9,5,13
3107,Others,400000,42000,Petrol,Dealer,Automatic,First Owner,11.74,1796,152.925,5,19
3108,Volkswagen,449000,34156,Petrol,Dealer,Manual,First Owner,16.47,1198,74.0,5,11
3109,Hyundai,455000,34152,Petrol,Dealer,Manual,First Owner,18.9,1197,81.86,5,9
3110,Others,1320000,37000,Diesel,Dealer,Automatic,First Owner,18.25,1968,152.925,5,11
3111,Toyota,1320000,98000,Diesel,Dealer,Automatic,First Owner,11.36,2159,152.925,7,9
3112,Hyundai,1150000,31000,Petrol,Dealer,Manual,First Owner,15.8,1591,121.3,5,7
3113,Hyundai,650000,62841,Petrol,Dealer,Manual,First Owner,18.6,1197,81.83,5,8
3114,Hyundai,950000,38600,Diesel,Dealer,Manual,First Owner,19.67,1582,126.2,5,10
3115,Maruti,698000,27654,Diesel,Dealer,Automatic,First Owner,28.4,1248,74.02,5,8
3116,Hyundai,975000,48698,Diesel,Dealer,Manual,First Owner,19.67,1582,126.2,5,9
3117,Maruti,445000,32995,Petrol,Dealer,Automatic,First Owner,20.52,1197,81.8,5,8
3118,Tata,539000,60000,Diesel,Individual,Manual,First Owner,22.95,1248,74.0,5,8
3119,Maruti,350000,110000,Diesel,Individual,Manual,Higher,17.8,1248,75.0,5,16
3120,Mahindra,550000,186062,Diesel,Individual,Manual,Higher,12.05,2159,120.0,8,15
3121,Renault,550000,130000,Diesel,Individual,Manual,Second Owner,20.45,1461,83.8,5,11
3122,Volkswagen,330000,120000,Diesel,Individual,Manual,First Owner,22.07,1199,73.9,5,15
3123,Hyundai,220000,80000,Petrol,Individual,Manual,Higher,21.1,814,55.2,5,12
3124,Maruti,415000,60000,Petrol,Individual,Manual,Second Owner,18.5,1197,85.8,5,13
3125,Maruti,150000,75000,Petrol,Individual,Manual,First Owner,19.7,796,46.3,5,19
3126,Hyundai,150000,89000,Petrol,Individual,Manual,Second Owner,15.3,1341,83.0,5,21
3127,Hyundai,240000,110000,Diesel,Individual,Manual,First Owner,18.1,1493,110.0,5,19
3128,Maruti,170000,90000,Petrol,Individual,Manual,Second Owner,19.7,796,46.3,5,17
3129,Maruti,550000,40000,Diesel,Individual,Manual,Higher,28.09,1248,88.5,5,11
3130,Others,500000,26000,Petrol,Individual,Automatic,First Owner,19.34,1198,76.0,5,9
3131,Mahindra,180000,120000,Diesel,Individual,Manual,Second Owner,13.0,2159,95.0,8,15
3132,Mahindra,360000,29000,Petrol,Individual,Manual,First Owner,18.15,1198,82.0,6,9
3133,Maruti,400000,120000,Petrol,Individual,Manual,First Owner,19.1,1197,85.8,5,12
3134,Hyundai,120000,70000,Petrol,Individual,Manual,Second Owner,13.2,1495,94.0,5,17
3135,Maruti,765000,100000,Diesel,Individual,Manual,Second Owner,24.3,1248,88.5,5,10
3136,Maruti,919999,90150,Diesel,Individual,Manual,First Owner,24.3,1248,88.5,5,10
3137,Toyota,730000,90000,Diesel,Individual,Manual,First Owner,23.59,1364,67.05,5,8
3138,Tata,320000,120000,Diesel,Individual,Manual,First Owner,22.95,1248,74.0,5,10
3139,Honda,455000,90000,Diesel,Individual,Manual,Second Owner,25.8,1498,98.6,5,11
3140,Others,350000,50000,Petrol,Individual,Manual,First Owner,20.63,1198,67.0,5,11
3141,Mahindra,509999,110000,Diesel,Individual,Manual,First Owner,18.49,1493,100.0,7,10
3142,Tata,175000,85700,Diesel,Individual,Manual,Second Owner,17.0,1405,70.0,5,15
3143,Mahindra,325000,178000,Diesel,Individual,Manual,First Owner,15.96,2159,63.0,9,13
3144,Tata,120000,70000,Petrol,Individual,Manual,Second Owner,15.2,1193,65.0,5,15
3145,Hyundai,300000,30000,Petrol,Individual,Manual,Second Owner,20.36,1197,78.9,5,12
3146,Honda,500000,100000,Diesel,Individual,Manual,First Owner,26.0,1498,98.6,5,11
3147,Maruti,562000,25339,Petrol,Individual,Manual,First Owner,21.4,1197,83.1,5,10
3148,Hyundai,250000,10000,Petrol,Individual,Manual,First Owner,21.1,814,55.2,5,12
3149,Tata,484999,35000,Diesel,Individual,Manual,First Owner,20.65,1248,88.7,5,9
3150,Hyundai,280000,35000,Petrol,Individual,Manual,Second Owner,20.36,1197,78.9,5,13
3151,Maruti,571000,68000,Diesel,Individual,Manual,Second Owner,20.77,1248,88.76,7,11
3152,Maruti,400000,40000,Petrol,Individual,Manual,First Owner,18.6,1197,85.8,5,13
3153,Tata,295000,120000,Diesel,Individual,Manual,Second Owner,19.09,1405,69.01,5,11
3155,Ford,250000,25000,Petrol,Individual,Manual,First Owner,15.6,1196,70.0,5,15
3156,Mahindra,610000,40000,Diesel,Individual,Manual,Second Owner,15.96,2159,62.1,7,11
3157,Tata,175000,60000,Diesel,Individual,Manual,First Owner,22.3,1248,74.0,5,14
3158,Ford,204999,70000,Diesel,Individual,Manual,Second Owner,20.0,1399,68.0,5,15
3159,Mahindra,750000,80000,Diesel,Individual,Manual,Second Owner,15.1,2159,140.0,7,13
3160,Hyundai,651000,42323,Diesel,Dealer,Manual,First Owner,21.19,1396,88.76,5,10
3161,Others,1075000,42545,Diesel,Dealer,Automatic,First Owner,19.62,1998,152.925,5,15
3162,Maruti,690000,32000,Diesel,Dealer,Manual,First Owner,25.1,1248,88.5,5,10
3163,Maruti,589000,41232,Diesel,Dealer,Manual,First Owner,26.59,1248,74.0,5,9
3164,Mahindra,445000,40200,Diesel,Dealer,Manual,First Owner,21.0,1498,74.96,7,11
3165,Ford,475000,48000,Diesel,Dealer,Manual,Second Owner,21.7,1498,98.96,5,13
3166,Honda,465000,27233,Diesel,Dealer,Manual,First Owner,27.4,1498,98.63,5,12
3167,Tata,225000,35000,Petrol,Individual,Manual,First Owner,15.0,1368,90.0,5,15
3168,Toyota,310000,186062,Diesel,Individual,Manual,Second Owner,12.8,2159,102.0,8,21
3169,Tata,445000,63000,Diesel,Dealer,Manual,First Owner,15.3,2159,83.8,9,10
3170,Mahindra,445000,62000,Diesel,Dealer,Manual,First Owner,21.0,1498,74.96,7,11
3171,Tata,450000,68240,Diesel,Dealer,Manual,First Owner,13.93,2159,138.1,7,14
3172,Mahindra,450000,78000,Diesel,Dealer,Manual,First Owner,15.4,1997,120.0,7,18
3174,Maruti,200000,35000,Petrol,Dealer,Manual,First Owner,18.9,998,67.1,5,16
3175,Maruti,611000,9000,Petrol,Dealer,Manual,First Owner,19.1,1197,85.8,5,8
3176,Hyundai,819999,39000,Diesel,Dealer,Manual,First Owner,19.67,1582,126.2,5,10
3177,Hyundai,825000,39000,Diesel,Dealer,Manual,First Owner,21.38,1396,88.7,5,10
3178,Ford,599000,92651,Diesel,Dealer,Manual,First Owner,21.7,1498,98.96,5,11
3179,Maruti,490000,28000,Petrol,Dealer,Manual,First Owner,16.1,1197,85.0,5,8
3180,Tata,500000,40000,Petrol,Individual,Manual,First Owner,17.57,1193,88.7,5,6
3181,Tata,500000,40000,Petrol,Individual,Manual,First Owner,17.57,1193,88.7,5,6
3182,Mahindra,1100000,88754,Diesel,Dealer,Manual,First Owner,16.0,2159,140.0,7,9
3183,Ford,675000,7000,Petrol,Individual,Manual,First Owner,19.4,1194,94.93,5,7
3184,Mahindra,1320000,40000,Diesel,Individual,Manual,First Owner,16.0,2159,138.0,7,8
3185,Hyundai,570000,20000,Petrol,Individual,Manual,First Owner,18.9,1197,81.86,5,8
3186,Hyundai,455000,50000,Diesel,Individual,Manual,First Owner,24.0,1186,73.97,5,9
3187,Hyundai,165000,45000,Petrol,Individual,Manual,Second Owner,21.1,814,55.2,5,13
3188,Honda,925000,22000,Petrol,Individual,Manual,First Owner,17.8,1497,117.3,5,10
3189,Tata,215000,100000,Diesel,Individual,Manual,Second Owner,25.0,1396,69.01,5,12
3190,Maruti,470000,23700,Petrol,Individual,Manual,First Owner,20.4,1197,81.8,5,10
3191,Maruti,470000,23700,Petrol,Individual,Manual,First Owner,20.4,1197,81.8,5,10
3192,Maruti,650000,60000,Diesel,Individual,Manual,First Owner,28.09,1248,88.5,5,9
3193,Renault,900000,50000,Diesel,Individual,Manual,First Owner,20.37,1461,108.45,5,9
3195,Ford,190000,100000,Diesel,Individual,Manual,Second Owner,17.8,1399,67.0,5,17
3196,Hyundai,715000,60000,Diesel,Individual,Manual,First Owner,21.19,1396,88.73,5,9
3197,Tata,227999,60000,Diesel,Individual,Manual,Second Owner,25.0,1396,69.01,5,13
3198,Tata,450000,50000,Diesel,Individual,Manual,First Owner,22.95,1248,74.0,5,9
3199,Chevrolet,200000,40000,Diesel,Individual,Manual,First Owner,25.44,936,56.3,5,11
3200,Maruti,400000,110000,Other,Individual,Manual,First Owner,26.6,998,58.16,5,9
3201,Maruti,725000,110000,Diesel,Individual,Manual,First Owner,24.52,1248,88.5,7,10
3202,Ford,300000,80000,Diesel,Individual,Manual,First Owner,20.0,1399,68.05,5,12
3203,Toyota,1151000,69500,Diesel,Individual,Manual,Second Owner,12.99,2159,100.6,8,10
3204,Others,225000,33000,Petrol,Individual,Manual,First Owner,20.63,1198,67.0,5,12
3205,Hyundai,380000,80000,Petrol,Individual,Manual,First Owner,19.81,1086,68.05,5,10
3206,Hyundai,630000,5000,Petrol,Individual,Manual,First Owner,18.6,1197,81.86,5,7
3207,Hyundai,351000,25000,Petrol,Individual,Manual,First Owner,20.36,1197,78.9,5,12
3208,Others,199000,50000,Diesel,Individual,Manual,Second Owner,20.86,1199,75.0,5,14
3209,Tata,850000,50000,Diesel,Individual,Manual,First Owner,17.6,2159,147.94,7,9
3210,Tata,105000,120000,Diesel,Individual,Manual,Second Owner,18.0,1248,75.0,5,16
3211,Tata,300000,120000,Diesel,Individual,Manual,Higher,18.8,1248,90.0,5,16
3212,Toyota,950000,80000,Diesel,Individual,Manual,First Owner,12.99,2159,100.6,7,10
3213,Mahindra,430000,110000,Diesel,Individual,Manual,Second Owner,18.49,1493,100.0,7,11
3214,Ford,1320000,80000,Diesel,Individual,Automatic,First Owner,10.91,2159,152.925,7,10
3215,Hyundai,540000,30000,Diesel,Individual,Manual,First Owner,24.0,1186,73.97,5,8
3216,Hyundai,175000,60000,Other,Individual,Manual,Second Owner,17.8,1086,63.0,5,14
3217,Hyundai,1150000,44000,Diesel,Individual,Automatic,First Owner,17.01,1582,126.2,5,8
3218,Maruti,350000,5000,Petrol,Individual,Manual,First Owner,22.05,796,47.3,5,6
3219,Hyundai,690000,18000,Petrol,Individual,Manual,First Owner,18.6,1197,81.86,5,7
3220,Hyundai,535000,80000,Diesel,Individual,Manual,First Owner,22.54,1396,88.73,5,11
3221,Maruti,730000,100000,Diesel,Individual,Manual,First Owner,24.3,1248,88.5,5,10
3222,Hyundai,280000,19000,Petrol,Individual,Manual,First Owner,21.1,814,55.2,5,10
3223,Maruti,650000,33000,Petrol,Individual,Automatic,First Owner,21.21,1197,81.8,5,7
3224,Toyota,520000,162000,Diesel,Individual,Manual,Higher,12.8,2159,102.0,7,14
3225,Hyundai,360000,65000,Petrol,Individual,Manual,Second Owner,20.14,1197,81.86,5,6
3226,Maruti,250000,170000,Diesel,Individual,Manual,First Owner,19.3,1248,73.9,5,15
3227,Volkswagen,575000,40000,Diesel,Individual,Manual,First Owner,21.66,1498,108.62,5,9
3228,Tata,170000,120000,Diesel,Individual,Manual,Higher,19.09,1396,69.0,5,14
3229,Maruti,711000,53000,Diesel,Individual,Manual,First Owner,24.3,1248,88.5,5,9
3230,Maruti,250000,90000,Petrol,Individual,Manual,First Owner,18.9,998,67.1,5,13
3231,Maruti,675000,35000,Diesel,Individual,Manual,First Owner,26.59,1248,74.0,5,9
3232,Maruti,325000,50000,Petrol,Individual,Manual,First Owner,20.51,998,67.04,5,10
3233,Maruti,250000,20000,Petrol,Individual,Manual,First Owner,22.74,796,47.3,5,10
3234,Maruti,740000,38000,Diesel,Individual,Automatic,First Owner,28.4,1248,74.0,5,7
3235,Honda,690000,1303,Petrol,Dealer,Manual,First Owner,17.8,1198,86.7,5,7
3236,Others,1320000,31800,Diesel,Dealer,Automatic,First Owner,17.01,1968,152.925,5,8
3237,Others,1320000,20000,Petrol,Dealer,Automatic,First Owner,22.37,2159,152.925,5,7
3238,Others,1320000,45000,Diesel,Dealer,Automatic,First Owner,19.33,1999,152.925,5,9
3239,Others,1320000,17000,Petrol,Individual,Automatic,First Owner,9.5,2159,152.925,5,9
3240,Others,1320000,21000,Diesel,Dealer,Automatic,First Owner,12.83,1999,148.31,7,7
3241,Others,1320000,29500,Diesel,Dealer,Automatic,First Owner,22.48,1995,152.925,5,8
3242,Honda,1320000,73000,Petrol,Dealer,Automatic,First Owner,12.0,2159,152.925,5,9
3243,Others,1320000,50000,Petrol,Dealer,Automatic,First Owner,14.67,1798,152.925,5,8
3244,Maruti,800000,28050,Diesel,Dealer,Manual,First Owner,28.09,1248,88.5,5,9
3245,Honda,1320000,58000,Petrol,Dealer,Automatic,First Owner,12.0,2159,152.925,5,9
3246,Tata,1295000,58000,Diesel,Dealer,Automatic,First Owner,17.6,2159,152.925,7,9
3247,Renault,425000,69000,Diesel,Dealer,Manual,First Owner,19.87,1461,83.8,5,12
3248,Others,1320000,70000,Diesel,Dealer,Automatic,First Owner,12.0,2159,152.925,7,10
3249,Hyundai,910000,40000,Diesel,Dealer,Automatic,First Owner,17.6,1582,126.2,5,11
3250,Toyota,625000,39000,Petrol,Dealer,Automatic,First Owner,14.28,1798,138.03,5,13
3251,Others,1320000,22000,Diesel,Dealer,Automatic,First Owner,18.0,1969,152.925,5,8
3252,Maruti,535000,40000,Diesel,Dealer,Manual,First Owner,26.21,1248,88.5,5,11
3253,Mahindra,325000,142000,Diesel,Individual,Manual,First Owner,15.96,2159,62.1,7,15
3254,Maruti,500000,22947,Petrol,Individual,Manual,First Owner,20.4,1197,81.8,5,10
3255,Hyundai,300000,30000,Petrol,Individual,Manual,Second Owner,20.36,1197,78.9,5,13
3256,Hyundai,270000,7672,Petrol,Individual,Manual,First Owner,21.1,814,55.2,5,10
3257,Maruti,160000,36659,Petrol,Individual,Manual,First Owner,19.7,796,46.3,5,16
3258,Maruti,210000,60000,Petrol,Individual,Manual,First Owner,16.8,796,34.2,8,10
3259,Mahindra,850000,120000,Diesel,Individual,Manual,First Owner,15.1,2159,140.0,7,12
3260,Mahindra,880000,120000,Diesel,Individual,Manual,First Owner,15.1,2159,140.0,7,12
3261,Maruti,150000,39000,Petrol,Individual,Manual,First Owner,16.9,1061,64.9,5,16
3262,Mahindra,775000,45000,Diesel,Individual,Automatic,First Owner,18.49,1493,100.0,7,11
3263,Maruti,160000,70000,Petrol,Individual,Manual,Higher,19.7,796,46.3,5,17
3264,Ford,220000,100000,Diesel,Individual,Manual,Second Owner,20.0,1399,68.0,5,14
3265,Hyundai,670000,48000,Diesel,Individual,Manual,First Owner,22.54,1396,88.73,5,9
3266,Hyundai,780000,35000,Diesel,Individual,Manual,First Owner,22.54,1396,88.73,5,8
3267,Maruti,515000,23000,Petrol,Individual,Manual,First Owner,21.4,1197,83.1,5,9
3268,Hyundai,800000,14000,Diesel,Individual,Manual,First Owner,22.54,1396,88.73,5,9
3269,Hyundai,800000,14000,Diesel,Individual,Manual,First Owner,22.54,1396,88.73,5,9
3270,Mahindra,850000,60000,Diesel,Individual,Manual,First Owner,15.1,2159,140.0,7,12
3271,Hyundai,200000,60000,Petrol,Individual,Manual,Second Owner,21.1,814,55.2,5,13
3272,Others,140000,150000,Diesel,Individual,Manual,Higher,19.4,1422,70.0,5,18
3273,Hyundai,800000,80000,Petrol,Individual,Automatic,Second Owner,17.01,1591,121.3,5,10
3274,Maruti,250000,35000,Petrol,Individual,Manual,First Owner,20.92,998,67.1,5,13
3275,Maruti,800000,44500,Diesel,Individual,Manual,First Owner,25.1,1248,88.5,5,9
3276,Maruti,600000,60000,Diesel,Individual,Manual,Higher,26.21,1248,88.5,5,11
3277,Renault,250000,120000,Diesel,Individual,Manual,Higher,21.8,1461,78.0,5,14
3278,Honda,500000,80000,Diesel,Individual,Manual,Second Owner,25.8,1498,98.6,5,10
3279,Maruti,750000,9900,Petrol,Individual,Manual,First Owner,11.96,1298,80.0,8,7
3280,Maruti,650000,68000,Diesel,Individual,Manual,First Owner,22.9,1248,74.0,5,12
3282,Honda,950000,60000,Diesel,Individual,Manual,First Owner,21.9,1498,98.6,7,10
3283,Chevrolet,580000,110000,Diesel,Individual,Manual,Second Owner,13.58,2159,72.4,10,11
3284,Hyundai,640000,10000,Petrol,Individual,Manual,First Owner,18.9,1197,81.86,5,7
3285,Mahindra,800000,80000,Diesel,Individual,Automatic,First Owner,11.79,2159,120.0,8,12
3286,Maruti,347000,30000,Petrol,Individual,Manual,First Owner,19.0,998,66.1,5,15
3287,Mahindra,1000000,120000,Diesel,Individual,Manual,Higher,15.1,2159,140.0,7,12
3288,Hyundai,300000,35000,Petrol,Individual,Manual,First Owner,21.1,814,55.2,5,10
3289,Tata,493000,40000,Petrol,Individual,Manual,First Owner,20.3,1199,84.0,5,9
3290,Hyundai,370000,60000,Petrol,Individual,Manual,First Owner,18.9,1197,82.0,5,12
3291,Maruti,250000,90000,Diesel,Individual,Manual,Higher,19.3,1248,73.9,5,18
3292,Others,300000,20000,Petrol,Individual,Manual,First Owner,22.5,999,67.0,5,9
3293,Renault,450000,40000,Petrol,Individual,Automatic,First Owner,24.04,999,67.0,5,9
3294,Ford,185000,124316,Diesel,Dealer,Manual,Second Owner,20.0,1399,68.0,5,16
3295,Mahindra,1225000,6544,Diesel,Individual,Manual,First Owner,20.0,1497,115.0,5,7
3296,Toyota,1000000,50000,Diesel,Individual,Manual,First Owner,12.99,2159,100.6,8,11
3297,Hyundai,600000,10000,Petrol,Individual,Manual,First Owner,18.6,1197,81.83,5,10
3298,Mahindra,1100000,50000,Diesel,Individual,Manual,First Owner,15.1,2159,152.87,7,8
3299,Hyundai,360000,30000,Petrol,Individual,Manual,Second Owner,18.9,1197,81.86,5,11
3300,Maruti,285000,69000,Petrol,Individual,Manual,First Owner,17.5,1298,85.8,5,14
3301,Mahindra,350000,49600,Diesel,Individual,Manual,Second Owner,25.32,1198,77.0,6,10
3302,Hyundai,130000,30000,Petrol,Individual,Manual,Second Owner,19.81,1086,68.05,5,18
3303,Chevrolet,500000,186062,Diesel,Individual,Manual,First Owner,18.2,1248,73.74,8,10
3304,Hyundai,350000,80000,Petrol,Individual,Manual,First Owner,17.0,1197,80.0,5,16
3305,Maruti,685000,19000,Petrol,Individual,Automatic,First Owner,21.4,1197,83.1,5,7
3306,Maruti,399000,5000,Other,Individual,Manual,First Owner,21.94,1196,61.7,5,6
3307,Hyundai,525000,10000,Petrol,Individual,Manual,First Owner,18.9,1197,81.86,5,9
3308,Maruti,765000,40000,Petrol,Individual,Manual,First Owner,17.5,1373,91.1,7,9
3309,Maruti,450000,97000,Diesel,Individual,Manual,Higher,22.9,1248,74.0,5,14
3311,Others,390000,30000,Petrol,Individual,Manual,First Owner,19.69,1198,67.04,5,12
3312,Maruti,940000,120000,Diesel,Individual,Manual,First Owner,24.52,1248,88.5,7,9
3313,Renault,650000,120000,Diesel,Individual,Manual,Second Owner,19.01,1461,108.45,5,13
3314,Ford,320000,103994,Diesel,Individual,Manual,Higher,20.0,1399,68.0,5,14
3315,Toyota,145000,70000,Petrol,Individual,Manual,Second Owner,13.4,1794,125.0,5,23
3316,Ford,670000,70000,Diesel,Individual,Manual,First Owner,25.83,1498,99.0,5,9
3317,Maruti,350000,115000,Diesel,Individual,Manual,Higher,21.5,1248,88.8,5,15
3318,Tata,285000,178000,Diesel,Individual,Manual,Second Owner,22.3,1248,74.0,5,14
3319,Maruti,300000,40000,Petrol,Individual,Manual,Higher,19.0,998,67.1,5,15
3320,Ford,300000,80000,Diesel,Individual,Manual,First Owner,20.0,1399,68.0,5,15
3321,Others,810000,98000,Diesel,Individual,Automatic,Higher,12.07,2159,152.925,7,17
3322,Tata,90000,118000,Diesel,Individual,Manual,Second Owner,16.8,1405,62.0,5,17
3323,Maruti,100000,100000,Petrol,Individual,Manual,Second Owner,19.7,796,46.3,5,22
3324,Tata,90000,120000,Diesel,Individual,Manual,Second Owner,17.88,1396,52.8,5,17
3325,Mahindra,459999,120000,Diesel,Individual,Manual,Second Owner,13.5,2159,115.0,5,13
3326,Toyota,525000,186062,Diesel,Individual,Manual,Higher,12.8,2159,102.0,8,17
3327,Maruti,250000,65000,Petrol,Individual,Manual,Second Owner,18.9,998,67.1,5,15
3328,Hyundai,300000,41000,Petrol,Individual,Manual,Second Owner,20.36,1197,78.9,5,14
3329,Maruti,130000,120000,Petrol,Individual,Manual,Second Owner,16.1,1298,88.2,5,21
3330,Maruti,199000,70000,Petrol,Individual,Manual,Higher,20.92,998,67.1,5,15
3331,Renault,545000,90000,Diesel,Individual,Manual,Second Owner,20.46,1461,83.8,5,14
3332,Maruti,570000,80000,Diesel,Individual,Manual,Second Owner,20.77,1248,88.8,7,12
3333,Honda,150000,120000,Petrol,Individual,Manual,Second Owner,16.9,1497,100.0,5,20
3334,Maruti,114999,100000,Petrol,Individual,Manual,First Owner,19.7,796,46.3,5,17
3335,Tata,450000,35000,Petrol,Individual,Manual,First Owner,20.3,1199,84.0,5,8
3336,Renault,600000,5000,Petrol,Individual,Manual,First Owner,20.0,999,72.0,7,7
3337,Maruti,610000,110000,Diesel,Individual,Manual,First Owner,24.3,1248,88.5,5,10
3338,Hyundai,690000,20000,Petrol,Individual,Manual,First Owner,18.6,1197,81.83,5,9
3339,Tata,790000,15000,Petrol,Individual,Manual,First Owner,17.0,1198,108.5,5,8
3340,Maruti,254999,40000,Petrol,Individual,Manual,Second Owner,20.92,998,67.1,5,12
3341,Honda,500000,41000,Petrol,Individual,Manual,First Owner,18.7,1199,88.7,5,10
3342,Mahindra,340000,100000,Diesel,Individual,Manual,Second Owner,13.6,2159,63.0,7,15
3343,Mahindra,245000,110000,Diesel,Individual,Manual,Higher,13.6,2159,63.0,7,19
3344,Ford,340000,120000,Diesel,Individual,Manual,Higher,17.8,1399,67.0,5,14
3345,Maruti,221000,35008,Petrol,Dealer,Manual,First Owner,21.79,998,67.05,5,18
3346,Others,270000,31100,Petrol,Dealer,Manual,First Owner,22.7,799,53.64,5,9
3347,Hyundai,455000,42312,Diesel,Dealer,Manual,First Owner,24.4,1120,71.0,5,12
3348,Toyota,300000,72000,Petrol,Dealer,Manual,First Owner,17.6,1496,88.7,5,15
3349,Toyota,480000,54891,Diesel,Dealer,Manual,First Owner,23.59,1364,67.04,5,12
3350,Hyundai,1000000,30000,Diesel,Individual,Automatic,First Owner,22.0,1582,126.2,5,8
3351,Others,1320000,44000,Diesel,Dealer,Automatic,First Owner,22.69,1995,152.925,5,9
3352,Toyota,1320000,18890,Diesel,Dealer,Automatic,First Owner,11.36,2159,152.925,7,9
3353,Renault,1000000,75010,Diesel,Dealer,Automatic,First Owner,13.73,1995,148.0,5,13
3354,Renault,245000,100000,Diesel,Dealer,Manual,First Owner,23.08,1461,63.1,5,14
3355,Hyundai,625000,4337,Petrol,Dealer,Automatic,First Owner,18.9,1197,82.0,5,7
3356,Volkswagen,560000,14495,Petrol,Dealer,Manual,First Owner,18.78,999,75.0,5,8
3357,Mahindra,1320000,24000,Diesel,Dealer,Manual,First Owner,15.1,2159,152.87,7,8
3358,Toyota,425000,83585,Diesel,Dealer,Manual,First Owner,21.43,1364,87.2,5,16
3359,Volkswagen,550000,31000,Petrol,Dealer,Automatic,Second Owner,17.21,1197,103.6,5,12
3360,Toyota,1320000,100000,Diesel,Dealer,Manual,First Owner,13.68,2159,147.8,7,10
3361,Renault,750000,48406,Diesel,Dealer,Manual,First Owner,19.87,1461,83.8,5,9
3362,Hyundai,570000,56239,Diesel,Dealer,Manual,First Owner,22.54,1396,88.73,5,10
3363,Maruti,585000,33243,Petrol,Dealer,Manual,First Owner,21.4,1197,83.1,5,11
3364,Honda,600000,26000,Petrol,Dealer,Automatic,First Owner,19.0,1199,88.7,5,10
3366,Hyundai,530000,120000,Petrol,Individual,Manual,Second Owner,17.19,1197,81.86,5,10
3367,Hyundai,540000,38000,Petrol,Individual,Manual,First Owner,18.6,1197,81.83,5,10
3368,Hyundai,180000,60000,Petrol,Individual,Manual,First Owner,21.1,814,55.2,5,13
3369,Maruti,450000,30000,Petrol,Individual,Manual,First Owner,19.1,1197,85.8,5,12
3370,Chevrolet,200000,50000,Petrol,Individual,Manual,First Owner,18.6,1199,76.8,5,11
3371,Tata,425000,42000,Petrol,Individual,Manual,First Owner,23.84,1199,84.0,5,9
3372,Chevrolet,400000,30000,Petrol,Individual,Manual,First Owner,18.2,1199,82.4,5,10
3373,Ford,150000,15858,Petrol,Individual,Manual,First Owner,13.8,1299,70.0,5,21
3374,Maruti,310000,15000,Petrol,Individual,Manual,First Owner,24.7,796,47.3,5,9
3375,Chevrolet,500000,50000,Diesel,Individual,Manual,First Owner,13.58,2159,72.4,9,12
3376,Chevrolet,200000,60000,Diesel,Individual,Manual,Second Owner,25.44,936,57.6,5,13
3377,Renault,900000,35000,Diesel,Individual,Manual,First Owner,21.04,1461,83.8,7,8
3378,Others,75000,90000,Diesel,Individual,Manual,Second Owner,12.8,1489,35.5,5,26
3379,Maruti,400000,50000,Petrol,Individual,Manual,First Owner,20.4,1197,83.11,5,11
3380,Honda,650000,110000,Diesel,Individual,Manual,First Owner,24.5,1498,98.6,7,11
3381,Maruti,480000,87847,Diesel,Dealer,Manual,First Owner,28.4,1248,74.0,5,11
3382,Maruti,140000,35000,Petrol,Individual,Manual,First Owner,19.7,796,46.3,5,17
3383,Maruti,550000,5000,Petrol,Individual,Manual,First Owner,22.0,1197,81.8,5,8
3384,Maruti,380000,29000,Petrol,Individual,Automatic,First Owner,20.51,998,67.0,5,9
3385,Tata,440000,20000,Diesel,Individual,Manual,First Owner,19.09,1405,69.01,5,10
3386,Maruti,630000,15000,Petrol,Individual,Manual,First Owner,21.21,1197,81.8,5,8
3387,Renault,250000,40000,Petrol,Individual,Manual,First Owner,25.17,799,53.3,5,9
3388,Maruti,120000,17000,Petrol,Individual,Manual,First Owner,19.7,796,46.3,5,17
3389,Tata,287000,120000,Diesel,Individual,Manual,First Owner,21.12,1248,88.8,5,14
3390,Maruti,550000,45000,Petrol,Individual,Manual,First Owner,21.4,1197,83.1,5,10
3391,Mahindra,950000,60000,Diesel,Individual,Manual,Higher,15.4,1997,120.0,7,10
3392,Tata,1320000,25000,Diesel,Individual,Manual,First Owner,17.0,1956,138.1,5,7
3393,Ford,501000,80000,Diesel,Individual,Manual,Second Owner,25.01,1498,89.75,5,11
3394,Mahindra,550000,70000,Diesel,Individual,Manual,First Owner,15.96,2159,62.1,7,12
3395,Maruti,300000,25000,Petrol,Individual,Manual,First Owner,22.74,796,47.3,5,10
3396,Maruti,300000,50000,Petrol,Individual,Manual,Higher,20.51,998,67.04,5,11
3398,Ford,416000,40000,Petrol,Individual,Automatic,First Owner,17.01,1499,110.4,5,11
3399,Maruti,260000,30000,Petrol,Individual,Manual,First Owner,16.8,796,34.2,8,8
3400,Chevrolet,550000,15000,Petrol,Individual,Manual,First Owner,18.2,1199,82.4,5,10
3401,Mahindra,700000,100000,Diesel,Individual,Manual,Second Owner,15.1,2159,140.0,7,14
3402,Tata,181000,70000,Petrol,Individual,Manual,First Owner,15.64,1193,64.1,5,15
3403,Mahindra,365000,110000,Diesel,Individual,Automatic,Second Owner,11.79,2159,120.0,8,17
3405,Maruti,400000,10000,Petrol,Individual,Automatic,First Owner,23.95,998,67.1,5,9
3406,Hyundai,210000,110000,Petrol,Individual,Manual,First Owner,20.36,1197,78.9,5,16
3407,Hyundai,500000,87000,Diesel,Individual,Manual,Second Owner,22.32,1582,126.32,5,13
3408,Others,1320000,9000,Diesel,Dealer,Automatic,First Owner,13.6,1999,152.925,5,9
3409,Others,1320000,20000,Petrol,Dealer,Automatic,First Owner,22.37,2159,152.925,5,7
3410,Others,1320000,45000,Diesel,Dealer,Automatic,First Owner,19.33,1999,152.925,5,9
3411,Tata,503000,110000,Diesel,Individual,Manual,First Owner,14.1,2159,147.94,7,11
3412,Others,1320000,20000,Diesel,Individual,Automatic,First Owner,18.0,1969,152.925,5,7
3413,Toyota,1320000,68089,Petrol,Dealer,Automatic,First Owner,19.16,2159,152.925,5,10
3414,Maruti,225000,58343,Petrol,Dealer,Manual,First Owner,21.79,998,67.05,5,13
3415,Maruti,740000,38817,Diesel,Dealer,Manual,First Owner,27.39,1248,74.0,5,8
3416,Honda,550000,56494,Petrol,Dealer,Manual,First Owner,18.2,1199,88.7,5,10
3417,Toyota,750000,79328,Diesel,Dealer,Manual,Second Owner,12.99,2159,100.6,7,13
3418,Maruti,650000,5621,Petrol,Dealer,Automatic,First Owner,22.0,1197,81.8,5,7
3419,Toyota,625000,25538,Petrol,Dealer,Manual,First Owner,16.78,1496,88.73,5,9
3420,Maruti,600000,69779,Petrol,Dealer,Automatic,First Owner,22.0,1197,81.8,5,8
3421,Hyundai,450000,56290,Diesel,Dealer,Manual,First Owner,24.0,1186,73.97,5,9
3422,Others,1320000,7500,Diesel,Dealer,Automatic,First Owner,16.78,1995,152.925,5,7
3423,Others,1320000,8500,Diesel,Dealer,Automatic,First Owner,16.78,1995,152.925,5,7
3424,Honda,779000,7032,Petrol,Dealer,Automatic,First Owner,19.0,1199,88.76,5,7
3425,Others,645000,11000,Petrol,Dealer,Automatic,First Owner,14.3,1598,103.5,5,10
3426,Others,1320000,2000,Diesel,Dealer,Automatic,First Owner,16.8,1984,150.0,5,8
3427,Maruti,735000,70000,Diesel,Individual,Manual,First Owner,27.39,1248,74.0,5,9
3428,Tata,550000,120000,Petrol,Individual,Manual,First Owner,17.57,1193,88.7,5,9
3429,Maruti,509999,148000,Diesel,Individual,Manual,First Owner,20.77,1248,88.8,7,13
3430,Hyundai,459999,60000,Diesel,Individual,Manual,Second Owner,21.27,1396,88.76,5,13
3431,Maruti,310000,18000,Petrol,Individual,Manual,First Owner,22.74,796,47.3,5,11
3432,Tata,775000,80000,Diesel,Individual,Manual,First Owner,22.95,1248,74.0,5,8
3433,Maruti,105000,96000,Petrol,Individual,Manual,Higher,19.7,796,46.3,5,22
3434,Honda,430000,97000,Diesel,Individual,Manual,Second Owner,25.8,1498,98.6,5,11
3435,Hyundai,360000,186062,Diesel,Individual,Manual,Higher,21.9,1396,88.76,5,13
3436,Volkswagen,400000,60000,Diesel,Individual,Manual,Higher,20.5,1598,105.0,5,14
3437,Maruti,600000,90000,Diesel,Individual,Manual,First Owner,23.4,1248,74.0,5,12
3438,Honda,580000,35000,Petrol,Individual,Manual,First Owner,17.5,1199,88.7,5,7
3439,Mahindra,140000,120000,Diesel,Individual,Manual,Second Owner,21.03,1461,65.0,5,14
3440,Tata,210000,100000,Diesel,Individual,Manual,First Owner,19.61,1405,70.0,5,18
3441,Hyundai,550000,20000,Petrol,Individual,Manual,First Owner,18.9,1197,82.0,5,9
3442,Chevrolet,120000,110000,Petrol,Individual,Manual,Second Owner,18.2,1199,84.8,5,13
3443,Toyota,400000,35000,Diesel,Individual,Manual,First Owner,12.99,2159,100.6,7,13
3444,Honda,1035000,15000,Diesel,Individual,Manual,First Owner,25.5,1498,98.6,5,8
3445,Maruti,625000,90000,Diesel,Individual,Manual,First Owner,26.21,1248,88.5,5,11
3446,Hyundai,200000,40000,Petrol,Individual,Manual,First Owner,20.36,1197,78.9,5,18
3447,Tata,316000,140000,Diesel,Individual,Manual,First Owner,21.02,1248,88.76,5,13
3448,Maruti,813000,110000,Diesel,Individual,Manual,First Owner,24.3,1248,88.5,5,9
3449,Toyota,1320000,55000,Diesel,Individual,Automatic,First Owner,11.36,2159,152.925,7,10
3450,Toyota,900000,73000,Diesel,Individual,Manual,First Owner,12.99,2159,100.0,8,13
3451,Maruti,650000,100000,Diesel,Individual,Manual,First Owner,20.77,1248,88.76,7,11
3452,Ford,459999,32000,Diesel,Individual,Manual,Second Owner,25.83,1498,99.0,5,11
3453,Others,290000,112072,Diesel,Individual,Manual,First Owner,21.64,1461,84.8,5,14
3454,Ford,400000,30000,Diesel,Individual,Manual,First Owner,20.0,1399,68.05,5,12
3455,Maruti,565000,70000,Diesel,Individual,Manual,Second Owner,25.2,1248,74.0,5,10
3457,Chevrolet,150000,80000,Petrol,Individual,Manual,Second Owner,18.0,995,62.0,5,17
3458,Others,480000,110000,Diesel,Individual,Automatic,Higher,16.07,1995,152.925,5,19
3459,Maruti,70000,80000,Petrol,Individual,Manual,Second Owner,18.2,1061,64.0,5,19
3460,Maruti,70000,80000,Petrol,Individual,Manual,Second Owner,18.2,1061,64.0,5,19
3461,Others,1190000,80000,Petrol,Individual,Automatic,Second Owner,10.93,2159,152.925,5,15
3463,Ford,900000,19000,Diesel,Individual,Manual,First Owner,23.0,1498,98.96,5,8
3464,Hyundai,600000,40000,Diesel,Individual,Manual,First Owner,22.54,1396,88.73,5,11
3465,Mahindra,1100000,52269,Diesel,Individual,Manual,First Owner,15.4,2159,120.0,7,11
3466,Maruti,120000,170000,Other,Individual,Manual,Second Owner,10.9,796,32.8,5,16
3469,Hyundai,229999,60000,Petrol,Individual,Manual,Higher,18.5,1197,80.0,5,17
3470,Honda,570000,15780,Petrol,Individual,Manual,First Owner,17.8,1198,86.7,5,9
3471,Hyundai,575000,106000,Diesel,Individual,Manual,First Owner,22.32,1582,126.32,5,12
3472,Volkswagen,280000,80000,Diesel,Individual,Manual,Higher,20.54,1598,103.6,5,14
3473,Hyundai,580000,74000,Diesel,Individual,Manual,Second Owner,21.19,1396,88.73,5,11
3474,Maruti,875000,35000,Diesel,Individual,Manual,Second Owner,25.47,1248,88.5,7,8
3475,Hyundai,500000,70000,Diesel,Individual,Manual,Higher,22.32,1582,126.32,5,13
3476,Maruti,700000,60000,Diesel,Individual,Manual,First Owner,26.21,1248,88.5,5,11
3477,Ford,388000,50000,Petrol,Individual,Manual,Second Owner,18.16,1196,86.8,5,10
3478,Hyundai,225000,80000,Petrol,Individual,Manual,Second Owner,20.36,1197,78.9,5,15
3479,Tata,90000,90000,Petrol,Individual,Manual,Second Owner,15.64,1193,64.08,5,15
3480,Renault,600000,114000,Diesel,Individual,Manual,First Owner,19.01,1461,108.45,5,12
3481,Hyundai,235000,100000,Petrol,Individual,Manual,First Owner,18.5,1197,80.0,5,17
3482,Hyundai,350000,100000,Diesel,Individual,Manual,Second Owner,23.0,1396,90.0,5,15
3483,Hyundai,235000,80000,Petrol,Individual,Manual,Second Owner,20.36,1197,78.9,5,15
3484,Maruti,190000,35000,Petrol,Individual,Manual,First Owner,19.7,796,46.3,5,16
3485,Tata,325000,79000,Diesel,Individual,Manual,First Owner,21.12,1248,88.8,5,15
3486,Hyundai,550000,186062,Petrol,Individual,Manual,Second Owner,18.6,1197,81.83,5,19
3487,Volkswagen,300000,120000,Diesel,Individual,Manual,Higher,20.54,1598,103.6,5,15
3488,Tata,550000,10000,Petrol,Individual,Manual,First Owner,20.3,1199,84.0,5,9
3489,Mahindra,720000,150000,Diesel,Individual,Manual,Second Owner,15.1,2159,140.0,7,13
3490,Others,110000,110000,Petrol,Individual,Manual,First Owner,18.06,1198,75.0,5,15
3491,Maruti,310000,10000,Petrol,Individual,Manual,First Owner,24.7,796,47.3,5,8
3492,Maruti,150000,70000,Other,Individual,Manual,Second Owner,26.2,998,58.2,5,16
3493,Tata,260000,46000,Diesel,Individual,Manual,First Owner,19.4,1405,70.0,5,14
3494,Hyundai,55000,120000,Petrol,Individual,Manual,Higher,13.2,1495,94.0,5,24
3495,Maruti,450000,108800,Diesel,Individual,Manual,Higher,22.9,1248,74.0,5,13
3496,Hyundai,199000,70000,Petrol,Individual,Manual,Second Owner,20.36,1197,78.9,5,17
3497,Mahindra,1000000,35000,Diesel,Individual,Manual,First Owner,15.4,2159,75.0,7,8
3498,Ford,240000,72000,Diesel,Individual,Manual,First Owner,20.0,1399,68.0,5,15
3499,Renault,350000,40000,Petrol,Individual,Manual,First Owner,25.17,799,53.3,5,8
3500,Mahindra,530000,120000,Diesel,Individual,Manual,Higher,15.96,2159,62.1,7,12
3501,Chevrolet,150000,35000,Petrol,Individual,Manual,First Owner,18.0,995,62.0,5,15
3502,Hyundai,625000,12500,Petrol,Individual,Manual,First Owner,18.6,1197,81.86,5,7
3503,Hyundai,378000,80000,Petrol,Individual,Manual,First Owner,18.9,1197,82.0,5,12
3504,Renault,210000,186062,Petrol,Individual,Manual,Second Owner,25.17,799,53.3,5,11
3505,Maruti,700000,100000,Diesel,Individual,Manual,Second Owner,28.4,1248,74.02,5,8
3506,Hyundai,156000,110000,Petrol,Individual,Manual,Second Owner,17.92,1086,62.1,5,15
3507,Mahindra,700000,103000,Diesel,Individual,Manual,First Owner,16.5,1493,70.0,7,10
3508,Maruti,194000,186062,Petrol,Individual,Manual,Second Owner,18.9,1061,67.0,5,16
3509,Maruti,120000,100000,Petrol,Individual,Manual,Second Owner,19.7,796,46.3,5,20
3510,Honda,415000,45000,Petrol,Individual,Automatic,First Owner,15.5,1198,86.7,5,11
3511,Honda,450000,45000,Petrol,Individual,Automatic,First Owner,15.5,1198,86.7,5,11
3512,Honda,325000,40000,Petrol,Individual,Manual,Higher,19.4,1198,86.8,5,12
3513,Mahindra,525000,186062,Diesel,Individual,Manual,First Owner,15.96,2159,62.1,9,12
3514,Hyundai,265000,100000,Petrol,Individual,Manual,First Owner,21.1,814,55.2,5,9
3515,Maruti,100000,120000,Petrol,Individual,Manual,Second Owner,19.7,796,35.0,8,18
3516,Others,1320000,9000,Diesel,Dealer,Automatic,First Owner,13.6,1999,152.925,5,9
3517,Others,1320000,20000,Petrol,Dealer,Automatic,First Owner,22.37,2159,152.925,5,7
3518,Others,1320000,45000,Diesel,Dealer,Automatic,First Owner,19.33,1999,152.925,5,9
3519,Tata,503000,110000,Diesel,Individual,Manual,First Owner,14.1,2159,147.94,7,11
3520,Others,1320000,20000,Diesel,Individual,Automatic,First Owner,18.0,1969,152.925,5,7
3521,Toyota,1320000,68089,Petrol,Dealer,Automatic,First Owner,19.16,2159,152.925,5,10
3522,Maruti,225000,58343,Petrol,Dealer,Manual,First Owner,21.79,998,67.05,5,13
3523,Maruti,740000,38817,Diesel,Dealer,Manual,First Owner,27.39,1248,74.0,5,8
3524,Honda,550000,56494,Petrol,Dealer,Manual,First Owner,18.2,1199,88.7,5,10
3525,Toyota,750000,79328,Diesel,Dealer,Manual,Second Owner,12.99,2159,100.6,7,13
3526,Maruti,650000,5621,Petrol,Dealer,Automatic,First Owner,22.0,1197,81.8,5,7
3527,Toyota,625000,25538,Petrol,Dealer,Manual,First Owner,16.78,1496,88.73,5,9
3528,Maruti,600000,69779,Petrol,Dealer,Automatic,First Owner,22.0,1197,81.8,5,8
3529,Hyundai,450000,56290,Diesel,Dealer,Manual,First Owner,24.0,1186,73.97,5,9
3530,Others,1320000,7500,Diesel,Dealer,Automatic,First Owner,16.78,1995,152.925,5,7
3531,Others,1320000,8500,Diesel,Dealer,Automatic,First Owner,16.78,1995,152.925,5,7
3532,Honda,779000,7032,Petrol,Dealer,Automatic,First Owner,19.0,1199,88.76,5,7
3533,Others,645000,11000,Petrol,Dealer,Automatic,First Owner,14.3,1598,103.5,5,10
3534,Others,1320000,2000,Diesel,Dealer,Automatic,First Owner,16.8,1984,150.0,5,8
3535,Tata,400000,100000,Diesel,Individual,Manual,First Owner,23.0,1248,88.7,5,11
3536,Hyundai,345000,40000,Diesel,Individual,Manual,First Owner,21.9,1396,88.8,5,13
3537,Mahindra,850000,15000,Diesel,Individual,Manual,Second Owner,16.55,2159,105.0,6,8
3538,Maruti,620000,15000,Petrol,Individual,Automatic,First Owner,20.89,1197,81.8,5,8
3539,Maruti,700000,10000,Petrol,Individual,Manual,Second Owner,21.4,1197,83.1,5,8
3540,Tata,200000,90000,Diesel,Individual,Manual,First Owner,22.3,1248,74.0,5,14
3541,Mahindra,660000,80000,Diesel,Individual,Manual,First Owner,16.5,1493,70.0,7,9
3542,Others,1320000,39000,Diesel,Individual,Manual,First Owner,13.5,2159,152.925,7,11
3543,Tata,90000,60000,Diesel,Individual,Manual,Second Owner,17.88,1396,52.8,5,17
3544,Mahindra,1050000,28000,Diesel,Individual,Manual,Second Owner,15.1,2159,140.0,7,11
3545,Ford,160000,90000,Petrol,Individual,Manual,Second Owner,15.6,1196,70.0,5,16
3546,Honda,150000,80000,Petrol,Individual,Manual,Higher,13.5,1799,130.0,5,20
3547,Maruti,200000,35000,Petrol,Individual,Manual,First Owner,19.0,998,67.1,5,16
3548,Toyota,365000,185000,Diesel,Individual,Manual,Second Owner,21.43,1364,87.2,5,15
3549,Others,140000,110000,Petrol,Individual,Manual,Second Owner,15.7,1172,67.0,5,17
3550,Others,360000,100000,Diesel,Individual,Manual,First Owner,20.5,1248,91.72,5,10
3551,Honda,200000,110000,Petrol,Individual,Manual,Second Owner,17.7,1497,78.0,5,18
3552,Others,250000,100000,Diesel,Individual,Manual,Second Owner,17.5,1896,106.0,5,16
3553,Others,229999,110000,Diesel,Individual,Manual,Second Owner,17.5,1896,106.0,5,18
3554,Ford,320000,130000,Diesel,Individual,Manual,Second Owner,17.8,1399,68.0,5,15
3556,Hyundai,1200000,27000,Petrol,Individual,Manual,First Owner,15.8,1591,121.3,5,8
3557,Maruti,740000,9000,Petrol,Individual,Automatic,First Owner,21.4,1197,83.1,5,8
3558,Hyundai,345000,40000,Diesel,Individual,Manual,First Owner,21.9,1396,88.8,5,13
3559,Maruti,570000,19000,Petrol,Individual,Automatic,Second Owner,20.89,1197,81.8,5,7
3560,Maruti,490000,10000,Petrol,Individual,Manual,First Owner,20.52,1197,81.8,5,7
3561,Tata,250000,100000,Diesel,Individual,Manual,First Owner,23.57,1396,70.0,5,13
3562,Maruti,430000,20000,Petrol,Individual,Automatic,First Owner,20.51,998,67.0,5,9
3563,Hyundai,225000,35000,Petrol,Individual,Manual,First Owner,21.1,814,55.2,5,12
3564,Mahindra,850000,15000,Diesel,Individual,Manual,Second Owner,16.55,2159,105.0,6,8
3565,Maruti,620000,15000,Petrol,Individual,Automatic,First Owner,20.89,1197,81.8,5,8
3566,Hyundai,440000,70000,Diesel,Individual,Manual,Second Owner,22.54,1396,88.73,5,12
3567,Maruti,800000,70000,Diesel,Individual,Manual,First Owner,24.3,1248,88.5,5,10
3568,Maruti,700000,10000,Petrol,Individual,Manual,Second Owner,21.4,1197,83.1,5,8
3569,Maruti,600000,47000,Diesel,Individual,Manual,First Owner,25.2,1248,74.0,5,10
3570,Tata,200000,90000,Diesel,Individual,Manual,First Owner,22.3,1248,74.0,5,14
3571,Mahindra,660000,80000,Diesel,Individual,Manual,First Owner,16.5,1493,70.0,7,9
3572,Others,1320000,39000,Diesel,Individual,Manual,First Owner,13.5,2159,152.925,7,11
3573,Hyundai,450000,53000,Diesel,Individual,Manual,First Owner,24.0,1120,70.0,5,11
3574,Maruti,420000,105000,Diesel,Individual,Manual,Second Owner,23.4,1248,74.0,5,13
3575,Toyota,500000,121941,Diesel,Dealer,Manual,First Owner,12.8,2159,102.0,8,15
3576,Tata,350000,15000,Petrol,Individual,Manual,First Owner,23.84,1199,84.0,5,10
3577,Mahindra,280000,100000,Diesel,Individual,Manual,First Owner,14.0,2159,95.0,8,12
3578,Renault,425000,152186,Diesel,Dealer,Manual,Second Owner,20.45,1461,83.8,5,13
3579,Hyundai,295000,82246,Petrol,Dealer,Manual,First Owner,20.36,1197,78.9,5,13
3580,Maruti,540000,20000,Petrol,Individual,Manual,First Owner,20.4,1197,81.8,5,10
3581,Maruti,754000,40000,Diesel,Individual,Manual,First Owner,28.4,1248,74.02,5,9
3582,Toyota,650000,89580,Diesel,Dealer,Manual,Second Owner,12.8,2159,102.0,8,15
3583,Toyota,550000,186062,Diesel,Individual,Manual,Second Owner,12.8,2159,102.0,7,15
3584,Toyota,550000,186062,Diesel,Individual,Manual,Second Owner,12.8,2159,102.0,7,15
3585,Ford,675000,2789,Petrol,Dealer,Manual,First Owner,18.16,1196,86.8,5,7
3586,Ford,700000,35278,Diesel,Dealer,Manual,First Owner,23.8,1499,98.97,5,8
3587,Ford,795000,2860,Diesel,Dealer,Manual,First Owner,23.8,1499,98.97,5,8
3588,Toyota,515000,186062,Diesel,Individual,Manual,First Owner,12.8,2159,102.0,7,16
3589,Mahindra,450000,20000,Petrol,Individual,Manual,First Owner,18.15,1198,82.0,6,8
3590,Hyundai,155000,60000,Petrol,Individual,Manual,Higher,15.0,1086,66.6,5,18
3591,Toyota,350000,100000,Diesel,Individual,Manual,Second Owner,23.59,1364,67.1,5,15
3592,Ford,250000,78562,Diesel,Dealer,Manual,First Owner,20.0,1399,68.0,5,15
3593,Hyundai,450000,96000,Diesel,Individual,Manual,Higher,22.32,1582,126.32,5,15
3594,Hyundai,450000,96000,Diesel,Individual,Manual,Higher,22.32,1582,126.32,5,15
3595,Maruti,55599,36088,Petrol,Individual,Manual,First Owner,16.1,796,37.0,4,23
3596,Hyundai,420000,50000,Diesel,Individual,Manual,First Owner,22.54,1396,88.73,5,12
3598,Maruti,750000,40000,Diesel,Individual,Manual,First Owner,25.1,1248,88.5,5,8
3599,Others,450000,10000,Petrol,Individual,Manual,First Owner,19.02,1198,67.05,5,6
3600,Maruti,175000,60000,Diesel,Individual,Manual,Second Owner,17.8,1248,75.0,5,18
3601,Hyundai,650000,10000,Petrol,Individual,Manual,First Owner,17.19,1197,81.86,5,7
3602,Maruti,1050000,10000,Diesel,Individual,Manual,First Owner,25.47,1248,88.5,7,8
3603,Hyundai,375000,35000,Diesel,Individual,Manual,Second Owner,22.32,1582,126.32,5,15
3604,Hyundai,1100000,80000,Diesel,Individual,Manual,First Owner,14.74,2159,152.925,7,12
3605,Mahindra,1320000,28000,Diesel,Individual,Manual,First Owner,15.1,2159,152.87,7,7
3606,Ford,620000,35000,Diesel,Individual,Manual,First Owner,24.29,1498,99.0,5,9
3607,Others,1320000,32000,Diesel,Individual,Manual,First Owner,16.3,1956,152.925,5,9
3608,Maruti,135000,40000,Petrol,Individual,Manual,First Owner,18.9,998,67.1,5,23
3609,Hyundai,375000,35000,Diesel,Individual,Manual,Second Owner,22.32,1582,126.32,5,15
3610,Renault,320000,10000,Petrol,Individual,Manual,First Owner,25.17,799,53.3,5,7
3611,Mahindra,1320000,25000,Diesel,Individual,Automatic,Second Owner,15.1,2159,152.87,7,7
3612,Maruti,320000,50000,Petrol,Individual,Manual,First Owner,23.95,998,67.05,5,10
3613,Maruti,400000,129000,Diesel,Individual,Manual,First Owner,19.3,1248,73.9,5,14
3614,Mahindra,900000,100000,Diesel,Individual,Automatic,Second Owner,16.0,2159,140.0,7,11
3615,Maruti,310000,30000,Petrol,Individual,Manual,First Owner,24.7,796,47.3,5,8
3616,Tata,595000,28000,Petrol,Individual,Manual,Second Owner,17.0,1198,108.5,5,8
3617,Maruti,800000,60000,Diesel,Individual,Manual,First Owner,23.65,1248,88.5,5,9
3618,Mahindra,350000,70000,Petrol,Individual,Manual,First Owner,13.87,1598,86.0,5,13
3619,Tata,275000,110000,Diesel,Individual,Manual,First Owner,19.1,1405,70.0,5,13
3620,Maruti,420000,10000,Petrol,Individual,Manual,First Owner,15.37,1196,73.0,5,7
3621,Hyundai,250000,110000,Diesel,Individual,Manual,Second Owner,18.1,1493,110.0,5,18
3622,Maruti,250000,100000,Diesel,Individual,Manual,Second Owner,17.8,1248,75.0,5,19
3623,Mahindra,290000,120000,Diesel,Individual,Manual,Second Owner,12.05,2159,120.0,8,18
3624,Hyundai,525000,60000,Petrol,Individual,Automatic,First Owner,16.9,1197,82.0,5,10
3625,Mahindra,250000,110000,Diesel,Individual,Manual,Higher,10.5,2159,120.0,7,18
3627,Maruti,430000,10000,Petrol,Individual,Manual,First Owner,23.1,998,67.04,5,9
3628,Maruti,630000,35000,Petrol,Individual,Manual,First Owner,21.4,1197,83.1,5,9
3629,Tata,550000,23000,Petrol,Individual,Manual,First Owner,20.3,1199,84.0,5,8
3630,Maruti,630000,15000,Diesel,Individual,Manual,Second Owner,28.4,1248,74.0,5,7
3631,Mahindra,850000,20000,Diesel,Individual,Manual,First Owner,18.49,2159,120.0,9,8
3632,Mahindra,455000,90000,Diesel,Individual,Manual,First Owner,13.6,2159,63.0,7,15
3633,Mahindra,445000,90000,Diesel,Individual,Manual,First Owner,13.6,2159,63.0,7,15
3634,Hyundai,370000,80000,Diesel,Individual,Manual,First Owner,21.9,1396,88.76,5,13
3635,Hyundai,500000,50000,Petrol,Individual,Manual,First Owner,18.9,1197,82.0,5,10
3637,Tata,140000,185000,Diesel,Individual,Manual,Second Owner,19.4,1405,70.0,5,14
3638,Maruti,550000,40000,Petrol,Individual,Manual,First Owner,21.21,1197,81.8,5,7
3639,Renault,300000,30000,Petrol,Individual,Manual,First Owner,23.01,999,67.0,5,9
3640,Tata,150000,120000,Diesel,Individual,Manual,First Owner,23.03,1396,69.0,5,15
3641,Maruti,229999,186062,Petrol,Individual,Manual,Second Owner,18.9,998,67.1,5,15
3642,Mahindra,880000,46000,Diesel,Individual,Manual,First Owner,15.4,2159,120.0,7,9
3643,Toyota,900000,120000,Diesel,Individual,Manual,First Owner,11.5,2159,152.925,7,15
3644,Mahindra,720000,80000,Diesel,Individual,Manual,First Owner,15.4,2159,75.0,9,11
3645,Hyundai,550000,90000,Diesel,Individual,Manual,Second Owner,22.54,1396,88.73,5,10
3646,Mahindra,720000,90000,Diesel,Individual,Manual,First Owner,15.4,2159,75.0,9,11
3648,Maruti,535000,70000,Diesel,Individual,Manual,First Owner,25.2,1248,74.0,5,10
3649,Hyundai,320000,91000,Diesel,Individual,Manual,Higher,24.4,1120,71.0,5,11
3650,Hyundai,500000,90000,Diesel,Individual,Manual,First Owner,22.54,1396,88.73,5,11
3651,Maruti,525000,110000,Diesel,Individual,Manual,Second Owner,20.77,1248,88.76,7,12
3652,Renault,220000,90000,Petrol,Individual,Manual,First Owner,23.01,999,67.0,5,7
3653,Tata,350000,50000,Petrol,Individual,Manual,First Owner,23.84,1199,84.0,5,8
3654,Mahindra,530000,60000,Diesel,Individual,Manual,First Owner,18.49,1493,100.0,7,10
3655,Maruti,215000,35000,Petrol,Individual,Manual,First Owner,22.74,796,47.3,5,13
3656,Volkswagen,335000,100000,Diesel,Individual,Manual,First Owner,20.54,1598,103.6,5,14
3657,Hyundai,320000,90000,Diesel,Individual,Manual,Second Owner,24.4,1120,71.0,5,11
3658,Ford,135000,120000,Diesel,Individual,Manual,Second Owner,20.0,1399,68.0,5,15
3659,Maruti,175000,95000,Petrol,Individual,Manual,Second Owner,19.0,998,66.1,5,17
3660,Mahindra,800000,35000,Diesel,Individual,Manual,First Owner,15.96,2159,62.1,7,9
3661,Tata,78000,38000,Petrol,Individual,Manual,Second Owner,15.3,1193,65.3,5,19
3662,Honda,565000,56000,Petrol,Individual,Manual,Second Owner,17.4,1497,117.3,5,12
3663,Hyundai,575000,50000,Diesel,Individual,Manual,First Owner,22.54,1396,88.73,5,9
3664,Hyundai,170000,70000,Petrol,Individual,Manual,Second Owner,21.1,814,55.2,5,12
3665,Maruti,250999,30000,Petrol,Individual,Manual,First Owner,22.74,796,47.3,5,12
3666,Mahindra,950000,186062,Diesel,Individual,Manual,First Owner,16.0,2159,140.0,7,11
3667,Honda,650000,60000,Petrol,Individual,Manual,First Owner,17.8,1497,117.3,5,12
3668,Tata,550000,133000,Diesel,Individual,Manual,First Owner,14.0,2159,138.1,7,13
3669,Toyota,650000,160000,Diesel,Individual,Manual,First Owner,12.8,2159,102.0,7,16
3670,Mahindra,800000,150000,Diesel,Individual,Manual,Second Owner,15.1,2159,140.0,7,13
3671,Maruti,250999,30000,Petrol,Individual,Manual,First Owner,22.05,796,47.3,5,6
3672,Maruti,170000,60000,Petrol,Individual,Manual,Second Owner,22.74,796,47.3,5,13
3673,Tata,250000,30000,Diesel,Individual,Manual,First Owner,19.09,1396,69.0,5,13
3674,Chevrolet,312000,80000,Petrol,Individual,Manual,First Owner,13.7,1399,98.82,7,12
3675,Maruti,250000,20000,Petrol,Individual,Manual,First Owner,22.74,796,47.3,5,12
3676,Hyundai,200000,80000,Petrol,Individual,Manual,First Owner,21.1,814,55.2,5,13
3677,Mahindra,670000,73000,Diesel,Individual,Manual,First Owner,15.4,2159,75.0,7,10
3678,Hyundai,270000,50000,Petrol,Individual,Manual,First Owner,21.1,814,55.2,5,9
3679,Mahindra,360000,186062,Diesel,Individual,Manual,First Owner,15.96,2159,62.1,7,14
3680,Maruti,630000,46000,Diesel,Individual,Manual,First Owner,28.4,1248,74.0,5,8
3681,Maruti,55599,36088,Petrol,Individual,Manual,First Owner,16.1,796,37.0,4,23
3682,Mahindra,400000,50000,Diesel,Individual,Manual,First Owner,23.5,909,45.0,8,8
3683,Hyundai,420000,50000,Diesel,Individual,Manual,First Owner,22.54,1396,88.73,5,12
3684,Maruti,764000,25000,Petrol,Individual,Manual,First Owner,20.73,1373,91.1,5,8
3685,Mahindra,710000,30000,Diesel,Individual,Manual,First Owner,15.96,2159,62.1,7,7
3686,Tata,1320000,30000,Diesel,Individual,Manual,First Owner,17.6,2159,152.925,7,8
3687,Others,1050000,13000,Diesel,Individual,Manual,First Owner,17.0,2159,139.01,7,8
3688,Maruti,1000000,15000,Petrol,Individual,Manual,First Owner,19.01,1462,103.2,6,7
3689,Maruti,650000,44000,Diesel,Dealer,Manual,First Owner,23.65,1248,88.5,5,9
3690,Ford,600000,63000,Diesel,Individual,Manual,First Owner,22.77,1498,98.59,5,11
3691,Mahindra,509999,110000,Diesel,Individual,Manual,First Owner,18.49,1493,100.0,7,10
3692,Hyundai,610000,14000,Petrol,Individual,Manual,First Owner,19.1,1197,82.0,5,9
3693,Maruti,310000,35000,Petrol,Individual,Manual,First Owner,24.7,796,47.3,5,9
3694,Mahindra,720000,35000,Diesel,Individual,Manual,First Owner,15.96,2159,62.1,7,10
3695,Tata,158000,110000,Diesel,Individual,Manual,Second Owner,19.09,1396,69.0,5,14
3696,Tata,175000,85700,Diesel,Individual,Manual,Second Owner,17.0,1405,70.0,5,15
3697,Maruti,217000,120000,Diesel,Individual,Manual,First Owner,21.1,1248,73.9,5,16
3698,Honda,484999,50000,Diesel,Individual,Manual,First Owner,25.8,1498,98.6,5,13
3700,Hyundai,550000,35000,Diesel,Individual,Manual,First Owner,24.4,1120,71.0,5,10
3701,Maruti,280000,70000,Petrol,Individual,Manual,Second Owner,18.6,1197,85.8,5,14
3702,Ford,350000,90000,Petrol,Individual,Manual,First Owner,14.09,1596,99.6,5,13
3703,Mahindra,1150000,42000,Diesel,Individual,Manual,Second Owner,16.0,2159,140.0,7,9
3704,Hyundai,420000,30000,Petrol,Individual,Manual,Second Owner,18.9,1197,82.0,5,10
3705,Maruti,810000,80000,Petrol,Individual,Manual,First Owner,20.73,1373,91.1,5,9
3706,Hyundai,290000,90000,Petrol,Individual,Manual,Higher,17.0,1197,80.0,5,15
3707,Chevrolet,180000,60000,Petrol,Individual,Manual,First Owner,18.6,1199,79.4,5,14
3708,Maruti,160000,162000,Petrol,Individual,Manual,First Owner,15.37,1196,73.0,5,16
3709,Tata,66000,70000,Petrol,Individual,Manual,Higher,23.9,624,37.48,4,9
3710,Maruti,369000,20000,Petrol,Individual,Manual,Second Owner,20.51,998,67.04,5,11
3711,Tata,300000,80000,Diesel,Individual,Manual,Second Owner,13.93,2159,138.1,7,14
3712,Mahindra,350000,90000,Diesel,Individual,Manual,First Owner,13.6,2159,63.0,7,18
3713,Hyundai,220000,120000,Petrol,Individual,Automatic,Second Owner,19.2,1197,80.0,5,18
3714,Chevrolet,160000,186062,Diesel,Individual,Manual,First Owner,14.8,2159,80.0,10,21
3715,Maruti,221000,100000,Diesel,Individual,Manual,Second Owner,17.8,1248,75.0,5,17
3716,Tata,400000,35000,Petrol,Individual,Manual,First Owner,17.57,1193,88.7,5,9
3717,Toyota,250000,120000,Petrol,Individual,Manual,Second Owner,13.4,2159,152.925,5,22
3718,Mahindra,390000,120000,Diesel,Individual,Manual,Higher,13.6,2159,63.0,7,15
3719,Maruti,190000,110000,Petrol,Individual,Manual,First Owner,15.37,1196,73.0,5,14
3720,Renault,300000,60000,Petrol,Individual,Manual,First Owner,25.17,799,53.3,5,9
3721,Hyundai,750000,27000,Diesel,Individual,Manual,First Owner,22.54,1396,88.73,5,9
3722,Maruti,650000,50000,Diesel,Individual,Manual,First Owner,26.59,1248,74.0,5,10
3723,Honda,635000,40000,Petrol,Individual,Manual,First Owner,17.8,1198,86.7,5,8
3724,Hyundai,520000,88000,Diesel,Individual,Manual,Second Owner,22.32,1582,126.32,5,13
3725,Mahindra,1320000,50000,Diesel,Individual,Manual,First Owner,16.36,2159,140.0,7,6
3726,Hyundai,415000,80000,Diesel,Individual,Manual,Second Owner,22.32,1582,126.32,5,14
3727,Hyundai,700000,60000,Diesel,Individual,Manual,First Owner,22.54,1396,88.76,5,7
3728,Maruti,484999,26000,Petrol,Individual,Manual,Second Owner,21.21,1197,81.8,5,9
3729,Ford,120000,80000,Petrol,Individual,Manual,Second Owner,16.6,1388,68.0,5,19
3730,Hyundai,220000,60000,Petrol,Individual,Manual,Second Owner,21.1,814,55.2,5,12
3731,Hyundai,320000,80000,Petrol,Individual,Manual,Second Owner,20.36,1197,78.9,5,12
3732,Maruti,375000,90000,Diesel,Individual,Manual,Second Owner,22.9,1248,74.0,5,15
3733,Hyundai,440000,80000,Diesel,Individual,Manual,Second Owner,22.32,1582,126.32,5,14
3734,Hyundai,550000,15000,Petrol,Individual,Automatic,First Owner,18.9,1197,81.86,5,7
3735,Maruti,640000,35000,Diesel,Individual,Manual,Second Owner,25.2,1248,74.0,5,9
3736,Toyota,420000,120000,Diesel,Individual,Manual,First Owner,23.59,1364,67.04,5,12
3737,Hyundai,330000,63000,Diesel,Individual,Manual,Higher,24.0,1120,70.0,5,10
3738,Volkswagen,800000,25000,Diesel,Individual,Manual,First Owner,21.66,1498,108.62,5,7
3739,Maruti,240000,64500,Petrol,Individual,Manual,First Owner,18.9,998,67.1,5,15
3740,Mahindra,360000,100000,Diesel,Individual,Manual,Second Owner,25.32,1198,77.0,6,10
3741,Hyundai,750000,40000,Diesel,Individual,Manual,First Owner,23.9,1582,126.2,5,9
3742,Hyundai,570000,15000,Petrol,Individual,Manual,Second Owner,18.6,1197,81.83,5,9
3743,Toyota,450000,25000,Diesel,Individual,Manual,First Owner,23.59,1364,67.04,5,11
3744,Maruti,270000,82000,Petrol,Individual,Manual,Higher,18.5,1197,85.8,5,10
3745,Maruti,459999,87000,Diesel,Individual,Manual,First Owner,20.77,1248,88.76,7,14
3746,Maruti,240000,80000,Petrol,Individual,Manual,Second Owner,23.95,998,67.05,5,11
3747,Renault,320000,110000,Diesel,Individual,Manual,Higher,19.01,1461,108.45,5,14
3748,Tata,149000,148000,Diesel,Individual,Manual,Second Owner,21.12,1248,88.8,5,15
3749,Mahindra,1320000,40000,Diesel,Individual,Manual,First Owner,16.36,2159,140.0,7,8
3750,Hyundai,180000,70000,Petrol,Individual,Manual,First Owner,16.36,1495,93.7,5,15
3751,Hyundai,185000,70000,Other,Individual,Manual,Second Owner,13.45,1086,62.1,5,14
3752,Maruti,65000,40000,Petrol,Individual,Manual,Second Owner,16.1,796,37.0,4,18
3753,Tata,130000,120000,Diesel,Individual,Manual,First Owner,17.0,1405,70.0,5,16
3754,Ford,330000,60000,Diesel,Individual,Manual,First Owner,17.8,1399,67.0,5,14
3755,Tata,190000,90000,Diesel,Dealer,Manual,First Owner,18.8,1248,90.0,5,15
3756,Maruti,501000,68000,Diesel,Dealer,Manual,First Owner,22.9,1248,74.0,5,12
3757,Honda,600000,24500,Diesel,Dealer,Manual,First Owner,25.8,1498,98.6,5,9
3758,Mahindra,570000,77000,Diesel,Dealer,Manual,Second Owner,15.1,2159,140.0,7,14
3759,Honda,450000,85000,Diesel,Dealer,Manual,First Owner,25.8,1498,98.6,5,11
3760,Toyota,285000,45500,Petrol,Dealer,Manual,First Owner,16.78,1496,88.73,5,15
3761,Maruti,490000,67000,Diesel,Dealer,Manual,First Owner,28.4,1248,74.0,5,12
3762,Maruti,500000,77000,Diesel,Dealer,Manual,First Owner,28.4,1248,74.0,5,12
3763,Hyundai,275000,47000,Petrol,Dealer,Manual,First Owner,21.1,814,55.2,5,10
3764,Tata,440000,57000,Petrol,Dealer,Manual,First Owner,23.84,1199,84.48,5,9
3765,Hyundai,825000,71500,Diesel,Dealer,Manual,First Owner,22.54,1396,88.73,5,8
3766,Toyota,411000,110000,Diesel,Dealer,Manual,First Owner,23.59,1364,67.04,5,14
3767,Maruti,470000,82000,Diesel,Dealer,Manual,Second Owner,26.59,1248,74.0,5,13
3768,Maruti,445000,70000,Diesel,Dealer,Manual,Second Owner,28.4,1248,74.0,5,13
3769,Maruti,752000,28000,Diesel,Dealer,Manual,First Owner,27.39,1248,74.0,5,9
3770,Others,650000,125000,Diesel,Dealer,Manual,Second Owner,21.14,1498,103.52,5,10
3771,Maruti,450000,67000,Diesel,Dealer,Manual,Second Owner,28.4,1248,74.0,5,13
3772,Honda,350000,93500,Petrol,Dealer,Manual,Higher,17.0,1497,118.0,5,15
3773,Maruti,511000,8500,Petrol,Dealer,Manual,First Owner,22.0,1197,81.8,5,14
3774,Maruti,700000,80000,Diesel,Dealer,Manual,First Owner,27.39,1248,74.0,5,10
3775,Toyota,1320000,30000,Diesel,Individual,Automatic,First Owner,11.36,2159,152.925,7,10
3776,Ford,550000,14200,Petrol,Individual,Manual,First Owner,18.16,1196,86.8,5,8
3777,Ford,142000,97000,Petrol,Individual,Manual,First Owner,16.6,1388,68.0,5,19
3778,Tata,725000,90000,Diesel,Individual,Manual,First Owner,13.93,2159,138.0,7,14
3779,Hyundai,630000,30000,Petrol,Individual,Manual,First Owner,18.6,1197,81.83,5,9
3780,Hyundai,480000,50000,Petrol,Individual,Manual,First Owner,18.6,1197,81.83,5,11
3781,Maruti,330000,30000,Petrol,Individual,Manual,First Owner,23.95,998,67.05,5,10
3782,Maruti,500000,20000,Petrol,Individual,Manual,First Owner,11.96,1298,80.0,8,9
3783,Volkswagen,300000,60300,Diesel,Individual,Manual,First Owner,22.07,1199,73.9,5,14
3784,Tata,400000,35000,Diesel,Individual,Manual,First Owner,23.0,1248,88.7,5,11
3785,Tata,320000,80000,Diesel,Individual,Manual,First Owner,13.93,2159,138.03,7,15
3786,Hyundai,180000,44391,Petrol,Individual,Manual,Second Owner,19.81,1086,68.05,5,18
3787,Maruti,530000,58000,Diesel,Individual,Manual,First Owner,27.39,1248,74.0,5,10
3788,Mahindra,600000,40000,Diesel,Individual,Manual,First Owner,15.96,2159,62.1,7,11
3789,Maruti,780000,66000,Diesel,Individual,Manual,Second Owner,24.52,1248,88.5,7,9
3790,Honda,700000,110000,Diesel,Individual,Manual,First Owner,26.0,1498,98.6,5,10
3791,Chevrolet,175000,56315,Diesel,Individual,Manual,First Owner,25.44,936,57.6,5,13
3792,Mahindra,735000,70000,Diesel,Individual,Manual,First Owner,16.5,1493,70.0,7,9
3793,Toyota,325000,120000,Diesel,Individual,Manual,First Owner,23.59,1364,67.06,5,13
3794,Chevrolet,225000,100000,Diesel,Individual,Manual,First Owner,14.8,2159,80.0,10,20
3795,Tata,350000,90000,Diesel,Individual,Manual,Second Owner,23.0,1248,88.7,5,11
3796,Maruti,110000,120000,Other,Individual,Manual,Higher,17.3,1061,57.5,5,20
3797,Maruti,85000,160000,Petrol,Individual,Manual,Higher,18.2,998,67.1,5,19
3798,Toyota,150000,100000,Petrol,Individual,Manual,Higher,13.4,1794,125.0,5,20
3799,Maruti,225000,120000,Diesel,Individual,Manual,Higher,19.3,1248,73.9,5,17
3800,Tata,111000,100000,Diesel,Individual,Manual,Second Owner,18.0,1248,75.0,5,16
3801,Maruti,150000,70000,Petrol,Individual,Manual,Higher,18.9,1061,67.0,5,19
3802,Hyundai,300000,15151,Petrol,Individual,Manual,Second Owner,21.1,814,55.2,5,9
3803,Mahindra,630000,60000,Diesel,Individual,Manual,First Owner,15.4,1997,120.0,7,11
3804,Hyundai,206000,100000,Petrol,Individual,Manual,First Owner,19.81,1086,68.05,5,15
3805,Maruti,70000,110000,Petrol,Individual,Manual,Higher,18.9,998,67.1,5,20
3806,Hyundai,567000,7000,Petrol,Individual,Automatic,First Owner,18.9,1197,81.86,5,7
3807,Maruti,65000,35000,Petrol,Individual,Manual,First Owner,18.9,998,67.1,5,21
3808,Maruti,550000,60000,Diesel,Individual,Manual,Second Owner,26.59,1248,74.0,5,10
3809,Hyundai,140000,70000,Petrol,Individual,Manual,Higher,20.36,1197,78.9,5,16
3810,Renault,300000,30000,Petrol,Individual,Manual,First Owner,25.17,799,53.3,5,10
3811,Ford,500000,70000,Petrol,Individual,Manual,Second Owner,15.85,1499,110.4,5,13
3812,Hyundai,400000,128000,Petrol,Individual,Manual,First Owner,18.9,1197,82.0,5,11
3814,Toyota,850000,120000,Diesel,Individual,Manual,Second Owner,12.8,2159,102.0,8,14
3815,Maruti,570000,15000,Diesel,Individual,Manual,First Owner,25.2,1248,74.0,5,12
3816,Maruti,699000,60000,Diesel,Individual,Manual,First Owner,28.4,1248,74.02,5,9
3817,Honda,355000,80000,Petrol,Individual,Manual,First Owner,19.4,1198,86.8,5,13
3818,Maruti,690000,80000,Diesel,Individual,Manual,First Owner,26.59,1248,74.0,5,10
3819,Ford,180000,114321,Diesel,Individual,Manual,Second Owner,17.8,1399,68.0,5,20
3820,Tata,200000,120000,Diesel,Individual,Manual,First Owner,19.4,1405,70.0,5,13
3821,Mahindra,575000,120000,Diesel,Individual,Manual,Second Owner,12.05,2159,120.0,8,14
3822,Toyota,415000,146000,Diesel,Individual,Manual,First Owner,23.59,1364,67.06,5,12
3823,Hyundai,350000,30000,Other,Individual,Manual,First Owner,19.2,1086,68.05,5,14
3824,Hyundai,350000,20000,Petrol,Individual,Manual,First Owner,21.1,814,55.2,5,9
3825,Toyota,632000,150000,Diesel,Individual,Manual,First Owner,23.59,1364,67.05,5,9
3826,Maruti,325000,70000,Other,Individual,Manual,Second Owner,21.94,1196,61.7,5,12
3827,Hyundai,511000,90000,Petrol,Individual,Manual,Second Owner,16.3,1797,147.5,5,13
3828,Honda,300000,100000,Petrol,Individual,Manual,Higher,17.0,1497,118.0,5,16
3829,Maruti,70000,186062,Petrol,Individual,Manual,Higher,18.9,998,67.1,5,21
3830,Hyundai,180000,100000,Petrol,Individual,Manual,Higher,19.81,1086,68.05,5,18
3831,Others,1320000,9000,Diesel,Dealer,Automatic,First Owner,13.6,1999,152.925,5,9
3832,Others,1320000,20000,Petrol,Dealer,Automatic,First Owner,22.37,2159,152.925,5,7
3833,Others,1320000,45000,Diesel,Dealer,Automatic,First Owner,19.33,1999,152.925,5,9
3834,Tata,503000,110000,Diesel,Individual,Manual,First Owner,14.1,2159,147.94,7,11
3835,Others,1320000,20000,Diesel,Individual,Automatic,First Owner,18.0,1969,152.925,5,7
3836,Toyota,1320000,68089,Petrol,Dealer,Automatic,First Owner,19.16,2159,152.925,5,10
3837,Maruti,225000,58343,Petrol,Dealer,Manual,First Owner,21.79,998,67.05,5,13
3838,Maruti,740000,38817,Diesel,Dealer,Manual,First Owner,27.39,1248,74.0,5,8
3839,Honda,550000,56494,Petrol,Dealer,Manual,First Owner,18.2,1199,88.7,5,10
3840,Toyota,750000,79328,Diesel,Dealer,Manual,Second Owner,12.99,2159,100.6,7,13
3841,Maruti,650000,5621,Petrol,Dealer,Automatic,First Owner,22.0,1197,81.8,5,7
3842,Toyota,625000,25538,Petrol,Dealer,Manual,First Owner,16.78,1496,88.73,5,9
3843,Maruti,600000,69779,Petrol,Dealer,Automatic,First Owner,22.0,1197,81.8,5,8
3844,Hyundai,450000,56290,Diesel,Dealer,Manual,First Owner,24.0,1186,73.97,5,9
3845,Others,1320000,7500,Diesel,Dealer,Automatic,First Owner,16.78,1995,152.925,5,7
3846,Others,1320000,8500,Diesel,Dealer,Automatic,First Owner,16.78,1995,152.925,5,7
3847,Honda,779000,7032,Petrol,Dealer,Automatic,First Owner,19.0,1199,88.76,5,7
3848,Others,645000,11000,Petrol,Dealer,Automatic,First Owner,14.3,1598,103.5,5,10
3849,Others,1320000,2000,Diesel,Dealer,Automatic,First Owner,16.8,1984,150.0,5,8
3850,Hyundai,730000,37333,Petrol,Individual,Manual,First Owner,18.6,1197,81.83,5,9
3851,Maruti,450000,15000,Diesel,Individual,Manual,Second Owner,20.77,1248,88.76,7,12
3852,Hyundai,550000,186062,Petrol,Individual,Manual,Second Owner,13.44,2159,152.925,5,14
3853,Maruti,420000,60000,Other,Individual,Manual,First Owner,26.6,998,58.16,5,9
3854,Toyota,509999,80000,Diesel,Individual,Manual,Second Owner,23.59,1364,67.05,5,10
3855,Toyota,905000,110000,Diesel,Individual,Manual,First Owner,12.99,2159,100.6,7,11
3857,Maruti,140000,72000,Petrol,Individual,Manual,Second Owner,19.7,796,46.3,5,15
3858,Toyota,300000,140000,Diesel,Individual,Manual,Second Owner,12.8,2159,102.0,8,20
3859,Maruti,300000,80000,Petrol,Individual,Manual,Second Owner,18.5,1197,85.8,5,11
3860,Maruti,225000,120000,Diesel,Individual,Manual,Second Owner,19.3,1248,73.9,5,16
3861,Toyota,860000,90000,Diesel,Individual,Manual,Second Owner,12.99,2159,100.6,8,11
3862,Renault,400000,100000,Diesel,Individual,Manual,Second Owner,20.46,1461,83.8,5,14
3863,Maruti,190000,90000,Petrol,Individual,Manual,Higher,17.5,1298,85.8,5,17
3864,Honda,350000,140000,Diesel,Individual,Manual,Higher,25.8,1498,98.6,5,13
3865,Chevrolet,75000,120000,Petrol,Individual,Manual,First Owner,18.0,995,62.0,5,16
3866,Maruti,860000,35000,Diesel,Individual,Automatic,First Owner,24.3,1248,88.5,5,7
3867,Maruti,250000,50000,Petrol,Individual,Manual,Second Owner,23.95,998,67.05,5,12
3868,Hyundai,700000,82000,Diesel,Individual,Manual,First Owner,24.8,1396,88.7,5,9
3869,Maruti,399000,70000,Diesel,Individual,Manual,Higher,25.2,1248,74.0,5,12
3870,Maruti,320000,90000,Petrol,Individual,Manual,First Owner,18.5,1197,85.8,5,10
3871,Toyota,1320000,60000,Diesel,Individual,Automatic,First Owner,12.55,2159,152.925,7,11
3872,Others,1100000,79000,Diesel,Individual,Manual,Second Owner,20.6,1968,141.0,5,12
3873,Toyota,750000,186062,Diesel,Individual,Manual,Second Owner,12.8,2159,102.0,7,15
3874,Toyota,750000,186062,Diesel,Individual,Manual,Second Owner,12.8,2159,102.0,7,16
3875,Mahindra,530000,20000,Diesel,Individual,Manual,First Owner,15.96,2159,63.0,9,8
3876,Maruti,750000,53000,Diesel,Individual,Manual,First Owner,28.09,1248,88.5,5,9
3877,Others,560000,21500,Petrol,Individual,Automatic,First Owner,19.34,1198,76.0,5,9
3878,Tata,450000,89000,Diesel,Individual,Manual,First Owner,27.28,1047,69.0,5,9
3879,Maruti,459999,35000,Petrol,Individual,Manual,Second Owner,19.1,1197,85.8,5,13
3880,Maruti,235000,43000,Petrol,Individual,Manual,Second Owner,19.0,998,67.1,5,13
3881,Hyundai,180000,80000,Petrol,Individual,Manual,Second Owner,17.92,1086,62.1,5,17
3882,Hyundai,140000,80000,Petrol,Individual,Manual,Second Owner,17.8,1086,63.0,5,19
3883,Hyundai,620000,110000,Diesel,Individual,Manual,First Owner,22.54,1396,88.73,5,12
3884,Hyundai,190000,100000,Petrol,Individual,Manual,First Owner,21.1,814,55.2,5,14
3885,Hyundai,380000,25000,Petrol,Individual,Manual,First Owner,21.1,814,55.2,5,8
3886,Ford,1145000,20000,Diesel,Individual,Manual,First Owner,23.0,1498,98.96,5,7
3887,Tata,540000,70000,Diesel,Individual,Manual,First Owner,22.95,1248,74.0,5,9
3888,Toyota,800000,186062,Diesel,Individual,Manual,First Owner,12.8,2159,102.0,7,15
3889,Maruti,150000,100000,Petrol,Individual,Manual,Second Owner,14.0,1061,64.0,5,20
3890,Maruti,55000,70000,Petrol,Individual,Manual,First Owner,16.1,796,37.0,4,31
3891,Mahindra,919999,140000,Diesel,Individual,Manual,First Owner,16.0,2159,140.0,7,11
3893,Maruti,135000,50000,Petrol,Individual,Manual,First Owner,19.7,796,46.3,5,17
3894,Tata,340000,40300,Petrol,Individual,Manual,First Owner,23.84,1199,84.0,5,9
3895,Toyota,525000,120000,Diesel,Individual,Manual,Second Owner,12.8,2159,102.0,8,16
3896,Maruti,411000,25000,Petrol,Individual,Manual,Second Owner,23.1,998,67.04,5,10
3897,Maruti,150000,155000,Petrol,Individual,Manual,Higher,18.9,998,67.1,5,16
3898,Honda,575000,50000,Petrol,Individual,Automatic,First Owner,19.0,1199,88.7,5,11
3899,Hyundai,595000,30030,Petrol,Dealer,Manual,First Owner,18.6,1197,81.83,5,9
3900,Hyundai,525000,29029,Petrol,Dealer,Manual,First Owner,19.1,1197,82.0,5,9
3901,Maruti,335000,72072,Diesel,Dealer,Manual,First Owner,21.1,1248,73.9,5,14
3902,Ford,300000,54000,Diesel,Individual,Manual,First Owner,20.0,1399,68.0,5,14
3903,Hyundai,415000,82082,Diesel,Dealer,Manual,First Owner,22.54,1396,88.73,5,14
3904,Mahindra,925000,48000,Diesel,Individual,Manual,Second Owner,16.0,2159,140.0,7,10
3905,Maruti,750000,20000,Petrol,Individual,Manual,First Owner,17.5,1373,91.1,7,10
3906,Hyundai,1150000,49000,Diesel,Individual,Automatic,First Owner,22.0,1582,126.2,5,8
3907,Others,260000,35000,Petrol,Individual,Manual,Higher,19.44,1198,67.0,7,11
3908,Maruti,260000,67000,Other,Individual,Manual,First Owner,30.63,796,40.3,4,9
3909,Maruti,347000,80600,Diesel,Individual,Manual,First Owner,19.3,1248,73.9,5,15
3910,Hyundai,195000,58609,Petrol,Individual,Manual,Second Owner,21.1,814,55.2,5,13
3911,Others,265000,33003,Petrol,Individual,Manual,First Owner,15.7,1172,67.0,5,10
3912,Maruti,320000,43000,Other,Individual,Manual,Second Owner,26.6,998,58.16,5,10
3913,Hyundai,590000,16500,Petrol,Individual,Manual,First Owner,18.6,1197,81.83,5,10
3914,Toyota,650000,138000,Diesel,Individual,Manual,Second Owner,12.8,2159,102.0,8,14
3915,Mahindra,509999,165500,Diesel,Individual,Manual,Second Owner,14.0,2159,75.0,9,13
3916,Maruti,350000,120000,Diesel,Individual,Manual,Second Owner,19.3,1248,73.9,5,15
3917,Tata,749000,30000,Diesel,Individual,Manual,First Owner,21.5,1497,108.5,5,8
3918,Tata,150000,70000,Diesel,Individual,Manual,Second Owner,19.09,1396,69.0,5,16
3920,Maruti,58000,170000,Petrol,Individual,Manual,Higher,17.3,993,60.0,5,23
3921,Mahindra,200000,120000,Diesel,Individual,Manual,Higher,21.0,1461,64.1,5,15
3923,Tata,240000,168000,Diesel,Individual,Manual,Second Owner,22.3,1248,74.0,5,12
3924,Honda,515000,60000,Diesel,Individual,Manual,Second Owner,25.8,1498,98.6,5,9
3925,Maruti,145000,120000,Petrol,Individual,Manual,Second Owner,19.7,796,46.3,5,18
3926,Maruti,450000,5800,Petrol,Individual,Manual,Second Owner,20.51,998,67.04,5,10
3927,Maruti,179000,68700,Petrol,Individual,Manual,Higher,19.0,998,66.1,5,16
3928,Hyundai,220000,108000,Petrol,Individual,Manual,Higher,13.9,1599,103.2,5,19
3929,Tata,500000,40000,Petrol,Individual,Manual,First Owner,17.57,1193,88.7,5,6
3930,Ford,190000,100000,Diesel,Individual,Manual,Second Owner,17.8,1399,67.0,5,17
3931,Chevrolet,200000,40000,Diesel,Individual,Manual,First Owner,25.44,936,56.3,5,11
3932,Ford,850000,90000,Petrol,Individual,Manual,First Owner,17.0,1497,121.36,5,8
3933,Volkswagen,270000,60000,Petrol,Individual,Manual,Second Owner,16.47,1198,73.9,5,15
3934,Hyundai,335000,17000,Petrol,Individual,Manual,First Owner,21.1,814,55.2,5,10
3935,Maruti,459999,5000,Petrol,Individual,Manual,First Owner,20.51,998,67.04,5,8
3936,Maruti,710000,60000,Diesel,Individual,Manual,First Owner,24.3,1248,88.5,5,9
3937,Maruti,330000,140000,Diesel,Individual,Manual,Second Owner,26.59,1248,74.0,5,11
3938,Others,1320000,15000,Diesel,Individual,Manual,First Owner,17.1,1956,152.925,5,9
3939,Tata,750000,25000,Petrol,Individual,Manual,First Owner,17.0,1198,108.5,5,8
3940,Chevrolet,160000,50000,Petrol,Individual,Manual,Second Owner,16.2,995,62.1,5,10
3941,Chevrolet,215000,60000,Diesel,Individual,Manual,Second Owner,25.44,936,56.3,5,10
3942,Tata,60000,40000,Petrol,Individual,Manual,Second Owner,25.4,624,38.0,4,14
3943,Maruti,480000,72000,Petrol,Individual,Manual,First Owner,19.1,1197,85.8,5,12
3944,Tata,140000,186062,Diesel,Individual,Manual,Second Owner,21.12,1248,88.8,5,14
3945,Hyundai,200000,70000,Petrol,Individual,Manual,First Owner,21.1,814,55.2,5,14
3946,Others,400000,83000,Diesel,Individual,Manual,First Owner,23.08,1461,63.1,5,13
3947,Hyundai,180000,100000,Petrol,Individual,Manual,Second Owner,21.1,814,55.2,5,14
3948,Maruti,550000,25000,Petrol,Individual,Manual,First Owner,20.4,1197,81.8,5,11
3949,Maruti,550000,50000,Diesel,Individual,Manual,First Owner,25.2,1248,74.0,5,10
3950,Maruti,550000,67000,Diesel,Individual,Manual,First Owner,20.77,1248,88.76,7,14
3951,Maruti,270000,30000,Petrol,Individual,Manual,First Owner,19.0,998,67.1,5,15
3952,Renault,315000,85000,Diesel,Individual,Manual,First Owner,23.08,1461,63.12,5,13
3953,Mahindra,875000,25000,Diesel,Individual,Manual,First Owner,16.55,2159,105.0,6,8
3954,Toyota,400000,170000,Diesel,Individual,Manual,First Owner,12.8,2159,102.0,8,19
3955,Mahindra,540000,110000,Diesel,Individual,Manual,First Owner,14.0,2159,75.0,8,12
3956,Maruti,350000,60000,Other,Individual,Manual,First Owner,26.6,998,58.16,5,9
3957,Hyundai,360000,80000,Diesel,Individual,Manual,Second Owner,22.32,1582,126.32,5,15
3958,Maruti,300000,31000,Petrol,Individual,Manual,First Owner,20.51,998,67.04,5,12
3959,Hyundai,350000,100000,Diesel,Individual,Manual,First Owner,24.0,1120,70.0,5,12
3960,Mahindra,650000,130000,Diesel,Individual,Manual,First Owner,17.45,1493,100.0,7,10
3961,Maruti,350000,20000,Petrol,Individual,Manual,First Owner,20.51,998,67.04,5,10
3962,Ford,700000,60000,Diesel,Individual,Manual,First Owner,22.77,1498,98.59,5,9
3963,Maruti,415000,102996,Diesel,Individual,Manual,Second Owner,23.4,1248,74.0,5,13
3964,Mahindra,1320000,5000,Diesel,Individual,Manual,First Owner,17.3,1497,121.0,7,7
3965,Tata,830000,35000,Diesel,Individual,Manual,First Owner,21.5,1497,108.5,5,9
3966,Others,430000,5000,Petrol,Individual,Manual,Second Owner,20.63,1198,67.0,5,8
3967,Ford,850000,60000,Diesel,Individual,Manual,First Owner,22.77,1498,98.59,5,9
3968,Maruti,650000,70000,Petrol,Individual,Manual,First Owner,20.85,1197,83.14,5,9
3969,Hyundai,120000,120000,Diesel,Individual,Manual,Second Owner,16.8,1493,110.0,5,18
3970,Mahindra,730000,65100,Diesel,Individual,Manual,Second Owner,18.49,1493,100.0,7,10
3971,Maruti,525000,20000,Petrol,Individual,Automatic,First Owner,20.89,1197,81.8,5,7
3972,Hyundai,600000,108000,Diesel,Individual,Manual,First Owner,21.19,1396,88.73,5,11
3973,Maruti,500000,15000,Petrol,Individual,Manual,First Owner,21.21,1197,81.8,5,7
3974,Hyundai,150000,77000,Petrol,Individual,Manual,First Owner,17.92,1086,62.1,5,17
3975,Maruti,409999,18500,Petrol,Individual,Manual,First Owner,20.51,998,67.04,5,11
3976,Mahindra,625000,120000,Diesel,Individual,Manual,First Owner,18.49,1493,100.0,7,10
3977,Renault,290000,15200,Petrol,Individual,Manual,First Owner,25.17,799,53.3,5,11
3978,Honda,500000,35000,Petrol,Individual,Manual,First Owner,17.3,1497,117.3,7,11
3979,Hyundai,475000,80000,Diesel,Individual,Manual,First Owner,22.32,1582,126.32,5,15
3980,Hyundai,190000,70000,Petrol,Individual,Manual,First Owner,21.1,814,55.2,5,13
3981,Mahindra,750000,80000,Diesel,Individual,Manual,Second Owner,15.1,2159,140.0,7,12
3982,Others,525000,120000,Diesel,Individual,Manual,Second Owner,19.01,1461,108.5,5,12
3983,Chevrolet,495000,82000,Diesel,Individual,Manual,Higher,17.3,1998,152.925,5,14
3984,Hyundai,550000,60000,Diesel,Individual,Manual,First Owner,22.54,1396,88.73,5,11
3985,Mahindra,595000,129000,Diesel,Individual,Manual,Higher,15.1,2159,140.0,7,14
3986,Others,550000,67000,Diesel,Individual,Manual,First Owner,21.2,1248,75.0,5,11
3987,Toyota,1320000,120000,Diesel,Individual,Manual,First Owner,13.0,2159,142.0,7,11
3988,Tata,400000,120000,Diesel,Individual,Manual,Higher,13.93,2159,138.03,7,16
3989,Others,500000,96500,Diesel,Individual,Manual,First Owner,20.5,1248,91.72,5,11
3990,Maruti,340000,52412,Petrol,Dealer,Manual,First Owner,18.9,998,67.1,5,9
3991,Mahindra,480000,85472,Diesel,Dealer,Manual,First Owner,12.05,2159,120.0,8,14
3992,Ford,480000,87452,Diesel,Dealer,Manual,Second Owner,22.77,1498,98.59,5,13
3993,Ford,750000,17000,Diesel,Individual,Manual,First Owner,23.0,1498,98.96,5,8
3994,Maruti,100000,66530,Petrol,Individual,Manual,Second Owner,18.9,1061,67.0,5,18
3995,Hyundai,290000,40000,Petrol,Individual,Manual,First Owner,18.5,1197,82.85,5,13
3996,Others,425000,96500,Diesel,Individual,Manual,First Owner,20.5,1248,91.72,5,11
3997,Honda,285000,79000,Petrol,Individual,Manual,First Owner,16.8,1497,116.3,5,16
3998,Mahindra,625000,50000,Diesel,Individual,Manual,First Owner,18.49,1493,100.0,7,10
3999,Others,170000,60000,Diesel,Individual,Manual,Second Owner,20.3,1248,75.0,5,14
4000,Tata,459999,35000,Petrol,Individual,Manual,First Owner,17.57,1193,88.7,5,8
4001,Others,450000,120000,Diesel,Individual,Manual,First Owner,20.5,1248,91.72,5,11
4002,Maruti,650000,10000,Petrol,Individual,Automatic,First Owner,21.21,1197,81.8,5,7
4003,Hyundai,600000,15000,Petrol,Individual,Manual,First Owner,17.19,1197,81.86,5,9
4004,Maruti,178000,70000,Other,Individual,Manual,Second Owner,30.46,796,47.3,5,13
4005,Maruti,300000,5000,Petrol,Individual,Manual,First Owner,22.74,796,47.3,5,10
4006,Maruti,150000,40000,Petrol,Individual,Manual,First Owner,19.7,796,46.3,5,17
4007,Hyundai,590000,10000,Petrol,Individual,Manual,First Owner,18.6,1197,81.86,5,7
4008,Hyundai,310000,25000,Petrol,Individual,Manual,First Owner,21.1,814,55.2,5,10
4009,Tata,400000,53000,Petrol,Individual,Manual,First Owner,17.57,1193,88.7,5,9
4010,Mahindra,520000,110000,Diesel,Individual,Manual,Second Owner,12.05,2159,120.0,9,12
4011,Others,300000,186062,Diesel,Individual,Manual,Second Owner,20.07,1461,75.0,8,13
4012,Mahindra,1000000,22000,Petrol,Individual,Manual,First Owner,17.0,1197,110.0,5,7
4013,Maruti,65000,70000,Petrol,Individual,Manual,Higher,18.9,998,67.1,5,23
4014,Honda,509999,75000,Diesel,Individual,Manual,Second Owner,25.8,1498,98.6,5,11
4015,Maruti,221000,70000,Petrol,Individual,Manual,First Owner,18.9,998,67.1,5,14
4016,Volkswagen,390000,64000,Petrol,Individual,Manual,Higher,15.04,1598,103.2,5,12
4017,Maruti,350000,60000,Petrol,Individual,Manual,First Owner,11.96,1298,80.0,8,24
4018,Maruti,195000,40000,Petrol,Individual,Manual,First Owner,19.7,796,46.3,5,17
4019,Others,1320000,110000,Diesel,Individual,Automatic,Second Owner,12.07,2159,152.925,7,16
4020,Mahindra,600000,60000,Diesel,Individual,Manual,First Owner,12.05,2159,120.0,8,13
4021,Hyundai,615000,72000,Diesel,Individual,Manual,First Owner,22.54,1396,88.73,5,11
4022,Hyundai,350000,70000,Diesel,Individual,Manual,Second Owner,21.9,1396,88.76,5,13
4023,Chevrolet,140000,75000,Diesel,Individual,Manual,First Owner,25.44,936,57.6,5,14
4024,Hyundai,650000,32331,Diesel,Individual,Manual,Second Owner,22.54,1396,88.73,5,9
4025,Hyundai,1100000,70000,Diesel,Individual,Manual,First Owner,19.67,1582,126.2,5,10
4026,Hyundai,285000,80000,Diesel,Individual,Manual,Second Owner,23.0,1396,90.0,5,16
4027,Chevrolet,190000,20000,Petrol,Individual,Manual,Second Owner,18.0,995,62.0,5,15
4028,Others,350000,110000,Petrol,Individual,Manual,First Owner,16.95,1498,97.7,5,14
4029,Hyundai,400000,40000,Petrol,Individual,Manual,Second Owner,18.9,1197,82.0,5,12
4030,Toyota,1320000,40000,Petrol,Individual,Automatic,First Owner,10.75,2159,152.925,7,10
4031,Hyundai,434999,90000,Petrol,Individual,Manual,Second Owner,18.6,1197,81.83,5,11
4032,Maruti,450000,50000,Petrol,Individual,Manual,Second Owner,19.1,1197,85.8,5,12
4033,Others,45000,137000,Petrol,Individual,Manual,First Owner,18.5,796,53.0,5,25
4034,Hyundai,450000,60000,Petrol,Individual,Manual,First Owner,18.6,1197,81.83,5,11
4035,Maruti,580000,30000,Diesel,Individual,Manual,First Owner,25.2,1248,74.0,5,9
4036,Hyundai,900000,98000,Diesel,Individual,Manual,First Owner,19.67,1582,126.2,5,10
4037,Maruti,750000,50000,Diesel,Individual,Manual,First Owner,24.52,1248,88.5,7,10
4038,Tata,140000,120000,Diesel,Individual,Manual,Higher,19.09,1396,69.0,5,17
4039,Hyundai,525000,30000,Petrol,Individual,Manual,First Owner,18.9,1197,81.86,5,9
4040,Tata,114999,120000,Diesel,Individual,Manual,Higher,19.09,1396,69.0,5,17
4041,Tata,399000,40000,Petrol,Individual,Manual,First Owner,23.84,1199,84.0,5,10
4043,Tata,275000,90000,Diesel,Individual,Manual,Second Owner,19.0,1405,71.0,5,14
4044,Hyundai,340000,80000,Diesel,Individual,Manual,Second Owner,21.9,1396,90.0,5,15
4045,Hyundai,222000,120000,Other,Individual,Manual,First Owner,21.1,814,55.2,5,14
4046,Mahindra,850000,186062,Diesel,Individual,Automatic,First Owner,11.18,2159,152.925,7,13
4047,Tata,70000,110000,Diesel,Individual,Manual,Second Owner,17.2,1396,53.5,5,19
4048,Tata,430000,38000,Petrol,Individual,Manual,Second Owner,23.84,1199,84.0,5,9
4049,Tata,430000,35000,Petrol,Individual,Manual,Second Owner,23.84,1199,84.0,5,9
4050,Maruti,320000,70000,Petrol,Individual,Manual,First Owner,20.51,998,67.04,5,12
4052,Renault,500000,120000,Diesel,Individual,Manual,Second Owner,21.8,1461,78.0,5,14
4053,Renault,500000,110000,Diesel,Individual,Manual,Second Owner,19.01,1461,108.45,5,14
4054,Tata,229999,140000,Diesel,Individual,Manual,First Owner,18.4,1248,75.0,5,16
4055,Mahindra,600000,155000,Diesel,Individual,Automatic,Second Owner,11.79,2159,120.0,8,17
4057,Renault,500000,80000,Diesel,Individual,Manual,Second Owner,23.08,1461,63.1,5,9
4058,Mahindra,315000,120000,Diesel,Individual,Manual,Second Owner,13.6,2159,63.0,7,16
4059,Maruti,265000,80000,Petrol,Individual,Manual,First Owner,18.9,998,67.1,5,15
4060,Ford,350000,110000,Diesel,Individual,Manual,Second Owner,25.83,1498,99.0,5,11
4061,Tata,200000,186062,Diesel,Individual,Manual,First Owner,23.57,1396,70.0,5,14
4062,Tata,114999,172000,Diesel,Individual,Manual,Second Owner,17.88,1396,52.8,5,15
4063,Hyundai,425000,25000,Petrol,Individual,Manual,First Owner,18.6,1197,81.83,5,12
4064,Ford,900000,35000,Diesel,Individual,Manual,First Owner,23.0,1498,98.96,5,7
4065,Mahindra,550000,126000,Diesel,Individual,Manual,First Owner,12.05,2159,120.0,7,12
4066,Honda,900000,30000,Diesel,Individual,Manual,First Owner,25.5,1498,98.6,5,8
4067,Hyundai,165000,97000,Petrol,Individual,Manual,Higher,19.81,1086,68.05,5,15
4068,Hyundai,850000,120000,Diesel,Individual,Automatic,First Owner,19.08,1582,126.2,5,10
4069,Hyundai,850000,120000,Diesel,Individual,Manual,First Owner,23.9,1582,126.32,5,10
4070,Mahindra,550000,80000,Diesel,Individual,Manual,Second Owner,16.55,2159,105.0,6,12
4071,Maruti,500000,60000,Diesel,Individual,Manual,Second Owner,19.3,1248,73.9,5,15
4072,Maruti,630000,15000,Petrol,Individual,Manual,First Owner,21.21,1197,81.8,5,8
4073,Hyundai,160000,60000,Petrol,Individual,Manual,First Owner,19.81,1086,68.05,5,15
4074,Honda,670000,60000,Diesel,Individual,Manual,First Owner,25.1,1498,98.6,5,11
4075,Maruti,430000,90000,Diesel,Individual,Manual,First Owner,22.9,1248,74.0,5,12
4076,Hyundai,375000,30000,Petrol,Individual,Manual,First Owner,19.1,1197,82.0,5,11
4077,Hyundai,650000,35000,Petrol,Individual,Manual,First Owner,18.6,1197,81.83,5,10
4078,Maruti,500000,35000,Diesel,Individual,Manual,First Owner,26.59,1248,74.0,5,10
4079,Maruti,500000,35000,Diesel,Individual,Manual,First Owner,26.59,1248,74.0,5,10
4080,Mahindra,1320000,25000,Diesel,Individual,Manual,First Owner,16.0,2159,140.0,7,9
4081,Volkswagen,600000,40000,Diesel,Individual,Manual,First Owner,21.66,1498,108.62,5,8
4082,Hyundai,1200000,25000,Diesel,Individual,Manual,First Owner,19.67,1582,126.2,5,9
4083,Others,1320000,56000,Diesel,Dealer,Automatic,First Owner,11.2,2159,152.925,4,13
4084,Maruti,795000,41779,Petrol,Dealer,Manual,First Owner,21.21,1197,81.8,5,8
4085,Honda,625000,54000,Petrol,Dealer,Manual,First Owner,18.7,1199,88.7,5,10
4086,Others,1320000,31000,Diesel,Dealer,Automatic,First Owner,13.0,2143,152.925,5,10
4087,Maruti,625000,37000,Diesel,Individual,Automatic,First Owner,26.8,1248,74.0,5,9
4088,Chevrolet,440000,90000,Diesel,Individual,Automatic,Second Owner,18.1,1991,147.9,4,15
4089,Toyota,1320000,13534,Petrol,Dealer,Manual,First Owner,14.28,1798,138.03,5,8
4090,Toyota,1320000,7000,Petrol,Dealer,Automatic,Second Owner,14.53,1794,138.1,5,9
4091,Others,1320000,23000,Diesel,Dealer,Automatic,First Owner,17.9,2143,136.0,5,9
4092,Hyundai,550000,23456,Petrol,Dealer,Manual,First Owner,18.9,1197,82.0,5,9
4093,Toyota,1320000,43000,Diesel,Dealer,Automatic,First Owner,11.36,2159,152.925,8,7
4094,Mahindra,1225000,39000,Diesel,Dealer,Manual,First Owner,16.0,2159,140.0,7,11
4095,Honda,700000,15000,Petrol,Individual,Manual,First Owner,17.5,1199,88.7,5,9
4096,Maruti,530000,40000,Diesel,Individual,Manual,First Owner,23.4,1248,74.0,5,13
4097,Others,1320000,5000,Diesel,Dealer,Automatic,First Owner,17.8,1493,113.4,5,6
4098,Maruti,844999,70000,Diesel,Dealer,Manual,First Owner,28.09,1248,88.5,5,9
4099,Others,650000,99000,Diesel,Dealer,Automatic,First Owner,21.66,1498,103.52,5,10
4100,Maruti,750000,15000,Petrol,Dealer,Manual,First Owner,22.0,1197,81.8,5,8
4101,Others,1320000,28156,Diesel,Dealer,Automatic,First Owner,17.09,2159,152.925,4,8
4102,Honda,610000,30000,Petrol,Dealer,Manual,First Owner,18.7,1199,88.7,5,11
4103,Chevrolet,150000,70000,Petrol,Individual,Manual,First Owner,18.6,1199,79.4,5,16
4104,Maruti,475000,40000,Petrol,Individual,Manual,First Owner,19.1,1197,85.8,5,12
4105,Mahindra,375000,136500,Diesel,Individual,Manual,Higher,12.7,2159,120.0,8,18
4106,Mahindra,425000,70000,Diesel,Individual,Manual,Second Owner,25.32,1198,77.0,6,10
4107,Honda,800000,90000,Diesel,Individual,Manual,Second Owner,25.1,1498,98.6,5,11
4108,Maruti,40000,32000,Petrol,Individual,Manual,Second Owner,16.1,796,37.0,4,30
4109,Maruti,509999,8000,Petrol,Individual,Automatic,Second Owner,20.51,998,67.0,5,8
4110,Toyota,387000,170000,Diesel,Individual,Manual,First Owner,23.59,1364,67.04,5,11
4111,Maruti,235000,25000,Petrol,Individual,Manual,First Owner,22.74,796,47.3,5,12
4112,Tata,95000,120000,Diesel,Individual,Manual,Higher,12.2,1948,68.0,10,26
4113,Maruti,340000,110000,Diesel,Individual,Manual,Higher,17.8,1248,75.0,5,16
4114,Mahindra,1000000,100000,Diesel,Individual,Manual,First Owner,16.0,2159,140.0,7,10
4115,Ford,160000,115000,Diesel,Individual,Manual,Second Owner,13.8,1399,68.0,5,17
4116,Mahindra,365000,120000,Diesel,Individual,Manual,Higher,12.7,2159,120.0,8,18
4117,Others,300000,186062,Diesel,Individual,Manual,Second Owner,20.86,1199,75.0,5,15
4118,Maruti,260000,90000,Diesel,Individual,Manual,Second Owner,17.8,1248,75.0,5,18
4119,Honda,860000,40000,Petrol,Individual,Automatic,First Owner,18.2,1199,88.7,5,8
4120,Hyundai,114999,55000,Petrol,Individual,Manual,Second Owner,13.9,1599,103.2,5,18
4121,Maruti,100000,90000,Petrol,Individual,Manual,Second Owner,19.7,796,46.3,5,19
4122,Volkswagen,565000,111000,Diesel,Individual,Manual,First Owner,20.34,1498,103.2,5,12
4123,Mahindra,450000,120000,Diesel,Individual,Manual,Second Owner,11.68,2159,112.0,7,13
4124,Maruti,625000,15000,Petrol,Individual,Manual,First Owner,21.4,1197,83.1,5,9
4125,Maruti,280000,30000,Petrol,Individual,Manual,Second Owner,22.74,796,47.3,5,10
4126,Maruti,330000,50000,Petrol,Individual,Manual,First Owner,23.95,998,67.05,5,9
4127,Hyundai,1300000,40000,Diesel,Individual,Manual,First Owner,19.67,1582,126.2,5,11
4128,Tata,65000,50000,Petrol,Individual,Manual,Second Owner,15.3,1396,70.0,5,18
4129,Tata,480000,45000,Petrol,Individual,Manual,Second Owner,23.84,1199,84.0,5,8
4130,Tata,400000,35000,Diesel,Individual,Manual,Second Owner,27.28,1047,69.0,5,10
4131,Tata,500000,80000,Diesel,Individual,Manual,First Owner,13.93,2159,138.0,7,17
4132,Mahindra,320000,120000,Diesel,Individual,Manual,First Owner,11.68,2159,112.0,7,14
4133,Mahindra,750000,90000,Diesel,Individual,Manual,Second Owner,15.1,2159,140.0,7,12
4134,Mahindra,620000,100000,Diesel,Individual,Manual,First Owner,16.5,1493,70.0,7,9
4135,Maruti,300000,120000,Diesel,Individual,Manual,Higher,19.3,1248,73.9,5,15
4136,Hyundai,1320000,15000,Petrol,Individual,Manual,First Owner,15.8,1591,121.3,5,8
4137,Maruti,282000,15000,Petrol,Individual,Manual,First Owner,24.7,796,47.3,5,9
4138,Maruti,700000,15000,Petrol,Individual,Automatic,First Owner,21.21,1197,81.8,5,9
4139,Ford,700000,70000,Diesel,Individual,Manual,First Owner,25.83,1498,99.0,5,9
4140,Ford,600000,135000,Diesel,Individual,Manual,First Owner,22.77,1498,98.59,5,11
4141,Others,290000,80000,Diesel,Individual,Manual,Second Owner,20.5,1598,103.5,5,14
4142,Chevrolet,430000,80000,Diesel,Individual,Automatic,Second Owner,18.1,1991,147.9,4,15
4143,Hyundai,575000,19000,Petrol,Individual,Manual,First Owner,18.6,1197,81.83,5,9
4144,Hyundai,875000,42000,Petrol,Individual,Manual,First Owner,15.29,1591,121.3,5,9
4145,Maruti,180000,77000,Petrol,Individual,Manual,First Owner,18.9,998,67.1,5,16
4146,Maruti,229999,120000,Diesel,Individual,Manual,First Owner,23.2,1248,73.94,5,14
4147,Toyota,800000,10000,Petrol,Individual,Automatic,First Owner,19.56,1197,81.8,5,7
4148,Chevrolet,60000,110000,Petrol,Individual,Manual,Higher,16.5,995,63.0,5,17
4149,Maruti,150000,110000,Petrol,Individual,Manual,First Owner,15.0,1586,104.68,5,17
4150,Tata,100000,90000,Diesel,Individual,Manual,Higher,23.57,1396,70.0,5,19
4151,Hyundai,900000,90000,Petrol,Individual,Manual,First Owner,15.29,1591,121.3,5,11
4152,Hyundai,850000,50000,Diesel,Individual,Manual,First Owner,22.54,1396,88.73,5,8
4153,Chevrolet,220000,50000,Diesel,Individual,Manual,First Owner,25.44,936,56.3,5,12
4154,Maruti,250000,40000,Petrol,Individual,Manual,Second Owner,22.74,796,47.3,5,12
4155,Tata,125000,120000,Diesel,Individual,Manual,First Owner,22.3,1248,74.0,5,14
4156,Hyundai,1200000,27000,Petrol,Individual,Manual,First Owner,15.8,1591,121.3,5,8
4157,Tata,250000,100000,Diesel,Individual,Manual,First Owner,23.57,1396,70.0,5,13
4158,Hyundai,440000,70000,Diesel,Individual,Manual,Second Owner,22.54,1396,88.73,5,12
4159,Tata,400000,40000,Petrol,Individual,Manual,First Owner,23.84,1199,84.0,5,9
4160,Maruti,50000,62000,Petrol,Individual,Manual,First Owner,16.1,796,37.0,4,24
4161,Hyundai,1000000,10000,Petrol,Individual,Manual,First Owner,17.0,1591,121.3,5,8
4162,Honda,600000,160000,Diesel,Individual,Manual,First Owner,25.1,1498,98.6,5,12
4163,Hyundai,250000,60000,Petrol,Individual,Manual,First Owner,17.0,1197,80.0,5,16
4164,Mahindra,310000,110000,Diesel,Individual,Manual,First Owner,13.6,2159,63.0,7,17
4165,Maruti,120000,60000,Petrol,Individual,Manual,Higher,18.9,998,67.1,5,21
4166,Mahindra,390000,78000,Diesel,Individual,Manual,First Owner,11.68,2159,112.0,7,12
4167,Hyundai,458000,30000,Petrol,Individual,Manual,First Owner,20.3,1086,68.0,5,7
4168,Ford,950000,20000,Diesel,Individual,Manual,First Owner,23.0,1498,98.96,5,8
4169,Maruti,650000,21000,Petrol,Individual,Manual,First Owner,22.0,1197,81.8,5,9
4170,Maruti,400000,70000,Diesel,Individual,Manual,First Owner,22.9,1248,74.0,5,13
4171,Hyundai,400000,70000,Petrol,Individual,Automatic,Second Owner,18.9,1197,82.0,5,11
4172,Maruti,100000,42500,Petrol,Individual,Manual,First Owner,19.7,796,46.3,5,20
4173,Hyundai,350000,25000,Petrol,Individual,Manual,First Owner,20.36,1197,78.9,5,14
4174,Tata,450000,80000,Diesel,Individual,Manual,Second Owner,13.7,2159,138.1,7,13
4175,Mahindra,350000,90000,Diesel,Individual,Manual,First Owner,12.7,2159,116.6,8,20
4176,Volkswagen,250000,80000,Diesel,Individual,Manual,Higher,22.07,1199,73.9,5,16
4177,Mahindra,450000,146000,Diesel,Individual,Manual,Second Owner,15.96,2159,62.1,7,13
4178,Maruti,157000,47200,Petrol,Individual,Manual,Higher,16.1,796,37.0,4,13
4179,Mahindra,1320000,60000,Diesel,Individual,Manual,First Owner,15.1,2159,152.87,7,8
4180,Mahindra,1320000,60000,Diesel,Individual,Manual,First Owner,15.1,2159,152.87,7,8
4181,Tata,75000,100000,Petrol,Individual,Manual,Second Owner,15.3,1193,65.3,5,19
4182,Chevrolet,280000,100000,Diesel,Individual,Manual,Second Owner,14.8,2159,80.0,10,16
4183,Hyundai,600000,35000,Petrol,Individual,Manual,First Owner,18.6,1197,81.83,5,11
4184,Tata,250999,120000,Diesel,Individual,Manual,Higher,15.3,2159,83.8,7,14
4185,Toyota,350000,80000,Petrol,Individual,Manual,Second Owner,12.5,1794,132.0,5,16
4186,Renault,300000,34000,Petrol,Individual,Manual,First Owner,23.01,999,67.0,5,10
4187,Renault,819999,50000,Diesel,Individual,Manual,First Owner,19.87,1461,83.8,5,9
4188,Tata,409999,100000,Diesel,Individual,Manual,Second Owner,19.61,1405,70.0,5,16
4189,Hyundai,275000,52000,Petrol,Individual,Manual,Second Owner,13.9,1599,103.2,5,18
4190,Maruti,497000,110000,Diesel,Individual,Manual,First Owner,20.77,1248,88.76,7,13
4191,Hyundai,500000,70000,Petrol,Individual,Manual,First Owner,18.6,1197,81.83,5,11
4192,Mahindra,170000,120000,Diesel,Individual,Manual,Second Owner,14.0,2159,83.0,7,20
4193,Ford,515000,68609,Diesel,Dealer,Manual,First Owner,22.7,1498,89.84,5,10
4194,Ford,925000,33360,Diesel,Dealer,Manual,First Owner,22.77,1498,98.59,5,8
4195,Mahindra,1320000,5000,Diesel,Individual,Manual,First Owner,17.3,1497,121.0,7,7
4196,Others,1320000,10000,Diesel,Individual,Automatic,First Owner,13.8,2159,152.925,7,7
4197,Tata,830000,35000,Diesel,Individual,Manual,First Owner,21.5,1497,108.5,5,9
4198,Ford,975000,30000,Diesel,Individual,Manual,First Owner,23.0,1498,98.96,5,7
4199,Ford,620000,15000,Petrol,Individual,Manual,First Owner,20.4,1194,94.93,5,8
4200,Others,860000,14317,Petrol,Dealer,Manual,First Owner,14.23,1498,104.55,5,7
4201,Others,430000,5000,Petrol,Individual,Manual,Second Owner,20.63,1198,67.0,5,8
4202,Honda,1227000,5000,Petrol,Individual,Automatic,First Owner,18.0,1497,117.6,5,7
4203,Honda,860000,28000,Petrol,Individual,Manual,First Owner,17.8,1497,117.3,5,9
4204,Ford,950000,40000,Diesel,Individual,Manual,First Owner,23.0,1498,98.96,5,8
4205,Ford,225000,87237,Diesel,Dealer,Manual,Second Owner,20.0,1399,68.05,5,14
4206,Chevrolet,500000,99500,Diesel,Individual,Manual,Higher,11.5,1991,147.9,7,15
4207,Ford,500000,62960,Diesel,Dealer,Manual,First Owner,25.83,1498,99.0,5,9
4208,Others,1320000,16500,Petrol,Dealer,Automatic,First Owner,13.96,1451,141.0,5,7
4209,Maruti,545000,110000,Diesel,Individual,Manual,First Owner,20.77,1248,88.76,7,12
4210,Maruti,400000,72000,Diesel,Individual,Manual,First Owner,22.9,1248,74.0,5,15
4211,Maruti,650000,50000,Diesel,Individual,Manual,First Owner,28.4,1248,74.02,5,8
4212,Hyundai,114999,55000,Petrol,Individual,Manual,Second Owner,13.9,1599,103.2,5,18
4213,Maruti,562000,60000,Diesel,Individual,Manual,First Owner,27.39,1248,74.0,5,11
4214,Tata,96000,120000,Diesel,Individual,Manual,First Owner,14.07,2159,83.1,7,24
4215,Others,1320000,9000,Diesel,Dealer,Automatic,First Owner,13.6,1999,152.925,5,9
4216,Others,1320000,20000,Petrol,Dealer,Automatic,First Owner,22.37,2159,152.925,5,7
4217,Others,1320000,45000,Diesel,Dealer,Automatic,First Owner,19.33,1999,152.925,5,9
4218,Tata,503000,110000,Diesel,Individual,Manual,First Owner,14.1,2159,147.94,7,11
4219,Others,1320000,20000,Diesel,Individual,Automatic,First Owner,18.0,1969,152.925,5,7
4220,Toyota,1320000,68089,Petrol,Dealer,Automatic,First Owner,19.16,2159,152.925,5,10
4221,Maruti,225000,58343,Petrol,Dealer,Manual,First Owner,21.79,998,67.05,5,13
4222,Maruti,740000,38817,Diesel,Dealer,Manual,First Owner,27.39,1248,74.0,5,8
4223,Honda,550000,56494,Petrol,Dealer,Manual,First Owner,18.2,1199,88.7,5,10
4224,Toyota,750000,79328,Diesel,Dealer,Manual,Second Owner,12.99,2159,100.6,7,13
4225,Maruti,650000,5621,Petrol,Dealer,Automatic,First Owner,22.0,1197,81.8,5,7
4226,Toyota,625000,25538,Petrol,Dealer,Manual,First Owner,16.78,1496,88.73,5,9
4227,Maruti,600000,69779,Petrol,Dealer,Automatic,First Owner,22.0,1197,81.8,5,8
4228,Hyundai,450000,56290,Diesel,Dealer,Manual,First Owner,24.0,1186,73.97,5,9
4229,Others,1320000,7500,Diesel,Dealer,Automatic,First Owner,16.78,1995,152.925,5,7
4230,Others,1320000,8500,Diesel,Dealer,Automatic,First Owner,16.78,1995,152.925,5,7
4231,Honda,779000,7032,Petrol,Dealer,Automatic,First Owner,19.0,1199,88.76,5,7
4232,Others,645000,11000,Petrol,Dealer,Automatic,First Owner,14.3,1598,103.5,5,10
4233,Others,1320000,2000,Diesel,Dealer,Automatic,First Owner,16.8,1984,150.0,5,8
4234,Others,1320000,9000,Diesel,Dealer,Automatic,First Owner,13.6,1999,152.925,5,9
4235,Others,1320000,20000,Petrol,Dealer,Automatic,First Owner,22.37,2159,152.925,5,7
4236,Others,1320000,45000,Diesel,Dealer,Automatic,First Owner,19.33,1999,152.925,5,9
4237,Tata,503000,110000,Diesel,Individual,Manual,First Owner,14.1,2159,147.94,7,11
4238,Others,1320000,20000,Diesel,Individual,Automatic,First Owner,18.0,1969,152.925,5,7
4239,Toyota,1320000,68089,Petrol,Dealer,Automatic,First Owner,19.16,2159,152.925,5,10
4240,Maruti,225000,58343,Petrol,Dealer,Manual,First Owner,21.79,998,67.05,5,13
4241,Maruti,740000,38817,Diesel,Dealer,Manual,First Owner,27.39,1248,74.0,5,8
4242,Honda,550000,56494,Petrol,Dealer,Manual,First Owner,18.2,1199,88.7,5,10
4243,Toyota,750000,79328,Diesel,Dealer,Manual,Second Owner,12.99,2159,100.6,7,13
4244,Maruti,650000,5621,Petrol,Dealer,Automatic,First Owner,22.0,1197,81.8,5,7
4245,Toyota,625000,25538,Petrol,Dealer,Manual,First Owner,16.78,1496,88.73,5,9
4246,Maruti,600000,69779,Petrol,Dealer,Automatic,First Owner,22.0,1197,81.8,5,8
4247,Hyundai,450000,56290,Diesel,Dealer,Manual,First Owner,24.0,1186,73.97,5,9
4248,Others,1320000,7500,Diesel,Dealer,Automatic,First Owner,16.78,1995,152.925,5,7
4249,Others,1320000,8500,Diesel,Dealer,Automatic,First Owner,16.78,1995,152.925,5,7
4250,Honda,779000,7032,Petrol,Dealer,Automatic,First Owner,19.0,1199,88.76,5,7
4251,Others,645000,11000,Petrol,Dealer,Automatic,First Owner,14.3,1598,103.5,5,10
4252,Others,1320000,2000,Diesel,Dealer,Automatic,First Owner,16.8,1984,150.0,5,8
4253,Others,155000,100000,Diesel,Individual,Manual,Higher,14.8,1998,68.0,5,27
4255,Others,1320000,9000,Diesel,Dealer,Automatic,First Owner,13.6,1999,152.925,5,9
4256,Others,1320000,20000,Petrol,Dealer,Automatic,First Owner,22.37,2159,152.925,5,7
4257,Others,1320000,45000,Diesel,Dealer,Automatic,First Owner,19.33,1999,152.925,5,9
4258,Tata,503000,110000,Diesel,Individual,Manual,First Owner,14.1,2159,147.94,7,11
4259,Others,1320000,20000,Diesel,Individual,Automatic,First Owner,18.0,1969,152.925,5,7
4260,Toyota,1320000,68089,Petrol,Dealer,Automatic,First Owner,19.16,2159,152.925,5,10
4261,Maruti,225000,58343,Petrol,Dealer,Manual,First Owner,21.79,998,67.05,5,13
4262,Maruti,740000,38817,Diesel,Dealer,Manual,First Owner,27.39,1248,74.0,5,8
4263,Honda,550000,56494,Petrol,Dealer,Manual,First Owner,18.2,1199,88.7,5,10
4264,Toyota,750000,79328,Diesel,Dealer,Manual,Second Owner,12.99,2159,100.6,7,13
4265,Maruti,650000,5621,Petrol,Dealer,Automatic,First Owner,22.0,1197,81.8,5,7
4266,Toyota,625000,25538,Petrol,Dealer,Manual,First Owner,16.78,1496,88.73,5,9
4267,Maruti,600000,69779,Petrol,Dealer,Automatic,First Owner,22.0,1197,81.8,5,8
4268,Hyundai,450000,56290,Diesel,Dealer,Manual,First Owner,24.0,1186,73.97,5,9
4269,Others,1320000,7500,Diesel,Dealer,Automatic,First Owner,16.78,1995,152.925,5,7
4270,Others,1320000,8500,Diesel,Dealer,Automatic,First Owner,16.78,1995,152.925,5,7
4271,Honda,779000,7032,Petrol,Dealer,Automatic,First Owner,19.0,1199,88.76,5,7
4272,Others,645000,11000,Petrol,Dealer,Automatic,First Owner,14.3,1598,103.5,5,10
4273,Others,1320000,2000,Diesel,Dealer,Automatic,First Owner,16.8,1984,150.0,5,8
4274,Ford,590000,80000,Diesel,Individual,Manual,First Owner,25.01,1498,89.75,5,11
4275,Hyundai,350000,120000,Diesel,Individual,Manual,Second Owner,24.4,1120,71.0,5,10
4276,Maruti,484999,30000,Petrol,Individual,Manual,First Owner,20.89,1197,81.8,5,9
4277,Tata,240000,110000,Diesel,Individual,Manual,Second Owner,19.1,1405,70.0,5,11
4278,Toyota,500000,186062,Diesel,Individual,Manual,Second Owner,12.8,2159,102.0,8,18
4279,Maruti,300000,80000,Petrol,Individual,Manual,First Owner,24.7,796,47.3,5,9
4280,Maruti,750000,80000,Diesel,Individual,Manual,First Owner,28.09,1248,88.5,5,10
4281,Maruti,574000,35000,Petrol,Individual,Manual,Second Owner,20.85,1197,83.14,5,10
4282,Tata,200000,167000,Diesel,Individual,Manual,First Owner,22.3,1248,88.8,5,13
4283,Hyundai,1100000,94000,Diesel,Individual,Manual,First Owner,19.67,1582,126.2,5,10
4284,Hyundai,350000,80000,Petrol,Individual,Manual,First Owner,17.92,1086,62.1,5,14
4285,Maruti,70000,100000,Petrol,Individual,Manual,Second Owner,16.1,796,37.0,4,28
4286,Ford,120000,90000,Petrol,Individual,Manual,Second Owner,13.8,1299,70.0,5,21
4287,Toyota,700000,186062,Diesel,Individual,Manual,Second Owner,12.99,2159,100.0,7,14
4288,Maruti,500000,10000,Petrol,Individual,Manual,First Owner,21.4,1197,83.1,5,7
4289,Tata,370000,90000,Diesel,Individual,Manual,First Owner,19.09,1405,69.01,5,10
4290,Tata,600000,5200,Petrol,Individual,Manual,First Owner,20.3,1199,83.81,5,7
4291,Maruti,100000,120000,Petrol,Individual,Manual,Second Owner,17.3,993,60.0,5,20
4292,Maruti,409999,90000,Diesel,Individual,Manual,Second Owner,22.9,1248,74.0,5,13
4293,Honda,750000,50000,Petrol,Individual,Automatic,First Owner,18.0,1497,117.3,5,10
4294,Hyundai,600000,5000,Petrol,Individual,Manual,First Owner,18.9,1197,81.86,5,9
4295,Mahindra,550000,10500,Petrol,Individual,Manual,First Owner,18.15,1198,82.0,6,8
4296,Renault,950000,26000,Diesel,Individual,Manual,First Owner,19.6,1461,108.45,5,8
4297,Mahindra,645000,139000,Diesel,Individual,Automatic,First Owner,11.79,2159,120.0,8,12
4298,Mahindra,750000,60000,Diesel,Individual,Manual,Second Owner,15.1,2159,140.0,7,12
4299,Others,650000,40000,Petrol,Individual,Manual,First Owner,11.7,1796,152.925,5,20
4300,Ford,800000,25000,Petrol,Individual,Manual,First Owner,15.85,1499,110.4,5,11
4301,Toyota,350000,60000,Petrol,Individual,Manual,Second Owner,14.53,1798,138.0,5,16
4302,Ford,700000,25000,Petrol,Individual,Manual,First Owner,15.85,1499,110.4,5,11
4303,Maruti,335000,15000,Petrol,Individual,Manual,First Owner,17.5,1298,85.8,5,15
4304,Maruti,270000,110000,Diesel,Individual,Manual,First Owner,19.3,1248,73.9,5,14
4306,Maruti,320000,100000,Diesel,Individual,Manual,Second Owner,19.3,1248,73.9,5,16
4307,Hyundai,120000,120000,Petrol,Individual,Manual,First Owner,17.8,1086,63.0,5,19
4308,Others,730000,55000,Petrol,Individual,Automatic,Second Owner,12.3,1781,152.925,5,16
4309,Maruti,125000,120000,Petrol,Individual,Manual,Higher,15.0,1586,104.68,5,19
4310,Maruti,150000,35000,Petrol,Individual,Manual,First Owner,18.2,1061,64.0,5,19
4311,Maruti,310000,13000,Petrol,Individual,Manual,First Owner,24.7,796,47.3,5,8
4312,Maruti,625000,50000,Diesel,Individual,Manual,First Owner,26.59,1248,74.0,5,11
4313,Hyundai,267000,40000,Petrol,Individual,Manual,First Owner,20.36,1197,78.9,5,14
4314,Hyundai,600000,25000,Petrol,Individual,Manual,First Owner,17.19,1197,81.86,5,10
4315,Maruti,180000,110000,Petrol,Individual,Manual,Second Owner,15.37,1196,73.0,7,15
4316,Toyota,700000,5000,Petrol,Individual,Manual,First Owner,23.87,1197,88.5,5,7
4317,Maruti,121000,50000,Petrol,Individual,Manual,Second Owner,16.1,796,37.0,4,13
4318,Hyundai,350000,80000,Petrol,Individual,Manual,Higher,18.9,1197,82.0,5,12
4319,Toyota,869999,186062,Diesel,Individual,Manual,Second Owner,12.99,2159,100.0,8,14
4320,Others,1320000,9000,Diesel,Dealer,Automatic,First Owner,13.6,1999,152.925,5,9
4321,Others,1320000,20000,Petrol,Dealer,Automatic,First Owner,22.37,2159,152.925,5,7
4322,Others,1320000,45000,Diesel,Dealer,Automatic,First Owner,19.33,1999,152.925,5,9
4323,Tata,503000,110000,Diesel,Individual,Manual,First Owner,14.1,2159,147.94,7,11
4324,Others,1320000,20000,Diesel,Individual,Automatic,First Owner,18.0,1969,152.925,5,7
4325,Toyota,1320000,68089,Petrol,Dealer,Automatic,First Owner,19.16,2159,152.925,5,10
4326,Maruti,225000,58343,Petrol,Dealer,Manual,First Owner,21.79,998,67.05,5,13
4327,Maruti,740000,38817,Diesel,Dealer,Manual,First Owner,27.39,1248,74.0,5,8
4328,Honda,550000,56494,Petrol,Dealer,Manual,First Owner,18.2,1199,88.7,5,10
4329,Toyota,750000,79328,Diesel,Dealer,Manual,Second Owner,12.99,2159,100.6,7,13
4330,Maruti,650000,5621,Petrol,Dealer,Automatic,First Owner,22.0,1197,81.8,5,7
4331,Toyota,625000,25538,Petrol,Dealer,Manual,First Owner,16.78,1496,88.73,5,9
4332,Maruti,600000,69779,Petrol,Dealer,Automatic,First Owner,22.0,1197,81.8,5,8
4333,Hyundai,450000,56290,Diesel,Dealer,Manual,First Owner,24.0,1186,73.97,5,9
4334,Others,1320000,7500,Diesel,Dealer,Automatic,First Owner,16.78,1995,152.925,5,7
4335,Others,1320000,8500,Diesel,Dealer,Automatic,First Owner,16.78,1995,152.925,5,7
4336,Honda,779000,7032,Petrol,Dealer,Automatic,First Owner,19.0,1199,88.76,5,7
4337,Others,645000,11000,Petrol,Dealer,Automatic,First Owner,14.3,1598,103.5,5,10
4338,Others,1320000,2000,Diesel,Dealer,Automatic,First Owner,16.8,1984,150.0,5,8
4339,Maruti,80000,100000,Petrol,Individual,Manual,Higher,17.3,1061,64.0,5,18
4340,Hyundai,120000,93331,Petrol,Individual,Manual,Second Owner,19.81,1086,68.05,5,18
4341,Mahindra,370000,120000,Diesel,Individual,Manual,Second Owner,13.5,2159,115.0,5,14
4342,Others,750000,70000,Diesel,Individual,Manual,First Owner,19.01,1461,108.5,5,11
4343,Mahindra,484999,100000,Diesel,Individual,Manual,First Owner,15.96,2159,63.0,9,11
4344,Hyundai,120000,90000,Diesel,Individual,Manual,Second Owner,13.1,1493,82.0,5,20
4345,Honda,860000,28000,Petrol,Individual,Manual,First Owner,17.8,1497,117.3,5,9
4346,Maruti,650000,50000,Diesel,Individual,Manual,First Owner,28.4,1248,74.02,5,8
4347,Maruti,650000,90000,Diesel,Individual,Manual,First Owner,20.77,1248,88.8,7,12
4348,Hyundai,710000,40000,Diesel,Individual,Manual,First Owner,24.8,1396,88.7,5,10
4349,Ford,430000,113000,Diesel,Individual,Manual,First Owner,25.83,1498,99.0,5,9
4350,Maruti,305000,186062,Diesel,Individual,Manual,Second Owner,17.8,1248,75.0,5,15
4351,Ford,220000,100000,Diesel,Individual,Manual,First Owner,20.0,1399,68.0,5,15
4352,Tata,150000,186062,Diesel,Individual,Manual,Higher,14.0,1948,90.0,9,16
4353,Mahindra,660000,67000,Diesel,Individual,Manual,Second Owner,18.49,1493,100.0,7,9
4354,Chevrolet,140000,70000,Diesel,Individual,Manual,Higher,25.44,936,57.6,5,15
4355,Toyota,1100000,50000,Petrol,Individual,Manual,First Owner,14.28,1798,138.03,5,11
4356,Others,1320000,60000,Diesel,Individual,Automatic,First Owner,16.36,2159,152.925,5,13
4357,Volkswagen,625000,34000,Diesel,Individual,Automatic,First Owner,22.0,1498,108.495,5,9
4358,Honda,198000,110000,Petrol,Individual,Manual,Higher,12.8,1493,100.0,5,22
4360,Maruti,130000,140000,Petrol,Individual,Manual,Second Owner,18.9,998,67.1,5,21
4361,Honda,540000,100000,Petrol,Individual,Manual,Second Owner,16.8,1497,116.3,5,14
4362,Hyundai,550000,10000,Petrol,Individual,Automatic,First Owner,18.9,1197,81.86,5,9
4363,Maruti,475000,30000,Petrol,Individual,Manual,First Owner,21.63,998,67.04,5,8
4364,Toyota,1320000,90000,Diesel,Individual,Automatic,First Owner,15.04,2159,152.925,7,10
4365,Maruti,217000,120000,Diesel,Individual,Manual,First Owner,21.1,1248,73.9,5,16
4367,Maruti,750000,6500,Petrol,Individual,Automatic,First Owner,21.21,1197,81.8,5,7
4368,Maruti,350000,80000,Petrol,Individual,Manual,First Owner,11.96,1298,80.0,8,16
4369,Mahindra,400000,100000,Diesel,Individual,Manual,Higher,12.05,2159,120.0,7,18
4370,Toyota,570000,120000,Diesel,Individual,Manual,Second Owner,23.59,1364,67.05,5,11
4371,Hyundai,180000,120000,Petrol,Individual,Manual,Second Owner,21.1,814,55.2,5,14
4372,Others,68000,110000,Petrol,Individual,Manual,Higher,13.1,1598,77.0,5,28
4373,Others,280000,150000,Diesel,Individual,Manual,Higher,18.7,1896,66.0,5,20
4374,Tata,90000,120000,Diesel,Individual,Manual,Higher,16.1,1405,70.0,5,21
4375,Others,1320000,100000,Diesel,Individual,Automatic,Second Owner,15.26,2143,152.925,5,11
4376,Tata,700000,63000,Diesel,Individual,Manual,First Owner,15.3,2159,83.83,7,8
4377,Others,1320000,40000,Diesel,Individual,Automatic,Second Owner,17.9,2143,136.0,5,10
4378,Ford,685000,109000,Diesel,Dealer,Manual,First Owner,22.7,1498,89.84,5,11
4379,Maruti,565000,114000,Diesel,Dealer,Manual,First Owner,25.2,1248,73.94,5,11
4380,Others,1320000,33000,Petrol,Dealer,Automatic,Second Owner,14.7,1798,152.925,5,9
4381,Hyundai,395000,160000,Diesel,Dealer,Manual,Higher,24.0,1120,70.0,5,12
4382,Hyundai,425000,101000,Diesel,Dealer,Manual,First Owner,21.9,1396,88.76,5,13
4383,Volkswagen,1320000,5400,Diesel,Dealer,Manual,Higher,22.27,1498,108.6,5,7
4384,Hyundai,1320000,45000,Diesel,Dealer,Automatic,Second Owner,16.38,1995,152.925,5,10
4385,Renault,535000,31000,Petrol,Dealer,Automatic,First Owner,24.04,999,67.0,5,8
4386,Renault,500000,31000,Petrol,Dealer,Manual,First Owner,23.01,999,67.0,5,8
4387,Maruti,434999,55000,Petrol,Dealer,Manual,First Owner,20.52,1197,81.8,5,10
4388,Tata,250000,55000,Petrol,Dealer,Automatic,First Owner,21.9,624,37.48,4,8
4389,Hyundai,700000,117000,Diesel,Dealer,Manual,First Owner,22.32,1582,126.32,5,12
4390,Others,1100000,102000,Diesel,Dealer,Automatic,First Owner,19.62,1995,152.925,5,16
4391,Volkswagen,900000,108000,Diesel,Dealer,Automatic,First Owner,17.42,1968,152.925,5,14
4392,Maruti,425000,75000,Petrol,Dealer,Manual,First Owner,20.52,1197,81.8,5,11
4393,Others,1320000,74000,Diesel,Dealer,Automatic,First Owner,10.0,2148,152.925,5,15
4394,Ford,325000,158000,Diesel,Dealer,Manual,First Owner,24.4,1499,98.96,5,13
4395,Others,1320000,10000,Diesel,Individual,Automatic,First Owner,13.8,2159,152.925,7,7
4396,Ford,950000,40000,Diesel,Individual,Manual,First Owner,23.0,1498,98.96,5,8
4397,Tata,1140000,10000,Diesel,Individual,Automatic,First Owner,21.5,1497,108.5,5,7
4398,Tata,980000,53000,Diesel,Individual,Manual,First Owner,17.6,2159,147.94,7,9
4399,Others,1320000,20000,Diesel,Individual,Manual,Second Owner,16.3,1956,152.925,5,9
4400,Volkswagen,808000,5000,Petrol,Individual,Manual,First Owner,18.24,999,108.6,5,6
4401,Maruti,550000,30000,Petrol,Individual,Manual,First Owner,19.1,1197,85.8,5,12
4402,Maruti,215000,64000,Petrol,Individual,Manual,First Owner,19.7,796,46.3,5,16
4403,Ford,512000,10500,Petrol,Individual,Manual,First Owner,18.16,1196,86.8,5,10
4404,Maruti,215000,50000,Petrol,Individual,Manual,Second Owner,19.7,796,46.3,5,15
4405,Others,500000,60000,Diesel,Individual,Manual,First Owner,20.5,1598,103.5,5,14
4406,Others,700000,35000,Diesel,Individual,Manual,First Owner,21.14,1498,103.52,5,11
4407,Tata,525000,135000,Diesel,Individual,Manual,First Owner,13.93,2159,138.03,7,14
4408,Mahindra,550000,70000,Diesel,Individual,Manual,Second Owner,12.05,2159,120.0,9,15
4409,Maruti,750000,80000,Diesel,Individual,Manual,First Owner,24.3,1248,88.5,5,10
4410,Maruti,395000,25000,Petrol,Individual,Manual,First Owner,21.63,998,67.0,5,9
4411,Hyundai,675000,5000,Petrol,Individual,Manual,First Owner,18.6,1197,81.83,5,9
4412,Hyundai,140000,80000,Petrol,Individual,Manual,Higher,17.92,1086,62.1,5,18
4413,Mahindra,430000,120000,Diesel,Individual,Manual,Second Owner,12.05,2159,120.0,8,15
4414,Others,1320000,9000,Diesel,Dealer,Automatic,First Owner,13.6,1999,152.925,5,9
4415,Others,1320000,20000,Petrol,Dealer,Automatic,First Owner,22.37,2159,152.925,5,7
4416,Others,1320000,45000,Diesel,Dealer,Automatic,First Owner,19.33,1999,152.925,5,9
4417,Tata,503000,110000,Diesel,Individual,Manual,First Owner,14.1,2159,147.94,7,11
4418,Others,1320000,20000,Diesel,Individual,Automatic,First Owner,18.0,1969,152.925,5,7
4419,Toyota,1320000,68089,Petrol,Dealer,Automatic,First Owner,19.16,2159,152.925,5,10
4420,Maruti,225000,58343,Petrol,Dealer,Manual,First Owner,21.79,998,67.05,5,13
4421,Maruti,740000,38817,Diesel,Dealer,Manual,First Owner,27.39,1248,74.0,5,8
4422,Honda,550000,56494,Petrol,Dealer,Manual,First Owner,18.2,1199,88.7,5,10
4423,Toyota,750000,79328,Diesel,Dealer,Manual,Second Owner,12.99,2159,100.6,7,13
4424,Maruti,650000,5621,Petrol,Dealer,Automatic,First Owner,22.0,1197,81.8,5,7
4425,Toyota,625000,25538,Petrol,Dealer,Manual,First Owner,16.78,1496,88.73,5,9
4426,Maruti,600000,69779,Petrol,Dealer,Automatic,First Owner,22.0,1197,81.8,5,8
4427,Hyundai,450000,56290,Diesel,Dealer,Manual,First Owner,24.0,1186,73.97,5,9
4428,Others,1320000,7500,Diesel,Dealer,Automatic,First Owner,16.78,1995,152.925,5,7
4429,Others,1320000,8500,Diesel,Dealer,Automatic,First Owner,16.78,1995,152.925,5,7
4430,Honda,779000,7032,Petrol,Dealer,Automatic,First Owner,19.0,1199,88.76,5,7
4431,Others,645000,11000,Petrol,Dealer,Automatic,First Owner,14.3,1598,103.5,5,10
4432,Others,1320000,2000,Diesel,Dealer,Automatic,First Owner,16.8,1984,150.0,5,8
4435,Maruti,300000,10000,Petrol,Individual,Manual,First Owner,20.51,998,67.04,5,12
4436,Chevrolet,355000,68000,Diesel,Individual,Manual,First Owner,22.1,1248,76.9,5,13
4437,Maruti,180000,35000,Petrol,Individual,Manual,Second Owner,22.74,796,47.3,5,11
4438,Tata,280000,70000,Diesel,Individual,Manual,First Owner,25.0,1396,69.0,5,13
4439,Tata,250000,70000,Diesel,Individual,Manual,First Owner,19.0,1248,90.0,5,15
4440,Tata,125000,50000,Petrol,Individual,Manual,First Owner,15.3,1193,65.3,5,19
4443,Maruti,810000,29700,Diesel,Individual,Manual,First Owner,25.1,1248,88.5,5,8
4444,Hyundai,671000,20000,Petrol,Individual,Automatic,First Owner,18.6,1368,98.63,5,8
4445,Maruti,295000,20000,Petrol,Individual,Manual,First Owner,24.7,796,47.3,5,8
4446,Maruti,850000,40000,Diesel,Individual,Manual,First Owner,24.52,1248,88.5,7,9
4447,Maruti,409999,90000,Diesel,Individual,Manual,First Owner,22.9,1248,74.0,5,13
4448,Maruti,600000,90000,Petrol,Individual,Manual,First Owner,16.02,1373,93.7,7,11
4449,Mahindra,600000,80000,Diesel,Individual,Manual,First Owner,15.96,2159,62.1,7,11
4450,Maruti,220000,60000,Petrol,Individual,Manual,Higher,18.9,998,67.1,5,14
4451,Maruti,550000,56000,Diesel,Individual,Manual,First Owner,23.4,1248,74.0,5,13
4452,Mahindra,650000,50000,Diesel,Individual,Manual,First Owner,14.0,2159,75.0,8,12
4453,Mahindra,655000,50000,Diesel,Individual,Manual,Second Owner,14.0,2159,75.0,9,12
4454,Tata,130000,74000,Diesel,Individual,Manual,First Owner,13.7,1948,68.0,7,20
4455,Renault,400000,123000,Diesel,Individual,Manual,First Owner,19.01,1461,108.45,5,12
4457,Maruti,155000,54000,Petrol,Individual,Manual,First Owner,19.7,796,46.3,5,17
4458,Tata,250000,50000,Petrol,Individual,Manual,First Owner,15.64,1193,64.1,5,13
4459,Hyundai,400000,80000,Petrol,Individual,Manual,Second Owner,18.9,1197,82.0,5,12
4460,Others,500000,10000,Petrol,Individual,Manual,First Owner,19.02,1198,67.05,5,7
4461,Hyundai,565000,10000,Petrol,Individual,Automatic,First Owner,20.3,1086,68.0,5,8
4462,Ford,900000,40000,Diesel,Individual,Manual,First Owner,23.0,1498,98.96,5,8
4463,Mahindra,650000,120000,Diesel,Individual,Manual,First Owner,16.5,1493,70.0,7,9
4464,Mahindra,600000,45000,Diesel,Individual,Manual,First Owner,15.96,2159,62.1,7,13
4465,Maruti,800000,35000,Diesel,Individual,Manual,First Owner,28.4,1248,74.02,5,8
4466,Hyundai,575000,60000,Diesel,Individual,Manual,First Owner,22.54,1396,88.73,5,11
4467,Ford,550000,40000,Petrol,Individual,Automatic,First Owner,17.01,1499,110.4,5,10
4468,Maruti,190000,80000,Petrol,Individual,Manual,Higher,15.5,1586,103.3,5,15
4469,Ford,750000,37000,Diesel,Individual,Manual,First Owner,23.0,1498,98.96,5,9
4470,Maruti,625000,22000,Petrol,Individual,Manual,First Owner,21.4,1197,83.1,5,8
4471,Hyundai,799000,60000,Diesel,Individual,Manual,Second Owner,22.54,1396,88.73,5,8
4472,Maruti,300000,57000,Petrol,Individual,Manual,Second Owner,20.51,998,67.04,5,13
4473,Maruti,850000,27000,Petrol,Individual,Manual,First Owner,20.73,1373,91.1,5,9
4474,Chevrolet,130000,70000,Petrol,Individual,Manual,First Owner,18.0,995,62.0,5,14
4475,Maruti,229999,40000,Petrol,Individual,Manual,Second Owner,20.92,998,67.1,5,15
4476,Maruti,400000,60000,Petrol,Individual,Manual,First Owner,23.1,998,67.04,5,11
4477,Mahindra,900000,35000,Diesel,Individual,Manual,First Owner,16.55,2159,105.0,6,8
4478,Mahindra,800000,70000,Diesel,Individual,Manual,First Owner,15.4,1997,120.0,7,11
4479,Hyundai,250999,43000,Petrol,Individual,Manual,Second Owner,21.1,814,55.2,5,11
4480,Tata,250000,110000,Petrol,Individual,Manual,Second Owner,15.0,1368,90.0,5,15
4481,Others,100000,100000,Petrol,Individual,Manual,Second Owner,15.7,1172,67.0,5,17
4482,Maruti,450000,64000,Petrol,Individual,Manual,First Owner,20.4,1197,81.8,5,10
4483,Renault,575000,96000,Diesel,Individual,Manual,First Owner,19.87,1461,83.8,5,9
4484,Renault,400000,96000,Diesel,Individual,Manual,First Owner,20.46,1461,83.8,5,13
4485,Maruti,480000,7600,Petrol,Individual,Manual,First Owner,21.63,998,67.0,5,7
4486,Maruti,490000,7000,Petrol,Individual,Manual,First Owner,21.63,998,67.0,5,7
4487,Tata,150000,120000,Diesel,Individual,Manual,Second Owner,17.0,1405,70.0,5,19
4488,Tata,600000,50000,Diesel,Individual,Manual,First Owner,22.95,1248,74.0,5,9
4489,Hyundai,500000,50000,Diesel,Individual,Manual,Second Owner,24.4,1120,71.0,5,11
4490,Tata,425000,80000,Diesel,Individual,Manual,First Owner,23.0,1248,88.7,5,11
4491,Hyundai,108000,186062,Diesel,Individual,Manual,Second Owner,13.1,1493,82.0,5,23
4492,Toyota,1030000,186062,Diesel,Individual,Manual,First Owner,12.99,2159,100.6,7,11
4493,Maruti,360000,34000,Petrol,Individual,Manual,First Owner,20.51,998,67.04,5,11
4494,Volkswagen,290000,80000,Petrol,Individual,Manual,Second Owner,16.47,1198,73.9,5,14
4495,Maruti,400000,72000,Diesel,Individual,Manual,First Owner,22.9,1248,74.0,5,15
4496,Maruti,70000,20000,Diesel,Individual,Manual,First Owner,15.9,1527,57.0,5,23
4497,Tata,320000,70000,Diesel,Individual,Manual,Second Owner,15.3,2159,83.8,7,14
4498,Ford,975000,30000,Diesel,Individual,Manual,First Owner,23.0,1498,98.96,5,7
4499,Honda,1227000,5000,Petrol,Individual,Automatic,First Owner,18.0,1497,117.6,5,7
4500,Hyundai,755000,29340,Diesel,Individual,Manual,First Owner,22.32,1582,126.32,5,12
4501,Ford,215000,120000,Diesel,Individual,Manual,First Owner,20.0,1399,68.0,5,15
4502,Toyota,735000,186062,Diesel,Individual,Manual,Second Owner,12.8,2159,102.0,7,15
4503,Hyundai,190000,70000,Petrol,Individual,Manual,Second Owner,19.81,1086,68.05,5,19
4504,Toyota,1320000,80800,Diesel,Individual,Manual,Second Owner,12.99,2159,100.6,8,12
4505,Honda,675000,24265,Petrol,Dealer,Manual,First Owner,18.7,1199,88.7,5,8
4506,Maruti,438999,81000,Diesel,Dealer,Manual,First Owner,23.4,1248,74.0,5,12
4507,Renault,550000,186062,Diesel,Individual,Manual,First Owner,19.98,1461,108.5,7,11
4508,Maruti,409999,35000,Petrol,Individual,Manual,First Owner,19.1,1197,85.8,5,13
4509,Renault,350000,15000,Petrol,Individual,Manual,First Owner,25.17,799,53.3,5,7
4510,Chevrolet,135000,49000,Diesel,Individual,Manual,Higher,25.44,936,57.6,5,14
4511,Toyota,1320000,56900,Diesel,Individual,Manual,Second Owner,13.68,2159,147.8,8,10
4512,Maruti,520000,70000,Diesel,Individual,Manual,Second Owner,25.2,1248,74.0,5,12
4513,Maruti,315000,180000,Diesel,Individual,Manual,First Owner,19.3,1248,73.9,5,16
4514,Maruti,235000,50000,Petrol,Individual,Manual,First Owner,19.0,998,66.1,5,16
4515,Hyundai,80500,50000,Petrol,Individual,Manual,Higher,13.2,1495,94.0,5,21
4516,Maruti,375000,88200,Diesel,Individual,Manual,First Owner,23.2,1248,73.94,5,13
4517,Maruti,189000,93000,Petrol,Individual,Manual,Second Owner,16.1,1197,85.0,5,20
4518,Honda,550000,120000,Diesel,Individual,Manual,First Owner,25.8,1498,98.6,5,9
4519,Ford,260000,110000,Diesel,Individual,Manual,Second Owner,17.8,1399,68.0,5,15
4520,Maruti,650000,50000,Diesel,Individual,Automatic,Second Owner,26.59,1248,74.0,5,10
4521,Maruti,480000,80000,Diesel,Individual,Manual,First Owner,23.4,1248,74.0,5,13
4522,Hyundai,700000,40000,Diesel,Individual,Manual,First Owner,22.54,1396,88.73,5,10
4523,Maruti,650000,110000,Diesel,Individual,Manual,Higher,20.77,1248,88.76,7,11
4524,Hyundai,1300000,48000,Diesel,Individual,Manual,Second Owner,19.67,1582,126.2,5,11
4525,Volkswagen,1320000,97000,Diesel,Individual,Automatic,First Owner,16.96,1968,138.03,5,10
4526,Volkswagen,1000000,60000,Diesel,Individual,Automatic,First Owner,22.15,1498,108.6,5,10
4527,Others,1320000,110000,Diesel,Individual,Automatic,Higher,8.470000000000002,2159,152.925,5,15
4528,Toyota,1080000,12800,Petrol,Individual,Automatic,First Owner,17.8,1496,105.5,5,8
4529,Hyundai,170000,40000,Petrol,Individual,Manual,First Owner,21.1,814,55.2,5,14
4530,Maruti,610000,49000,Diesel,Individual,Manual,First Owner,28.4,1248,74.0,5,9
4531,Maruti,350000,25000,Petrol,Individual,Manual,First Owner,18.5,1197,85.8,5,12
4532,Maruti,260000,65000,Petrol,Individual,Manual,Second Owner,22.74,796,47.3,5,10
4533,Others,700000,20000,Diesel,Individual,Manual,First Owner,20.4,1248,91.7,5,11
4534,Volkswagen,678000,17000,Petrol,Individual,Manual,First Owner,18.78,999,75.0,5,8
4535,Maruti,800000,15000,Diesel,Individual,Manual,First Owner,23.65,1248,88.5,5,11
4536,Toyota,400000,120000,Diesel,Individual,Manual,Second Owner,23.59,1364,67.04,5,12
4537,Hyundai,300000,49000,Petrol,Individual,Manual,First Owner,18.5,1197,80.0,5,16
4538,Hyundai,520000,29000,Petrol,Individual,Manual,First Owner,18.6,1197,81.83,5,10
4539,Others,850000,55000,Diesel,Individual,Automatic,First Owner,19.61,1461,108.5,5,9
4540,Maruti,300000,40000,Petrol,Individual,Manual,First Owner,23.95,998,67.05,5,11
4541,Honda,350000,120000,Petrol,Individual,Manual,Second Owner,17.0,1497,118.0,5,16
4543,Maruti,892000,10000,Diesel,Individual,Manual,First Owner,24.3,1248,88.5,5,7
4544,Others,285000,70000,Diesel,Individual,Manual,Second Owner,20.3,1248,92.0,5,14
4545,Hyundai,300000,60000,Other,Individual,Manual,First Owner,19.2,1086,68.05,5,14
4546,Maruti,620000,90000,Diesel,Individual,Manual,First Owner,28.09,1248,88.5,5,10
4547,Maruti,750000,90000,Diesel,Individual,Manual,First Owner,24.3,1248,88.5,5,9
4548,Maruti,270000,35000,Petrol,Individual,Manual,First Owner,22.74,796,47.3,5,10
4549,Maruti,560000,90000,Diesel,Individual,Manual,First Owner,20.77,1248,88.8,7,12
4550,Hyundai,300000,40000,Petrol,Individual,Manual,Second Owner,17.92,1086,62.1,5,14
4551,Hyundai,300000,40000,Petrol,Individual,Manual,Second Owner,17.92,1086,62.1,5,14
4552,Hyundai,570000,20000,Petrol,Individual,Manual,First Owner,18.9,1197,81.86,5,8
4553,Tata,220000,80000,Diesel,Individual,Manual,First Owner,23.03,1396,69.0,5,15
4554,Maruti,260000,99000,Petrol,Individual,Manual,Second Owner,15.5,1586,103.3,5,14
4555,Maruti,600000,7500,Petrol,Individual,Automatic,First Owner,21.21,1197,81.8,5,7
4556,Tata,80000,60000,Petrol,Individual,Manual,First Owner,23.9,624,37.48,4,11
4557,Hyundai,300000,40800,Petrol,Individual,Manual,First Owner,21.1,814,55.2,5,10
4558,Tata,300000,70000,Petrol,Individual,Manual,First Owner,17.57,1193,88.7,5,11
4559,Mahindra,400000,100000,Petrol,Individual,Manual,First Owner,18.15,1198,82.0,5,10
4560,Maruti,550000,8588,Petrol,Individual,Manual,First Owner,22.0,1197,81.8,5,10
4561,Honda,1200000,40000,Diesel,Individual,Manual,First Owner,25.6,1498,97.9,5,7
4562,Ford,500000,60000,Diesel,Individual,Manual,First Owner,25.83,1498,99.0,5,11
4563,Maruti,93000,80000,Petrol,Individual,Manual,Higher,15.9,1298,85.0,5,21
4564,Honda,500000,110000,Diesel,Individual,Manual,First Owner,26.0,1498,98.6,5,12
4565,Toyota,670000,150000,Diesel,Individual,Manual,First Owner,23.59,1364,67.05,5,8
4566,Toyota,750000,120000,Diesel,Individual,Manual,Second Owner,12.8,2159,102.0,7,14
4567,Maruti,370000,30000,Petrol,Individual,Manual,First Owner,23.95,998,67.05,5,9
4568,Maruti,100000,70000,Petrol,Individual,Manual,Second Owner,16.1,796,37.0,4,14
4569,Hyundai,425000,50000,Petrol,Individual,Manual,First Owner,19.81,1086,68.05,5,10
4570,Toyota,370000,186062,Diesel,Individual,Manual,Higher,12.8,2159,102.0,8,20
4572,Tata,229999,186062,Diesel,Individual,Manual,Higher,11.57,2159,138.1,7,17
4573,Maruti,850000,35000,Diesel,Individual,Manual,First Owner,24.52,1248,88.5,7,10
4574,Mahindra,750000,22000,Diesel,Individual,Manual,First Owner,21.03,1461,65.0,5,8
4575,Tata,235000,50000,Diesel,Individual,Manual,First Owner,10.71,1948,90.0,14,16
4576,Honda,700000,70000,Diesel,Individual,Manual,First Owner,25.5,1498,98.6,5,9
4577,Hyundai,480000,56000,Diesel,Individual,Manual,First Owner,24.0,1120,70.0,5,10
4578,Tata,475000,50000,Diesel,Individual,Manual,First Owner,22.95,1248,74.0,5,10
4579,Others,610000,120000,Diesel,Individual,Manual,First Owner,21.14,1498,103.52,5,11
4580,Toyota,650000,120000,Diesel,Individual,Manual,Second Owner,12.8,2159,102.0,8,15
4581,Honda,800000,70000,Diesel,Individual,Manual,First Owner,25.5,1498,98.6,5,9
4582,Tata,520000,120000,Diesel,Individual,Manual,First Owner,11.57,2159,138.1,7,11
4583,Tata,160000,90000,Diesel,Individual,Manual,First Owner,25.0,1396,69.0,5,12
4584,Maruti,1000000,70000,Diesel,Individual,Manual,First Owner,25.1,1248,88.5,5,8
4585,Maruti,700000,120000,Diesel,Individual,Manual,Second Owner,20.77,1248,88.76,7,11
4586,Honda,590000,70000,Diesel,Individual,Manual,Second Owner,25.8,1498,98.6,5,9
4587,Maruti,140000,80000,Petrol,Individual,Manual,Second Owner,18.9,998,67.1,5,24
4588,Mahindra,725000,100000,Diesel,Individual,Manual,Second Owner,18.49,1493,100.0,7,9
4589,Toyota,1320000,157000,Diesel,Individual,Manual,First Owner,13.68,2159,147.8,7,9
4590,Maruti,550000,50000,Diesel,Individual,Manual,First Owner,26.59,1248,74.0,5,11
4591,Maruti,240000,90000,Diesel,Individual,Manual,Second Owner,23.2,1248,73.94,5,14
4592,Chevrolet,667000,65000,Diesel,Individual,Manual,First Owner,14.6,2159,152.925,7,13
4593,Honda,670000,50000,Diesel,Individual,Manual,First Owner,27.3,1498,98.6,5,9
4594,Maruti,550000,110000,Diesel,Individual,Manual,First Owner,26.59,1248,74.0,5,11
4595,Maruti,400000,30000,Petrol,Individual,Manual,First Owner,23.1,998,67.04,5,11
4596,Hyundai,545000,80000,Diesel,Individual,Manual,Second Owner,22.32,1582,126.32,5,12
4597,Maruti,599000,70000,Petrol,Individual,Manual,First Owner,16.02,1373,93.7,7,11
4598,Hyundai,725000,100000,Diesel,Individual,Manual,First Owner,21.38,1396,88.7,5,10
4599,Honda,525000,120000,Petrol,Individual,Manual,Second Owner,17.4,1497,117.3,5,11
4600,Maruti,204999,85000,Diesel,Individual,Manual,Second Owner,21.1,1248,73.9,5,15
4601,Others,190000,110000,Diesel,Individual,Manual,First Owner,21.0,1199,75.0,5,14
4602,Hyundai,310000,60000,Diesel,Individual,Manual,Higher,24.0,1120,70.0,5,11
4603,Hyundai,380000,90000,Diesel,Individual,Manual,Second Owner,24.0,1120,70.0,5,10
4604,Maruti,204000,110000,Petrol,Individual,Manual,Higher,20.92,998,67.1,5,14
4605,Hyundai,350000,25000,Petrol,Individual,Manual,First Owner,20.3,998,68.05,5,8
4606,Volkswagen,350000,100000,Diesel,Individual,Manual,First Owner,20.54,1598,103.6,5,13
4607,Ford,175000,120000,Diesel,Individual,Manual,Second Owner,20.0,1399,68.0,5,14
4608,Volkswagen,340000,90000,Diesel,Individual,Manual,First Owner,20.54,1598,103.6,5,15
4609,Honda,950000,35000,Petrol,Individual,Manual,First Owner,17.4,1497,117.6,5,9
4610,Honda,894999,35000,Petrol,Individual,Manual,First Owner,17.8,1497,117.3,5,9
4611,Tata,350000,101200,Diesel,Individual,Manual,Second Owner,15.3,2159,83.83,7,12
4612,Tata,100000,90000,Petrol,Individual,Manual,Second Owner,12.8,1396,85.0,5,21
4613,Maruti,550000,76000,Diesel,Individual,Manual,First Owner,26.59,1248,74.0,5,10
4614,Tata,100000,60000,Diesel,Individual,Manual,Higher,16.1,1405,70.0,5,22
4615,Mahindra,800000,90000,Diesel,Individual,Manual,First Owner,16.0,2159,140.0,7,10
4616,Mahindra,525000,80000,Diesel,Individual,Manual,Second Owner,15.96,2159,62.1,7,13
4617,Tata,500000,179150,Diesel,Individual,Manual,Second Owner,11.57,2159,138.1,7,18
4618,Maruti,42000,62000,Petrol,Individual,Manual,First Owner,16.1,796,37.0,4,23
4619,Maruti,190000,160000,Petrol,Individual,Manual,Higher,17.5,1197,85.8,5,17
4620,Maruti,694000,35000,Diesel,Individual,Manual,First Owner,28.4,1248,74.02,5,7
4621,Mahindra,861999,120000,Diesel,Individual,Automatic,First Owner,16.0,2159,140.0,7,10
4622,Honda,650000,50000,Diesel,Individual,Manual,First Owner,25.8,1498,98.6,5,9
4623,Maruti,310000,70000,Diesel,Individual,Manual,Second Owner,19.3,1248,73.9,5,15
4624,Maruti,360000,97000,Diesel,Individual,Manual,First Owner,22.9,1248,74.0,5,13
4625,Maruti,240000,90000,Diesel,Individual,Manual,Second Owner,19.3,1248,73.9,5,15
4626,Mahindra,500000,84487,Diesel,Individual,Manual,Higher,15.1,2159,140.0,7,14
4627,Toyota,475000,100000,Diesel,Individual,Manual,Second Owner,12.8,2159,102.0,7,16
4628,Maruti,100000,60000,Petrol,Individual,Manual,Higher,19.7,796,46.3,5,19
4629,Maruti,200000,110000,Petrol,Individual,Manual,Higher,15.0,1586,104.68,5,17
4630,Toyota,430000,186062,Diesel,Individual,Manual,First Owner,12.8,2159,102.0,8,20
4631,Mahindra,245000,146000,Diesel,Individual,Manual,Higher,14.0,2159,112.0,7,16
4632,Maruti,450000,70000,Diesel,Individual,Manual,First Owner,23.4,1248,74.0,5,12
4633,Maruti,800000,51146,Diesel,Individual,Manual,First Owner,24.3,1248,88.5,5,9
4634,Maruti,215000,40000,Petrol,Individual,Manual,First Owner,21.1,1197,85.8,5,15
4635,Maruti,760000,50000,Diesel,Individual,Manual,First Owner,24.3,1248,88.5,5,9
4636,Volkswagen,416000,80000,Diesel,Individual,Manual,First Owner,20.14,1498,88.8,5,11
4637,Maruti,195000,120000,Petrol,Individual,Manual,First Owner,18.9,998,67.1,5,15
4638,Maruti,325000,23000,Petrol,Individual,Manual,First Owner,24.7,796,47.3,5,9
4639,Maruti,145000,70000,Petrol,Individual,Manual,Second Owner,20.92,998,67.1,5,16
4640,Maruti,675000,23000,Diesel,Individual,Manual,First Owner,28.4,1248,74.0,5,8
4641,Maruti,340000,30000,Petrol,Individual,Manual,Second Owner,20.51,998,67.04,5,10
4642,Tata,340000,50000,Diesel,Individual,Manual,First Owner,19.0,1248,90.0,5,15
4643,Maruti,260000,40000,Petrol,Individual,Manual,First Owner,16.8,796,34.2,5,12
4644,Maruti,300000,50000,Petrol,Individual,Manual,First Owner,22.74,796,47.3,5,11
4645,Maruti,75000,60000,Petrol,Individual,Manual,Second Owner,16.1,796,37.0,4,19
4646,Tata,350000,80000,Diesel,Individual,Manual,First Owner,19.4,1405,70.0,5,15
4647,Maruti,1000000,15000,Petrol,Individual,Manual,First Owner,19.01,1462,103.2,6,7
4648,Tata,170000,150000,Diesel,Individual,Manual,Higher,21.12,1248,88.8,5,16
4649,Maruti,600000,40000,Petrol,Individual,Manual,First Owner,19.0,1197,85.8,5,8
4650,Honda,800000,25000,Petrol,Individual,Automatic,First Owner,16.8,1497,118.0,5,16
4651,Others,850000,120000,Diesel,Individual,Manual,Second Owner,17.0,2159,80.84,7,8
4652,Mahindra,980000,120000,Diesel,Individual,Manual,Second Owner,15.1,2159,140.0,7,12
4653,Ford,850000,186062,Diesel,Individual,Manual,Second Owner,13.1,2159,141.0,7,15
4654,Tata,340000,186062,Diesel,Individual,Manual,Higher,14.07,2159,68.4,7,14
4655,Maruti,900000,50000,Diesel,Individual,Automatic,Second Owner,24.3,1248,88.5,5,8
4656,Maruti,310000,120000,Diesel,Individual,Manual,Second Owner,19.3,1248,73.9,5,16
4657,Maruti,600000,60000,Diesel,Individual,Manual,Higher,20.77,1248,88.8,7,13
4658,Maruti,270000,149000,Diesel,Individual,Manual,Second Owner,19.3,1248,73.9,5,18
4659,Hyundai,509999,5000,Petrol,Individual,Manual,First Owner,20.3,1086,68.0,5,7
4660,Tata,225000,70000,Diesel,Individual,Manual,Second Owner,19.4,1405,70.0,5,13
4661,Hyundai,280000,55000,Petrol,Individual,Manual,First Owner,20.36,1197,78.9,5,11
4662,Tata,490000,100000,Diesel,Individual,Manual,First Owner,27.28,1047,69.0,5,10
4663,Mahindra,440000,120000,Diesel,Individual,Manual,First Owner,15.96,2159,62.1,9,13
4664,Tata,500000,186062,Diesel,Individual,Manual,First Owner,14.0,2159,138.1,7,12
4665,Honda,476999,85000,Petrol,Individual,Manual,Higher,11.1,2159,152.925,5,21
4666,Hyundai,590000,70000,Petrol,Individual,Manual,Higher,17.19,1197,81.86,5,11
4667,Ford,500000,120000,Diesel,Individual,Manual,First Owner,13.1,2159,141.0,7,16
4668,Ford,600000,40000,Diesel,Individual,Manual,First Owner,22.77,1498,98.59,5,11
4669,Mahindra,750000,70000,Diesel,Individual,Manual,First Owner,15.4,1997,120.0,7,10
4670,Others,1320000,39000,Diesel,Dealer,Automatic,First Owner,19.59,1995,152.925,5,9
4671,Others,1320000,10000,Diesel,Dealer,Automatic,First Owner,18.12,1995,152.925,5,7
4672,Volkswagen,695000,36800,Diesel,Dealer,Manual,First Owner,20.14,1498,88.0,5,7
4673,Maruti,690000,52200,Diesel,Dealer,Manual,First Owner,26.59,1248,74.0,5,8
4674,Hyundai,409999,78000,Diesel,Dealer,Manual,First Owner,24.0,1186,73.97,5,10
4675,Tata,1320000,16000,Diesel,Dealer,Manual,First Owner,17.0,1956,152.925,5,6
4676,Others,1320000,30000,Diesel,Dealer,Automatic,First Owner,15.73,1968,152.925,5,10
4677,Hyundai,525000,29000,Diesel,Dealer,Manual,Second Owner,24.0,1186,73.97,5,9
4678,Others,1320000,25000,Diesel,Dealer,Manual,First Owner,16.3,1956,152.925,5,7
4679,Mahindra,540000,60000,Diesel,Individual,Manual,Second Owner,15.1,2159,140.0,7,13
4680,Toyota,1320000,60000,Diesel,Dealer,Automatic,Second Owner,12.55,2159,152.925,7,9
4681,Mahindra,1000000,112000,Diesel,Dealer,Manual,Second Owner,15.4,1997,120.0,7,10
4682,Others,1320000,15000,Diesel,Dealer,Automatic,First Owner,18.25,1968,152.925,5,8
4683,Mahindra,725000,40000,Diesel,Dealer,Manual,First Owner,18.49,1493,100.0,7,9
4684,Maruti,975000,36000,Diesel,Dealer,Manual,First Owner,28.09,1248,88.5,5,8
4685,Maruti,355000,60000,Petrol,Dealer,Manual,First Owner,21.79,998,67.05,5,10
4686,Honda,400000,120000,Petrol,Individual,Manual,First Owner,11.1,2159,152.925,5,18
4687,Maruti,265000,48000,Petrol,Dealer,Manual,First Owner,24.7,796,47.3,5,11
4688,Volkswagen,650000,40000,Diesel,Dealer,Manual,First Owner,20.14,1498,88.0,5,8
4689,Maruti,720000,60000,Diesel,Individual,Manual,First Owner,28.09,1248,88.5,5,9
4690,Hyundai,850000,25000,Petrol,Individual,Manual,First Owner,17.01,1591,121.3,5,10
4691,Maruti,290000,42000,Petrol,Individual,Manual,First Owner,23.95,998,67.05,5,11
4692,Others,1200000,35000,Petrol,Individual,Automatic,Second Owner,10.93,2159,152.925,5,16
4693,Mahindra,600000,90000,Diesel,Individual,Automatic,Second Owner,18.49,1493,100.0,7,10
4694,Maruti,300000,90000,Diesel,Individual,Manual,Second Owner,21.1,1248,73.9,5,15
4695,Renault,225000,110000,Diesel,Individual,Manual,Second Owner,23.08,1461,63.12,5,14
4696,Maruti,240000,70000,Diesel,Individual,Manual,Second Owner,19.3,1248,73.9,5,17
4697,Hyundai,700000,80000,Diesel,Individual,Manual,First Owner,22.32,1582,126.32,5,12
4698,Maruti,470000,70000,Diesel,Individual,Manual,Second Owner,25.2,1248,74.0,5,12
4699,Hyundai,800000,80000,Diesel,Individual,Manual,First Owner,21.19,1396,88.73,5,10
4700,Renault,450000,90000,Diesel,Individual,Manual,First Owner,19.01,1461,108.45,5,14
4701,Tata,90000,90000,Diesel,Individual,Manual,Higher,17.2,1396,53.5,5,19
4702,Toyota,450000,120000,Diesel,Individual,Manual,Second Owner,21.43,1364,87.2,5,16
4704,Toyota,1320000,62000,Diesel,Dealer,Automatic,First Owner,11.36,2159,152.925,7,9
4705,Hyundai,925000,79000,Diesel,Dealer,Manual,First Owner,19.67,1582,126.2,5,10
4706,Toyota,1320000,60000,Diesel,Dealer,Manual,Second Owner,13.68,2159,147.8,7,10
4707,Toyota,1320000,20000,Diesel,Individual,Manual,First Owner,12.55,2159,152.925,7,11
4708,Tata,80000,186062,Diesel,Individual,Manual,Second Owner,16.1,1405,70.0,5,22
4709,Mahindra,300000,110000,Diesel,Individual,Manual,Second Owner,10.5,2159,120.0,7,19
4710,Maruti,360000,100000,Diesel,Individual,Manual,First Owner,19.3,1248,73.9,5,17
4711,Hyundai,320000,70000,Diesel,Individual,Manual,Second Owner,16.2,1493,110.0,5,16
4712,Others,99000,100000,Diesel,Individual,Manual,Second Owner,12.8,1995,52.0,5,32
4713,Maruti,780000,50000,Diesel,Individual,Manual,Second Owner,24.52,1248,88.5,7,10
4714,Maruti,620000,139000,Diesel,Individual,Manual,First Owner,20.77,1248,88.76,7,13
4715,Others,100000,120000,Petrol,Individual,Manual,Higher,13.1,1781,149.5,5,20
4716,Tata,210000,35000,Petrol,Individual,Manual,Second Owner,16.7,1172,64.1,5,12
4717,Mahindra,375000,80000,Diesel,Individual,Manual,First Owner,15.96,2159,62.1,7,11
4718,Renault,786000,7720,Petrol,Individual,Manual,First Owner,20.0,999,71.0,7,7
4719,Mahindra,1000000,50000,Diesel,Individual,Manual,First Owner,15.1,2159,140.0,7,12
4720,Maruti,120000,60000,Diesel,Individual,Manual,Second Owner,20.8,1527,58.0,5,24
4721,Mahindra,750000,100000,Diesel,Individual,Manual,First Owner,20.8,1461,64.1,5,10
4722,Hyundai,550000,57882,Petrol,Individual,Manual,First Owner,18.6,1197,81.83,5,10
4723,Tata,875000,142000,Diesel,Individual,Manual,First Owner,14.1,2159,147.94,5,8
4724,Tata,890000,140000,Diesel,Individual,Manual,Higher,14.1,2159,147.94,5,8
4725,Maruti,700000,35000,Petrol,Individual,Manual,First Owner,16.02,1373,93.7,7,11
4726,Mahindra,550000,30000,Diesel,Individual,Manual,First Owner,15.96,2159,62.1,7,11
4727,Others,400000,10000,Petrol,Individual,Manual,First Owner,19.83,1198,67.0,5,8
4728,Maruti,290000,30000,Petrol,Individual,Manual,Second Owner,23.1,998,67.04,5,11
4729,Tata,150000,90000,Diesel,Individual,Manual,First Owner,19.09,1396,69.0,5,14
4730,Maruti,300000,35000,Petrol,Individual,Manual,Second Owner,15.37,1196,73.0,7,11
4732,Maruti,221000,35008,Petrol,Dealer,Manual,First Owner,21.79,998,67.05,5,18
4733,Others,270000,31100,Petrol,Dealer,Manual,First Owner,22.7,799,53.64,5,9
4734,Hyundai,455000,42312,Diesel,Dealer,Manual,First Owner,24.4,1120,71.0,5,12
4735,Toyota,300000,72000,Petrol,Dealer,Manual,First Owner,17.6,1496,88.7,5,15
4736,Toyota,480000,54891,Diesel,Dealer,Manual,First Owner,23.59,1364,67.04,5,12
4737,Hyundai,1000000,30000,Diesel,Individual,Automatic,First Owner,22.0,1582,126.2,5,8
4738,Others,1320000,44000,Diesel,Dealer,Automatic,First Owner,22.69,1995,152.925,5,9
4739,Toyota,1320000,18890,Diesel,Dealer,Automatic,First Owner,11.36,2159,152.925,7,9
4740,Hyundai,500000,5000,Petrol,Individual,Manual,First Owner,20.3,1086,68.0,5,7
4741,Mahindra,800000,117000,Diesel,Dealer,Automatic,First Owner,11.18,2159,152.925,7,13
4742,Renault,1000000,75010,Diesel,Dealer,Automatic,First Owner,13.73,1995,148.0,5,13
4743,Tata,250000,50000,Diesel,Individual,Manual,First Owner,21.02,1248,88.8,5,13
4744,Renault,245000,100000,Diesel,Dealer,Manual,First Owner,23.08,1461,63.1,5,14
4745,Hyundai,625000,4337,Petrol,Dealer,Automatic,First Owner,18.9,1197,82.0,5,7
4746,Volkswagen,560000,14495,Petrol,Dealer,Manual,First Owner,18.78,999,75.0,5,8
4747,Honda,680000,8576,Petrol,Dealer,Manual,First Owner,18.7,1199,88.7,5,8
4748,Maruti,700000,30000,Diesel,Individual,Manual,First Owner,28.4,1248,74.02,5,7
4749,Tata,220000,80000,Diesel,Individual,Manual,First Owner,23.03,1396,69.0,5,13
4750,Tata,450000,70000,Diesel,Individual,Manual,First Owner,19.09,1405,69.01,5,9
4751,Tata,525000,19723,Petrol,Dealer,Automatic,First Owner,20.3,1199,84.0,5,9
4752,Toyota,650000,186062,Diesel,Individual,Manual,Higher,12.8,2159,102.0,7,17
4753,Others,1320000,22000,Diesel,Individual,Automatic,First Owner,17.09,2159,152.925,4,8
4754,Maruti,875000,30000,Diesel,Dealer,Automatic,First Owner,28.4,1248,74.02,5,9
4755,Hyundai,785000,9000,Petrol,Dealer,Manual,First Owner,18.6,1197,81.83,5,7
4756,Honda,819999,30000,Petrol,Dealer,Manual,First Owner,17.5,1199,88.7,5,9
4757,Others,1320000,60000,Diesel,Dealer,Automatic,First Owner,21.76,1995,152.925,5,10
4758,Toyota,1320000,27000,Diesel,Dealer,Manual,First Owner,13.68,2159,147.51,7,10
4759,Honda,885000,39000,Diesel,Dealer,Manual,First Owner,25.5,1498,98.6,5,9
4760,Ford,680000,64000,Petrol,Dealer,Automatic,First Owner,16.05,1499,110.4,5,11
4761,Ford,960000,42000,Diesel,Dealer,Manual,First Owner,23.0,1498,98.96,5,9
4762,Honda,385000,45000,Petrol,Dealer,Manual,First Owner,18.5,1198,86.8,5,14
4763,Tata,1320000,15000,Diesel,Dealer,Manual,First Owner,17.0,1956,152.925,5,7
4764,Mahindra,890000,55000,Diesel,Dealer,Manual,First Owner,18.49,1493,100.0,7,8
4765,Ford,1275000,64000,Diesel,Dealer,Automatic,First Owner,11.4,2159,152.925,7,11
4766,Others,1320000,27000,Diesel,Dealer,Automatic,First Owner,17.09,2159,152.925,4,8
4767,Maruti,1025000,15000,Petrol,Dealer,Automatic,First Owner,20.28,1462,103.25,5,7
4768,Volkswagen,675000,69000,Petrol,Dealer,Automatic,First Owner,17.2,1197,103.6,5,10
4769,Maruti,700000,80000,Petrol,Dealer,Manual,First Owner,22.0,1197,81.8,5,9
4770,Ford,780000,60000,Diesel,Dealer,Manual,First Owner,22.77,1498,98.59,5,10
4771,Hyundai,1050000,70000,Diesel,Dealer,Manual,First Owner,22.32,1582,126.32,5,9
4772,Others,1320000,105000,Diesel,Dealer,Automatic,Second Owner,13.22,2159,152.925,5,11
4773,Tata,400000,100000,Diesel,Individual,Manual,First Owner,22.95,1248,74.0,5,10
4774,Mahindra,400000,100000,Diesel,Individual,Manual,First Owner,15.96,2159,62.1,9,15
4775,Maruti,85000,90000,Petrol,Individual,Manual,Second Owner,19.7,796,46.3,5,17
4776,Tata,1300000,35000,Diesel,Individual,Manual,First Owner,17.6,2159,152.925,7,8
4777,Mahindra,819999,11500,Diesel,Individual,Manual,First Owner,18.49,1493,100.0,7,8
4778,Mahindra,620000,40000,Diesel,Individual,Automatic,First Owner,18.49,1493,100.0,7,11
4779,Renault,260000,50000,Petrol,Individual,Manual,First Owner,23.01,999,67.0,5,8
4780,Hyundai,805000,49900,Petrol,Dealer,Manual,First Owner,16.3,1797,147.5,5,10
4781,Hyundai,484999,55380,Petrol,Dealer,Manual,First Owner,18.9,1197,82.0,5,11
4782,Others,1320000,9000,Diesel,Dealer,Automatic,First Owner,13.6,1999,152.925,5,9
4783,Tata,811000,11000,Petrol,Dealer,Manual,First Owner,17.0,1198,108.5,5,8
4784,Honda,575000,50000,Petrol,Individual,Automatic,First Owner,19.0,1199,88.7,5,11
4785,Others,1320000,80000,Diesel,Individual,Manual,First Owner,17.1,1956,152.925,5,8
4786,Others,645000,11000,Petrol,Dealer,Automatic,First Owner,14.3,1598,103.5,5,10
4787,Others,1320000,13500,Diesel,Dealer,Automatic,First Owner,14.74,2159,152.925,5,11
4788,Others,1320000,18000,Petrol,Dealer,Automatic,First Owner,15.04,1991,152.925,5,8
4789,Others,1320000,16000,Petrol,Dealer,Automatic,First Owner,14.74,1991,152.925,5,9
4790,Volkswagen,650000,18816,Petrol,Dealer,Manual,First Owner,17.0,1198,73.75,5,9
4791,Toyota,1320000,33019,Diesel,Dealer,Manual,First Owner,13.68,2159,147.8,7,9
4792,Honda,925000,18000,Petrol,Dealer,Automatic,First Owner,15.6,1497,116.3,5,9
4793,Toyota,894999,9654,Petrol,Dealer,Automatic,First Owner,19.56,1197,81.8,5,7
4794,Maruti,175000,11000,Petrol,Dealer,Manual,First Owner,23.95,998,67.05,5,15
4795,Maruti,340000,24300,Petrol,Dealer,Manual,First Owner,21.21,1197,81.8,5,14
4796,Toyota,1320000,42163,Diesel,Dealer,Automatic,Second Owner,11.36,2159,152.925,7,10
4797,Maruti,810000,47747,Diesel,Dealer,Manual,First Owner,28.09,1248,88.5,5,9
4798,Tata,1025000,8000,Diesel,Dealer,Automatic,First Owner,21.5,1497,108.5,5,8
4799,Others,1320000,30000,Diesel,Dealer,Automatic,First Owner,22.69,1995,152.925,5,10
4800,Toyota,910000,70000,Diesel,Individual,Manual,Second Owner,12.99,2159,100.0,8,13
4801,Tata,300000,60000,Diesel,Individual,Manual,Second Owner,17.88,1405,48.21,5,10
4802,Maruti,120000,80000,Petrol,Individual,Manual,Second Owner,17.3,993,60.0,5,22
4803,Hyundai,490000,45900,Petrol,Individual,Manual,Second Owner,18.6,1197,81.83,5,11
4804,Honda,425000,70000,Diesel,Individual,Manual,First Owner,25.8,1498,98.6,5,13
4805,Maruti,155000,40000,Petrol,Individual,Manual,First Owner,19.7,796,46.3,5,15
4806,Mahindra,490000,90000,Diesel,Individual,Manual,Second Owner,12.05,2159,120.0,8,13
4807,Maruti,132000,105000,Petrol,Individual,Manual,First Owner,19.7,796,46.3,5,16
4808,Hyundai,750000,30000,Diesel,Individual,Manual,First Owner,22.54,1396,88.76,5,8
4809,Maruti,225000,20000,Petrol,Individual,Manual,First Owner,18.9,998,67.1,5,15
4810,Hyundai,240000,80000,Petrol,Individual,Manual,First Owner,20.36,1197,78.9,5,15
4811,Maruti,33351,90000,Petrol,Individual,Manual,Higher,18.9,998,67.1,5,22
4812,Chevrolet,80000,80000,Petrol,Individual,Manual,Second Owner,18.0,995,62.0,5,16
4813,Maruti,40000,120000,Petrol,Individual,Manual,First Owner,16.1,796,37.0,4,22
4814,Honda,1100000,50000,Diesel,Individual,Manual,Second Owner,21.9,1498,98.6,7,7
4815,Others,1320000,9000,Diesel,Dealer,Automatic,First Owner,13.6,1999,152.925,5,9
4816,Others,1320000,20000,Petrol,Dealer,Automatic,First Owner,22.37,2159,152.925,5,7
4817,Others,1320000,45000,Diesel,Dealer,Automatic,First Owner,19.33,1999,152.925,5,9
4818,Tata,503000,110000,Diesel,Individual,Manual,First Owner,14.1,2159,147.94,7,11
4819,Others,1320000,20000,Diesel,Individual,Automatic,First Owner,18.0,1969,152.925,5,7
4820,Toyota,1320000,68089,Petrol,Dealer,Automatic,First Owner,19.16,2159,152.925,5,10
4821,Maruti,225000,58343,Petrol,Dealer,Manual,First Owner,21.79,998,67.05,5,13
4822,Maruti,740000,38817,Diesel,Dealer,Manual,First Owner,27.39,1248,74.0,5,8
4823,Honda,550000,56494,Petrol,Dealer,Manual,First Owner,18.2,1199,88.7,5,10
4824,Toyota,750000,79328,Diesel,Dealer,Manual,Second Owner,12.99,2159,100.6,7,13
4825,Maruti,650000,5621,Petrol,Dealer,Automatic,First Owner,22.0,1197,81.8,5,7
4826,Toyota,625000,25538,Petrol,Dealer,Manual,First Owner,16.78,1496,88.73,5,9
4827,Maruti,600000,69779,Petrol,Dealer,Automatic,First Owner,22.0,1197,81.8,5,8
4828,Hyundai,450000,56290,Diesel,Dealer,Manual,First Owner,24.0,1186,73.97,5,9
4829,Others,1320000,7500,Diesel,Dealer,Automatic,First Owner,16.78,1995,152.925,5,7
4830,Others,1320000,8500,Diesel,Dealer,Automatic,First Owner,16.78,1995,152.925,5,7
4831,Honda,779000,7032,Petrol,Dealer,Automatic,First Owner,19.0,1199,88.76,5,7
4832,Others,645000,11000,Petrol,Dealer,Automatic,First Owner,14.3,1598,103.5,5,10
4833,Others,1320000,2000,Diesel,Dealer,Automatic,First Owner,16.8,1984,150.0,5,8
4834,Hyundai,380000,80000,Diesel,Individual,Manual,Second Owner,24.4,1120,71.0,5,10
4835,Tata,300000,120000,Diesel,Individual,Manual,Second Owner,11.57,2159,138.1,7,15
4836,Maruti,240000,50000,Petrol,Individual,Manual,First Owner,22.74,796,47.3,5,12
4837,Maruti,325000,70000,Diesel,Individual,Manual,First Owner,22.9,1248,74.0,5,15
4838,Mahindra,400000,130000,Diesel,Individual,Manual,First Owner,25.32,1198,77.0,6,10
4839,Renault,800000,50000,Diesel,Individual,Manual,First Owner,21.04,1461,83.8,8,9
4840,Ford,950000,80000,Diesel,Individual,Manual,First Owner,23.0,1498,98.96,5,8
4841,Maruti,300000,120000,Diesel,Individual,Manual,Higher,22.9,1248,74.0,5,13
4842,Maruti,350000,5000,Petrol,Individual,Manual,First Owner,22.05,796,47.3,5,6
4843,Mahindra,530000,59000,Petrol,Individual,Manual,First Owner,18.15,1198,82.0,5,9
4844,Chevrolet,350000,100000,Diesel,Individual,Manual,Higher,18.2,1248,73.8,7,13
4845,Hyundai,168000,50000,Petrol,Individual,Automatic,First Owner,11.0,2159,152.925,5,18
4846,Renault,240000,45000,Petrol,Individual,Manual,Second Owner,25.17,799,53.3,5,10
4847,Maruti,220000,80000,Diesel,Individual,Manual,Higher,19.3,1248,73.9,5,16
4848,Maruti,110000,80000,Petrol,Individual,Manual,Higher,18.9,1061,67.0,5,18
4849,Maruti,850000,100000,Diesel,Individual,Manual,First Owner,24.3,1248,88.5,5,10
4850,Maruti,545000,110000,Diesel,Individual,Manual,First Owner,20.77,1248,88.76,7,12
4851,Toyota,1320000,24000,Diesel,Individual,Manual,First Owner,13.68,2159,147.8,8,8
4852,Maruti,950000,25000,Diesel,Individual,Manual,First Owner,25.1,1248,88.5,5,8
4853,Hyundai,200000,68697,Petrol,Individual,Manual,Higher,21.1,814,55.2,5,13
4854,Maruti,660000,30000,Diesel,Individual,Manual,First Owner,25.2,1248,74.0,5,9
4855,Honda,420000,40000,Diesel,Individual,Manual,Second Owner,25.8,1498,98.6,5,13
4856,Tata,150000,29000,Petrol,Individual,Manual,First Owner,16.5,1172,65.0,5,16
4857,Chevrolet,175000,68000,Diesel,Individual,Manual,Second Owner,25.44,936,57.6,5,13
4858,Honda,750000,15000,Petrol,Individual,Automatic,First Owner,18.1,1199,88.7,5,8
4859,Maruti,425000,70000,Diesel,Individual,Manual,First Owner,23.2,1248,73.94,5,12
4860,Toyota,790000,126000,Diesel,Individual,Manual,Higher,21.43,1364,87.2,5,11
4861,Toyota,830000,186062,Diesel,Individual,Manual,Higher,12.8,2159,102.0,7,15
4862,Honda,650000,94000,Diesel,Individual,Manual,Second Owner,24.5,1498,98.6,7,11
4863,Toyota,780000,129000,Diesel,Individual,Manual,Higher,21.43,1364,87.2,5,11
4864,Hyundai,180000,55000,Petrol,Individual,Manual,Second Owner,19.81,1086,68.05,5,16
4865,Ford,869999,40000,Diesel,Individual,Manual,First Owner,23.0,1498,98.96,5,7
4866,Tata,275000,50000,Diesel,Individual,Manual,First Owner,21.12,1248,88.8,5,15
4867,Hyundai,630000,25000,Petrol,Individual,Manual,Second Owner,18.6,1197,81.83,5,9
4868,Toyota,150000,60000,Petrol,Individual,Manual,Second Owner,13.4,1794,125.0,5,18
4869,Maruti,315000,25000,Petrol,Individual,Manual,First Owner,22.74,796,47.3,5,10
4870,Tata,189000,70000,Diesel,Individual,Manual,Second Owner,23.57,1396,70.0,5,15
4871,Maruti,580000,120000,Diesel,Individual,Manual,First Owner,23.4,1248,74.0,5,12
4873,Maruti,825000,35000,Diesel,Individual,Manual,First Owner,24.3,1248,88.5,5,8
4874,Tata,650000,60000,Diesel,Individual,Manual,Second Owner,14.1,2159,148.0,7,10
4875,Honda,50000,62000,Petrol,Individual,Manual,Second Owner,13.0,1343,90.0,5,22
4876,Others,200000,120000,Petrol,Individual,Manual,Second Owner,16.25,1198,73.9,5,15
4877,Tata,135000,120000,Diesel,Individual,Manual,Higher,15.42,1405,70.0,7,13
4878,Hyundai,680000,80000,Diesel,Individual,Manual,First Owner,22.54,1396,88.73,5,9
4879,Hyundai,670000,80000,Diesel,Individual,Manual,First Owner,22.54,1396,88.73,5,9
4880,Others,1000000,60000,Diesel,Individual,Automatic,First Owner,16.73,1995,152.925,5,16
4881,Maruti,240000,80000,Petrol,Individual,Manual,Second Owner,20.92,998,67.1,5,16
4882,Others,555000,147279,Diesel,Individual,Manual,Second Owner,17.0,2159,139.01,7,12
4883,Others,455000,98000,Diesel,Individual,Manual,First Owner,20.5,1598,103.5,5,13
4884,Maruti,750000,25000,Diesel,Individual,Manual,First Owner,28.4,1248,74.02,5,8
4885,Maruti,700000,90000,Diesel,Individual,Automatic,First Owner,26.59,1248,74.0,5,10
4886,Tata,220000,22000,Petrol,Individual,Automatic,First Owner,21.9,624,37.48,4,10
4887,Tata,160000,120000,Diesel,Individual,Manual,First Owner,25.0,1396,69.0,5,12
4888,Chevrolet,225000,100000,Diesel,Individual,Manual,Second Owner,22.1,1248,76.9,5,13
4889,Tata,140000,120000,Diesel,Individual,Manual,Second Owner,19.09,1396,69.0,5,18
4890,Maruti,600000,70000,Diesel,Individual,Manual,Second Owner,23.4,1248,74.0,5,12
4891,Mahindra,1000000,24700,Diesel,Individual,Manual,First Owner,16.0,2159,140.0,7,11
4892,Chevrolet,65000,100000,Petrol,Individual,Manual,Higher,18.0,995,62.0,5,18
4893,Maruti,500000,10000,Petrol,Individual,Manual,First Owner,20.89,1197,81.8,5,7
4894,Mahindra,1100000,88754,Diesel,Dealer,Manual,First Owner,16.0,2159,140.0,7,9
4896,Mahindra,1150000,43526,Diesel,Dealer,Manual,First Owner,16.0,2159,140.0,7,9
4897,Others,320000,55885,Petrol,Dealer,Manual,First Owner,16.25,1198,75.0,5,14
4898,Ford,950000,16034,Diesel,Dealer,Manual,First Owner,21.7,1498,98.96,5,7
4899,Ford,250000,156040,Diesel,Dealer,Manual,First Owner,20.0,1399,68.0,5,14
4900,Ford,400000,93415,Diesel,Dealer,Manual,First Owner,13.1,2159,141.0,7,22
4901,Others,1100000,122000,Diesel,Individual,Automatic,Second Owner,18.48,1995,152.925,5,18
4902,Maruti,600000,20000,Diesel,Individual,Manual,First Owner,27.39,1248,74.0,5,9
4903,Maruti,509999,46000,Petrol,Individual,Manual,First Owner,22.0,1197,81.8,5,9
4904,Others,395000,50000,Petrol,Individual,Manual,Higher,15.41,1598,103.2,5,10
4905,Maruti,469000,5000,Petrol,Individual,Manual,First Owner,21.79,998,67.05,5,8
4906,Maruti,250000,42000,Petrol,Individual,Manual,First Owner,24.7,796,47.3,5,9
4907,Chevrolet,130000,68519,Petrol,Dealer,Manual,First Owner,16.2,995,62.1,5,15
4908,Ford,906000,30000,Diesel,Individual,Manual,First Owner,23.0,1498,98.96,5,7
4909,Ford,160000,85000,Diesel,Individual,Manual,First Owner,20.0,1399,68.0,5,15
4910,Maruti,300000,88000,Petrol,Individual,Manual,First Owner,17.5,1298,85.8,5,14
4911,Maruti,60000,100000,Petrol,Individual,Manual,Higher,14.0,796,37.5,5,16
4912,Maruti,400000,100000,Petrol,Individual,Manual,Second Owner,19.1,1197,85.8,5,12
4913,Tata,450000,22966,Petrol,Dealer,Manual,First Owner,23.84,1199,84.48,5,8
4914,Mahindra,465000,80000,Diesel,Individual,Manual,Second Owner,15.96,2159,62.1,7,12
4915,Maruti,325000,80000,Diesel,Individual,Manual,Second Owner,22.9,1248,74.0,5,14
4916,Maruti,150000,70000,Petrol,Individual,Manual,Second Owner,19.7,796,46.3,5,18
4917,Hyundai,250000,2350,Petrol,Individual,Manual,First Owner,21.1,814,55.2,5,12
4918,Maruti,175000,50000,Petrol,Individual,Manual,First Owner,19.7,796,46.3,5,15
4919,Maruti,175000,58000,Petrol,Individual,Manual,First Owner,19.7,796,46.3,5,16
4920,Honda,150000,80000,Petrol,Individual,Manual,Second Owner,16.9,1497,100.0,5,20
4921,Mahindra,797000,60000,Diesel,Individual,Manual,First Owner,16.5,1493,70.0,7,8
4922,Hyundai,800000,35000,Petrol,Individual,Manual,First Owner,18.6,1197,81.86,5,7
4923,Mahindra,750000,59872,Diesel,Individual,Manual,First Owner,15.96,2159,62.1,7,7
4924,Mahindra,400000,140000,Diesel,Individual,Manual,Second Owner,13.5,2159,115.0,5,15
4925,Maruti,160000,110000,Petrol,Individual,Manual,First Owner,19.7,796,46.3,5,14
4926,Mahindra,700000,91182,Diesel,Individual,Manual,First Owner,15.96,2159,62.1,7,10
4927,Maruti,160000,60000,Petrol,Individual,Manual,Higher,19.7,796,46.3,5,16
4928,Hyundai,400000,100000,Diesel,Individual,Manual,First Owner,21.27,1396,88.76,5,14
4929,Toyota,451000,120000,Diesel,Individual,Manual,First Owner,23.59,1364,67.06,5,13
4930,Maruti,40000,80000,Petrol,Individual,Manual,First Owner,16.1,796,37.0,4,24
4931,Tata,300000,70000,Diesel,Individual,Manual,Higher,21.12,1248,88.8,5,14
4932,Maruti,421000,59500,Petrol,Individual,Manual,Second Owner,23.1,998,67.04,5,9
4934,Maruti,950000,45000,Diesel,Individual,Manual,First Owner,24.3,1248,88.5,5,10
4935,Hyundai,395000,75500,Diesel,Individual,Manual,Second Owner,23.0,1396,90.0,5,15
4936,Maruti,950000,46000,Diesel,Individual,Manual,Second Owner,24.3,1248,88.5,5,10
4937,Maruti,270000,60000,Petrol,Individual,Manual,First Owner,22.74,796,47.3,5,13
4938,Hyundai,360000,60000,Petrol,Individual,Automatic,Second Owner,15.0,1396,100.0,5,17
4939,Maruti,235000,152500,Diesel,Individual,Manual,First Owner,17.8,1248,75.0,5,18
4940,Others,1320000,60000,Diesel,Individual,Automatic,Second Owner,13.0,2143,152.925,5,12
4941,Toyota,1320000,130000,Diesel,Individual,Automatic,First Owner,12.55,2159,152.925,7,11
4942,Hyundai,550000,23456,Petrol,Dealer,Manual,First Owner,18.9,1197,82.0,5,9
4943,Mahindra,1225000,39000,Diesel,Dealer,Manual,First Owner,16.0,2159,140.0,7,11
4944,Honda,700000,15000,Petrol,Individual,Manual,First Owner,17.5,1199,88.7,5,9
4945,Others,1320000,69123,Diesel,Dealer,Manual,First Owner,17.1,1956,152.925,5,9
4946,Honda,376000,26000,Petrol,Individual,Manual,First Owner,19.4,1198,86.8,5,14
4947,Ford,875000,77524,Diesel,Dealer,Manual,First Owner,22.7,1498,89.84,5,9
4948,Hyundai,459999,40523,Petrol,Dealer,Manual,Second Owner,18.5,1197,82.85,5,12
4949,Maruti,755000,39000,Diesel,Dealer,Manual,First Owner,28.4,1248,74.0,5,8
4950,Others,1320000,7800,Petrol,Dealer,Automatic,Higher,15.26,1798,152.925,5,7
4951,Others,1320000,11500,Petrol,Dealer,Automatic,Higher,15.26,1798,152.925,5,7
4952,Others,1320000,23600,Petrol,Dealer,Automatic,Higher,15.26,1798,152.925,5,7
4953,Toyota,1050000,186062,Diesel,Individual,Manual,Second Owner,11.5,2159,152.925,7,16
4955,Mahindra,1050000,120000,Diesel,Individual,Manual,Second Owner,15.1,2159,140.0,7,11
4956,Maruti,800000,25000,Petrol,Individual,Automatic,First Owner,21.4,1197,83.1,5,8
4957,Maruti,600000,31000,Diesel,Individual,Manual,Second Owner,25.2,1248,74.0,5,11
4958,Maruti,530000,42000,Petrol,Individual,Manual,First Owner,21.4,1197,83.1,5,9
4959,Maruti,450000,80000,Petrol,Individual,Manual,First Owner,20.85,1197,83.14,5,11
4960,Maruti,235000,60000,Petrol,Individual,Manual,First Owner,20.92,998,67.1,5,15
4961,Maruti,550000,186062,Diesel,Individual,Manual,First Owner,23.4,1248,74.0,5,13
4962,Others,395000,35000,Petrol,Individual,Automatic,Second Owner,14.3,1598,103.5,5,13
4963,Tata,450000,35000,Petrol,Individual,Manual,First Owner,20.3,1199,84.0,5,8
4964,Renault,600000,5000,Petrol,Individual,Manual,First Owner,20.0,999,72.0,7,7
4965,Maruti,610000,110000,Diesel,Individual,Manual,First Owner,24.3,1248,88.5,5,10
4966,Hyundai,690000,20000,Petrol,Individual,Manual,First Owner,18.6,1197,81.83,5,9
4967,Tata,790000,15000,Petrol,Individual,Manual,First Owner,17.0,1198,108.5,5,8
4968,Maruti,254999,40000,Petrol,Individual,Manual,Second Owner,20.92,998,67.1,5,12
4969,Honda,500000,41000,Petrol,Individual,Manual,First Owner,18.7,1199,88.7,5,10
4970,Mahindra,340000,100000,Diesel,Individual,Manual,Second Owner,13.6,2159,63.0,7,15
4971,Tata,150000,120000,Diesel,Individual,Manual,First Owner,12.2,1948,68.0,9,18
4972,Mahindra,245000,110000,Diesel,Individual,Manual,Higher,13.6,2159,63.0,7,19
4973,Volkswagen,515000,120000,Diesel,Individual,Manual,Second Owner,20.34,1498,103.2,5,11
4974,Others,122000,60000,Diesel,Individual,Manual,Second Owner,12.8,1995,52.0,5,18
4975,Hyundai,160000,35000,Petrol,Individual,Manual,Higher,19.81,1086,68.05,5,17
4976,Maruti,110000,120000,Petrol,Individual,Manual,Second Owner,19.7,796,46.3,5,19
4977,Maruti,360000,70000,Diesel,Individual,Manual,First Owner,25.2,1248,74.0,5,12
4979,Hyundai,260000,90000,Diesel,Individual,Manual,Higher,16.2,1493,110.0,5,15
4980,Maruti,128000,60000,Petrol,Individual,Manual,Second Owner,19.7,796,46.3,5,19
4981,Hyundai,600000,80000,Diesel,Individual,Manual,Second Owner,23.9,1582,126.2,5,11
4982,Toyota,800000,151000,Diesel,Individual,Manual,Second Owner,11.5,2159,152.925,7,16
4983,Maruti,675000,25000,Diesel,Individual,Manual,First Owner,28.4,1248,74.02,5,7
4984,Mahindra,1000000,24700,Diesel,Individual,Manual,First Owner,16.0,2159,140.0,7,11
4985,Chevrolet,65000,100000,Petrol,Individual,Manual,Higher,18.0,995,62.0,5,18
4986,Maruti,500000,10000,Petrol,Individual,Manual,First Owner,20.89,1197,81.8,5,7
4987,Maruti,300000,50000,Petrol,Individual,Manual,First Owner,15.0,1586,104.68,5,16
4988,Maruti,125000,80000,Petrol,Individual,Manual,First Owner,16.1,796,37.0,4,17
4989,Hyundai,550000,25000,Petrol,Individual,Manual,First Owner,18.9,1197,82.0,5,9
4990,Maruti,150000,80000,Petrol,Individual,Manual,Higher,19.7,796,46.3,5,19
4991,Mahindra,891000,80000,Diesel,Individual,Manual,First Owner,15.4,2159,120.0,7,9
4992,Toyota,1050000,70000,Diesel,Individual,Manual,First Owner,12.99,2159,100.6,7,11
4993,Maruti,750000,15000,Petrol,Individual,Manual,First Owner,21.1,998,100.5,5,8
4994,Hyundai,380000,27500,Petrol,Individual,Manual,First Owner,18.5,1197,82.9,5,14
4995,Toyota,800000,110000,Diesel,Individual,Manual,Second Owner,12.99,2159,100.6,8,13
4996,Mahindra,200000,120000,Petrol,Individual,Manual,First Owner,15.7,1390,75.0,5,16
4997,Maruti,700000,70000,Diesel,Individual,Manual,First Owner,28.09,1248,88.5,5,10
4998,Toyota,229999,186062,Diesel,Individual,Manual,First Owner,13.1,2159,75.0,10,24
4999,Honda,300000,74000,Petrol,Individual,Manual,Second Owner,12.8,2159,152.925,5,16
5000,Honda,670000,120000,Diesel,Individual,Manual,First Owner,24.2,1498,98.6,7,11
5001,Honda,210000,140000,Petrol,Individual,Manual,First Owner,17.7,1497,78.0,5,19
5002,Maruti,370000,40000,Petrol,Individual,Manual,First Owner,20.89,1197,81.8,5,9
5003,Maruti,600000,20000,Petrol,Individual,Automatic,First Owner,21.4,1197,83.1,5,7
5004,Maruti,810000,15000,Diesel,Individual,Manual,First Owner,24.3,1248,88.5,5,6
5006,Tata,346000,16000,Petrol,Individual,Manual,First Owner,23.84,1199,84.0,5,7
5007,Honda,55000,130000,Petrol,Individual,Manual,First Owner,13.0,1343,90.0,5,21
5008,Tata,250000,118000,Diesel,Individual,Manual,Second Owner,13.93,2159,138.03,7,14
5009,Maruti,120000,44000,Petrol,Individual,Manual,Second Owner,16.1,1298,88.2,5,20
5010,Maruti,600000,50000,Diesel,Individual,Manual,Second Owner,20.77,1248,88.8,7,13
5011,Maruti,330000,60000,Petrol,Individual,Manual,First Owner,15.37,1196,73.0,5,10
5012,Hyundai,400000,147000,Petrol,Individual,Manual,Second Owner,18.6,1197,81.83,5,12
5013,Tata,100000,40000,Diesel,Individual,Manual,Second Owner,16.8,1405,62.0,5,22
5014,Maruti,450000,100000,Petrol,Individual,Manual,Higher,19.1,1197,85.8,5,12
5015,Maruti,800000,55000,Diesel,Individual,Manual,First Owner,24.52,1248,88.5,7,9
5016,Maruti,340000,40000,Diesel,Individual,Manual,Second Owner,27.62,793,47.0,5,11
5017,Maruti,225000,64000,Diesel,Individual,Manual,Higher,21.1,1248,73.9,5,16
5018,Maruti,55000,100000,Petrol,Individual,Manual,Second Owner,17.3,993,60.0,5,24
5019,Maruti,900000,50000,Diesel,Individual,Manual,First Owner,24.52,1248,88.5,7,10
5020,Others,1320000,30000,Diesel,Individual,Automatic,First Owner,9.0,1984,152.925,5,12
5021,Maruti,465000,30000,Petrol,Individual,Manual,First Owner,20.51,998,67.04,5,8
5022,Maruti,70000,150000,Petrol,Individual,Manual,First Owner,17.3,993,60.0,5,22
5023,Tata,400000,24177,Petrol,Individual,Manual,First Owner,17.57,1193,88.7,5,10
5024,Tata,185000,80000,Diesel,Individual,Manual,First Owner,16.1,1405,70.0,5,14
5025,Maruti,140000,150000,Petrol,Individual,Manual,Second Owner,18.9,998,67.1,5,20
5026,Renault,415000,120000,Diesel,Individual,Manual,Second Owner,21.04,1461,83.8,7,11
5027,Mahindra,532000,121779,Diesel,Individual,Manual,First Owner,12.05,2159,120.0,8,14
5028,Maruti,600000,56000,Diesel,Individual,Manual,First Owner,27.39,1248,74.0,5,9
5029,Maruti,150000,100000,Petrol,Individual,Manual,Higher,15.0,1586,104.68,5,18
5030,Maruti,459999,12000,Petrol,Individual,Manual,First Owner,20.4,1197,81.8,5,8
5031,Maruti,800000,15381,Diesel,Individual,Manual,First Owner,24.3,1248,88.5,5,9
5032,Mahindra,310000,5000,Diesel,Individual,Manual,First Owner,13.6,2159,63.0,7,15
5033,Others,475000,40000,Diesel,Individual,Manual,First Owner,19.01,1461,108.5,5,12
5034,Maruti,310000,35000,Other,Individual,Manual,Second Owner,26.6,998,58.16,5,10
5035,Maruti,350000,10000,Petrol,Individual,Manual,First Owner,23.95,998,67.05,5,8
5036,Mahindra,1320000,10000,Diesel,Individual,Manual,First Owner,16.0,2159,140.0,7,7
5037,Maruti,640000,25000,Petrol,Individual,Automatic,First Owner,22.0,1197,81.8,5,8
5038,Maruti,350000,50000,Petrol,Individual,Automatic,First Owner,20.51,998,67.0,5,9
5039,Tata,600000,30000,Petrol,Individual,Manual,First Owner,17.0,1198,108.5,5,8
5040,Hyundai,575000,23000,Diesel,Individual,Manual,First Owner,23.9,1582,126.2,5,11
5041,Mahindra,974000,15000,Diesel,Individual,Manual,First Owner,16.55,2159,105.0,6,7
5042,Maruti,445000,5000,Petrol,Individual,Automatic,Second Owner,20.51,998,67.0,5,8
5043,Maruti,580000,15000,Diesel,Individual,Manual,Second Owner,20.77,1248,88.76,7,11
5044,Hyundai,1050000,20000,Diesel,Individual,Manual,First Owner,22.1,1396,88.7,5,6
5045,Ford,600000,50000,Diesel,Individual,Manual,First Owner,22.77,1498,98.59,5,11
5046,Ford,370000,40000,Petrol,Individual,Manual,Second Owner,18.16,1196,86.8,5,9
5047,Maruti,150000,70000,Petrol,Individual,Manual,Higher,18.2,1061,64.0,5,19
5048,Maruti,483000,15000,Petrol,Individual,Manual,First Owner,23.1,998,67.04,5,9
5049,Hyundai,470000,10000,Petrol,Individual,Manual,First Owner,18.9,1197,82.0,5,10
5050,Maruti,950000,25000,Diesel,Individual,Manual,First Owner,24.3,1248,88.5,5,8
5051,Hyundai,450000,50000,Petrol,Individual,Manual,Higher,17.01,1591,121.3,5,13
5052,Toyota,345000,70000,Petrol,Individual,Manual,First Owner,17.6,1496,88.7,5,15
5053,Maruti,600000,5000,Petrol,Individual,Automatic,First Owner,20.89,1197,81.8,5,6
5054,Maruti,300000,60000,Petrol,Individual,Manual,First Owner,19.0,998,66.1,5,17
5055,Maruti,160000,74800,Petrol,Individual,Manual,Second Owner,18.2,998,67.1,5,19
5056,Maruti,120000,80000,Petrol,Individual,Manual,Second Owner,16.1,796,37.0,4,22
5057,Maruti,220000,186062,Other,Individual,Manual,First Owner,21.94,1196,61.7,5,14
5058,Hyundai,340000,120000,Petrol,Individual,Manual,First Owner,20.3,998,68.05,5,8
5059,Honda,138000,120000,Petrol,Individual,Manual,Second Owner,17.7,1497,78.0,5,19
5061,Maruti,231000,80000,Petrol,Individual,Manual,Higher,17.5,1298,85.8,5,16
5062,Mahindra,800000,120000,Diesel,Individual,Manual,Second Owner,15.1,2159,140.0,7,13
5063,Mahindra,960000,20000,Petrol,Individual,Manual,First Owner,17.0,1197,108.6,5,7
5064,Maruti,120000,70000,Petrol,Individual,Manual,Second Owner,18.9,1061,67.0,5,17
5065,Maruti,270000,40000,Petrol,Individual,Manual,First Owner,18.9,998,67.1,5,14
5066,Maruti,200000,100000,Petrol,Individual,Manual,Second Owner,21.1,1197,85.8,5,15
5067,Maruti,328000,123000,Petrol,Individual,Manual,First Owner,18.6,1197,85.8,5,14
5068,Hyundai,432000,77000,Diesel,Individual,Manual,First Owner,22.32,1582,126.32,5,14
5069,Volkswagen,565000,7000,Petrol,Individual,Manual,First Owner,18.78,999,75.0,5,7
5070,Maruti,390000,70000,Petrol,Individual,Manual,First Owner,15.37,1196,73.0,5,9
5071,Ford,600000,30000,Diesel,Individual,Manual,First Owner,25.83,1498,99.0,5,9
5072,Hyundai,250000,120000,Diesel,Individual,Manual,Higher,23.0,1396,90.0,5,15
5073,Chevrolet,165000,70000,Petrol,Individual,Manual,First Owner,18.0,995,62.0,5,15
5074,Honda,421000,105000,Petrol,Individual,Manual,First Owner,17.0,1497,118.0,5,15
5075,Hyundai,225000,109322,Petrol,Individual,Manual,Second Owner,16.36,1495,93.7,5,14
5076,Others,350000,120000,Diesel,Individual,Manual,First Owner,21.64,1461,84.8,5,13
5077,Others,1320000,24000,Diesel,Individual,Manual,First Owner,17.1,1956,152.925,5,8
5078,Maruti,600000,70000,Diesel,Individual,Manual,Second Owner,27.39,1248,74.0,5,11
5079,Tata,515000,35000,Petrol,Individual,Manual,First Owner,24.0,1199,83.81,5,8
5080,Maruti,80000,80000,Petrol,Individual,Manual,Higher,16.1,796,37.0,4,27
5081,Maruti,800000,70000,Diesel,Individual,Manual,Second Owner,23.65,1248,88.5,5,9
5082,Mahindra,120000,100000,Diesel,Individual,Manual,Higher,10.5,2159,120.0,7,22
5083,Others,1320000,9000,Diesel,Dealer,Automatic,First Owner,13.6,1999,152.925,5,9
5084,Others,1320000,20000,Petrol,Dealer,Automatic,First Owner,22.37,2159,152.925,5,7
5085,Others,1320000,45000,Diesel,Dealer,Automatic,First Owner,19.33,1999,152.925,5,9
5086,Tata,503000,110000,Diesel,Individual,Manual,First Owner,14.1,2159,147.94,7,11
5087,Others,1320000,20000,Diesel,Individual,Automatic,First Owner,18.0,1969,152.925,5,7
5088,Toyota,1320000,68089,Petrol,Dealer,Automatic,First Owner,19.16,2159,152.925,5,10
5089,Maruti,225000,58343,Petrol,Dealer,Manual,First Owner,21.79,998,67.05,5,13
5090,Maruti,740000,38817,Diesel,Dealer,Manual,First Owner,27.39,1248,74.0,5,8
5091,Honda,550000,56494,Petrol,Dealer,Manual,First Owner,18.2,1199,88.7,5,10
5092,Toyota,750000,79328,Diesel,Dealer,Manual,Second Owner,12.99,2159,100.6,7,13
5093,Maruti,650000,5621,Petrol,Dealer,Automatic,First Owner,22.0,1197,81.8,5,7
5094,Toyota,625000,25538,Petrol,Dealer,Manual,First Owner,16.78,1496,88.73,5,9
5095,Maruti,600000,69779,Petrol,Dealer,Automatic,First Owner,22.0,1197,81.8,5,8
5096,Hyundai,450000,56290,Diesel,Dealer,Manual,First Owner,24.0,1186,73.97,5,9
5097,Others,1320000,7500,Diesel,Dealer,Automatic,First Owner,16.78,1995,152.925,5,7
5098,Others,1320000,8500,Diesel,Dealer,Automatic,First Owner,16.78,1995,152.925,5,7
5099,Honda,779000,7032,Petrol,Dealer,Automatic,First Owner,19.0,1199,88.76,5,7
5100,Others,645000,11000,Petrol,Dealer,Automatic,First Owner,14.3,1598,103.5,5,10
5101,Others,1320000,2000,Diesel,Dealer,Automatic,First Owner,16.8,1984,150.0,5,8
5102,Maruti,475000,40000,Petrol,Individual,Manual,First Owner,20.51,998,67.04,5,9
5103,Maruti,400000,20000,Petrol,Individual,Automatic,First Owner,20.51,998,67.0,5,11
5105,Others,300000,60000,Diesel,Individual,Manual,First Owner,20.3,1248,75.0,5,15
5106,Mahindra,400000,186062,Diesel,Individual,Manual,Higher,13.5,2159,115.0,5,15
5107,Maruti,235000,70000,Petrol,Individual,Manual,Second Owner,17.3,1061,64.0,5,17
5108,Maruti,350000,40000,Petrol,Individual,Manual,Second Owner,20.51,998,67.04,5,11
5109,Maruti,625000,34000,Diesel,Individual,Manual,Second Owner,28.4,1248,74.02,5,9
5110,Mahindra,525000,120000,Diesel,Individual,Manual,First Owner,15.1,2159,140.0,7,12
5111,Tata,550000,10000,Petrol,Individual,Manual,First Owner,20.3,1199,84.0,5,8
5112,Mahindra,550000,80000,Diesel,Individual,Manual,Second Owner,15.96,2159,62.1,7,11
5113,Honda,200000,100000,Petrol,Individual,Manual,Second Owner,17.7,1497,78.0,5,20
5114,Mahindra,350000,120000,Diesel,Individual,Manual,First Owner,13.0,2159,95.0,8,15
5115,Honda,220000,100000,Petrol,Individual,Manual,Second Owner,17.7,1497,78.0,5,20
5116,Hyundai,412000,25000,Petrol,Individual,Manual,First Owner,18.9,1197,82.0,5,10
5117,Maruti,126000,52000,Petrol,Individual,Manual,Second Owner,18.9,1061,67.0,5,17
5118,Maruti,430000,63000,Diesel,Individual,Manual,First Owner,23.4,1248,74.0,5,13
5119,Maruti,130000,90000,Petrol,Individual,Manual,Second Owner,19.0,998,66.1,5,17
5120,Tata,350000,60000,Petrol,Individual,Manual,First Owner,23.84,1199,84.0,5,9
5121,Maruti,220000,35000,Petrol,Individual,Manual,First Owner,19.7,796,46.3,5,15
5122,Mahindra,380000,80000,Diesel,Individual,Manual,First Owner,13.6,2159,63.0,7,15
5123,Ford,200000,110000,Diesel,Individual,Manual,Second Owner,20.0,1399,68.0,5,16
5124,Toyota,1320000,20000,Diesel,Individual,Manual,First Owner,12.55,2159,152.925,7,11
5125,Ford,610000,90000,Diesel,Individual,Manual,First Owner,22.77,1498,98.59,5,11
5126,Others,1320000,30000,Petrol,Individual,Automatic,Second Owner,15.71,1998,152.925,5,10
5127,Maruti,620000,61000,Diesel,Individual,Manual,First Owner,26.59,1248,74.0,5,9
5128,Maruti,150000,66000,Petrol,Individual,Manual,First Owner,14.7,796,37.0,8,13
5129,Others,450000,80000,Petrol,Individual,Manual,First Owner,20.62,1198,67.0,7,8
5130,Hyundai,1150000,27000,Diesel,Individual,Manual,Second Owner,19.67,1582,126.2,5,9
5131,Mahindra,500000,60000,Petrol,Individual,Manual,First Owner,18.15,1198,82.0,6,8
5132,Maruti,246000,139000,Petrol,Individual,Manual,First Owner,18.9,998,67.1,5,15
5133,Maruti,400000,60000,Other,Individual,Manual,First Owner,21.94,1196,61.7,5,9
5134,Maruti,65000,10000,Petrol,Individual,Manual,Second Owner,16.1,796,37.0,4,18
5135,Ford,725000,30000,Diesel,Individual,Manual,First Owner,21.7,1498,98.96,5,10
5136,Hyundai,736000,125000,Diesel,Individual,Automatic,First Owner,22.32,1582,126.32,5,12
5137,Maruti,700000,45000,Diesel,Individual,Manual,First Owner,28.4,1248,74.02,5,8
5138,Chevrolet,150000,30000,Petrol,Individual,Manual,First Owner,18.0,995,62.0,5,15
5139,Maruti,180000,80500,Petrol,Individual,Manual,Second Owner,19.7,796,46.3,5,16
5140,Toyota,409999,186062,Diesel,Individual,Manual,First Owner,23.59,1364,67.04,5,12
5141,Mahindra,550000,60000,Diesel,Individual,Manual,First Owner,15.96,2159,62.1,7,13
5142,Maruti,50000,18000,Petrol,Individual,Manual,Second Owner,16.1,796,37.0,4,22
5143,Maruti,80000,110000,Diesel,Individual,Manual,Second Owner,20.8,1527,58.0,5,20
5144,Maruti,110000,90000,Petrol,Individual,Manual,Second Owner,19.7,796,46.3,5,21
5145,Honda,180000,120000,Petrol,Individual,Manual,Second Owner,17.7,1497,78.0,5,20
5146,Maruti,605000,127000,Diesel,Individual,Manual,First Owner,28.4,1248,74.02,5,9
5147,Maruti,800000,70000,Diesel,Individual,Manual,First Owner,24.52,1248,88.5,7,9
5148,Hyundai,350000,116500,Diesel,Individual,Manual,First Owner,23.0,1396,90.0,5,15
5149,Hyundai,300000,120000,Petrol,Individual,Manual,First Owner,18.5,1197,82.85,5,14
5150,Hyundai,160000,100000,Petrol,Individual,Manual,Higher,13.9,1599,103.2,5,18
5151,Ford,225000,90000,Diesel,Individual,Manual,Second Owner,20.0,1399,68.0,5,15
5152,Others,1025000,120000,Diesel,Individual,Automatic,Higher,12.07,2159,152.925,7,17
5153,Tata,1300000,40000,Diesel,Individual,Automatic,First Owner,17.6,2159,152.925,7,9
5154,Volkswagen,560000,18000,Diesel,Individual,Manual,First Owner,21.66,1498,108.62,5,8
5155,Maruti,650000,70000,Diesel,Individual,Manual,First Owner,24.3,1248,88.5,5,9
5156,Mahindra,1150000,29000,Diesel,Individual,Manual,First Owner,15.1,2159,152.87,7,8
5157,Maruti,480000,65755,Petrol,Individual,Manual,First Owner,21.4,1197,83.1,5,10
5158,Ford,960000,2600,Diesel,Individual,Manual,First Owner,23.0,1498,98.96,5,7
5159,Mahindra,1050000,46000,Diesel,Individual,Automatic,First Owner,16.0,2159,140.0,7,9
5160,Hyundai,310000,15000,Petrol,Individual,Manual,Second Owner,21.1,814,55.2,5,9
5161,Maruti,500000,60000,Diesel,Individual,Manual,First Owner,23.4,1248,74.0,5,12
5162,Maruti,350000,15500,Petrol,Individual,Automatic,First Owner,23.95,998,67.1,5,9
5163,Honda,365000,120000,Diesel,Individual,Manual,First Owner,25.8,1498,98.6,5,11
5164,Others,165000,120000,Diesel,Individual,Manual,Higher,14.8,1998,68.0,5,18
5165,Tata,100000,120000,Diesel,Individual,Manual,Higher,14.6,2159,63.0,10,19
5166,Mahindra,240000,80000,Diesel,Individual,Manual,Second Owner,13.6,2159,63.0,7,19
5167,Mahindra,925000,40000,Diesel,Individual,Manual,First Owner,17.3,1497,121.0,7,7
5168,Ford,590000,15000,Petrol,Individual,Manual,First Owner,18.16,1196,86.8,5,8
5169,Tata,525000,110000,Diesel,Individual,Manual,Second Owner,13.7,2159,138.1,7,13
5170,Toyota,720000,80000,Diesel,Individual,Manual,Second Owner,12.99,2159,100.6,8,12
5171,Renault,850000,50000,Diesel,Individual,Automatic,First Owner,19.6,1461,108.45,5,9
5172,Mahindra,490000,110000,Diesel,Individual,Automatic,First Owner,11.79,2159,120.0,8,16
5173,Honda,325000,100000,Diesel,Individual,Manual,First Owner,25.8,1498,98.6,5,13
5174,Hyundai,1200000,20000,Diesel,Individual,Automatic,First Owner,22.0,1582,126.2,5,7
5175,Mahindra,450000,135000,Diesel,Individual,Manual,First Owner,15.96,2159,62.1,7,14
5176,Tata,300000,50700,Diesel,Individual,Manual,First Owner,19.09,1405,69.01,5,12
5177,Volkswagen,365000,70000,Diesel,Individual,Manual,Second Owner,22.07,1199,73.9,5,13
5178,Others,500000,120000,Petrol,Individual,Automatic,First Owner,11.7,1796,152.925,5,19
5179,Toyota,900000,112000,Diesel,Individual,Manual,Second Owner,12.99,2159,100.6,8,12
5180,Hyundai,700000,35000,Diesel,Individual,Manual,First Owner,24.0,1186,73.97,5,8
5181,Renault,880000,50000,Diesel,Individual,Manual,First Owner,19.6,1461,108.45,5,9
5182,Toyota,700000,121000,Diesel,Individual,Manual,Higher,12.99,2159,100.6,7,12
5183,Mahindra,380000,120000,Diesel,Individual,Manual,Second Owner,12.05,2159,120.0,7,17
5184,Toyota,150000,90000,Petrol,Individual,Manual,Higher,13.4,1794,125.0,5,20
5185,Maruti,235000,70000,Other,Individual,Manual,Second Owner,26.3,998,67.1,5,12
5186,Renault,320000,20000,Petrol,Individual,Manual,First Owner,23.01,999,67.0,5,8
5187,Renault,550000,60000,Diesel,Individual,Manual,First Owner,20.45,1461,83.8,5,11
5188,Others,1320000,40000,Diesel,Individual,Automatic,First Owner,18.12,1995,152.925,5,10
5189,Toyota,750000,186062,Diesel,Individual,Manual,Second Owner,12.99,2159,100.6,7,13
5190,Mahindra,645000,60000,Diesel,Individual,Manual,First Owner,18.49,1493,100.0,7,9
5191,Maruti,300000,110000,Petrol,Individual,Manual,First Owner,20.51,998,67.04,5,11
5192,Hyundai,580000,152000,Diesel,Individual,Manual,First Owner,21.19,1396,88.73,5,10
5193,Hyundai,220000,186062,Petrol,Individual,Manual,Higher,17.0,1197,80.0,5,15
5194,Mahindra,451000,70000,Diesel,Individual,Manual,First Owner,15.96,2159,62.1,7,13
5195,Tata,850000,50000,Petrol,Individual,Manual,First Owner,17.0,1198,108.5,5,8
5196,Maruti,300000,125000,Diesel,Individual,Manual,First Owner,19.3,1248,73.9,5,15
5197,Ford,350000,60000,Petrol,Individual,Manual,First Owner,18.16,1196,86.8,5,10
5198,Maruti,300000,90000,Other,Individual,Manual,First Owner,21.94,1196,63.0,5,12
5199,Maruti,390000,30000,Other,Individual,Manual,First Owner,21.94,1196,63.0,5,9
5200,Toyota,1200000,90000,Diesel,Individual,Manual,First Owner,12.99,2159,100.6,8,10
5201,Volkswagen,550000,20000,Petrol,Individual,Manual,First Owner,17.0,1198,73.75,5,9
5202,Maruti,300000,110000,Diesel,Individual,Manual,Higher,22.9,1248,74.0,5,14
5203,Volkswagen,300000,150000,Diesel,Individual,Manual,Second Owner,20.54,1598,103.6,5,14
5204,Hyundai,350000,110000,Diesel,Individual,Manual,First Owner,23.0,1396,90.0,5,14
5205,Hyundai,880000,120000,Diesel,Individual,Manual,Second Owner,19.67,1582,126.2,5,11
5206,Hyundai,160000,120000,Other,Individual,Manual,Second Owner,13.2,1495,93.7,5,16
5207,Tata,250000,80000,Diesel,Individual,Manual,Higher,15.3,2159,83.8,7,14
5208,Hyundai,660000,110000,Diesel,Individual,Manual,First Owner,21.19,1396,88.73,5,10
5209,Tata,450000,40000,Petrol,Individual,Manual,First Owner,17.57,1193,88.7,5,11
5210,Volkswagen,400000,110000,Diesel,Individual,Manual,Second Owner,19.7,1598,103.6,5,14
5211,Mahindra,1300000,20000,Diesel,Individual,Manual,First Owner,16.36,2159,120.0,7,7
5212,Ford,229999,186062,Diesel,Individual,Manual,First Owner,20.0,1399,68.1,5,13
5213,Chevrolet,140000,60000,Petrol,Individual,Manual,First Owner,18.6,1199,79.4,5,16
5214,Maruti,195000,35000,Petrol,Individual,Manual,Second Owner,19.0,998,67.1,5,14
5215,Hyundai,500000,45000,Petrol,Individual,Manual,First Owner,17.19,1197,81.86,5,11
5216,Tata,60000,45000,Petrol,Individual,Manual,First Owner,25.4,624,38.0,4,14
5217,Tata,400000,25000,Petrol,Individual,Manual,First Owner,17.57,1193,88.7,5,10
5218,Hyundai,400000,10000,Petrol,Individual,Manual,First Owner,18.6,1197,81.83,5,12
5219,Maruti,380000,19000,Petrol,Individual,Manual,First Owner,20.51,998,67.04,5,8
5220,Maruti,579000,10000,Petrol,Individual,Manual,First Owner,21.4,1197,83.1,5,7
5221,Mahindra,400000,25000,Petrol,Individual,Manual,First Owner,18.15,1198,82.0,6,7
5222,Hyundai,270000,30000,Petrol,Individual,Manual,First Owner,20.36,1197,78.9,5,14
5223,Mahindra,500000,90000,Diesel,Individual,Manual,First Owner,15.96,2159,62.1,7,12
5224,Tata,475000,20000,Petrol,Individual,Manual,First Owner,23.84,1199,84.0,5,9
5225,Others,850000,48000,Diesel,Individual,Manual,First Owner,19.87,1461,83.14,5,8
5226,Mahindra,475000,120000,Diesel,Individual,Manual,First Owner,12.05,2159,120.0,7,17
5227,Maruti,370000,186062,Diesel,Individual,Manual,Second Owner,19.3,1248,73.9,5,14
5228,Hyundai,187000,186062,Petrol,Individual,Manual,Second Owner,19.81,1086,68.05,5,16
5229,Hyundai,195000,110000,Petrol,Individual,Manual,Second Owner,20.36,1197,78.9,5,18
5230,Tata,459999,38000,Diesel,Individual,Manual,First Owner,13.93,2159,138.03,7,12
5231,Toyota,135000,90000,Petrol,Individual,Manual,Second Owner,13.4,1794,125.0,5,22
5232,Maruti,850000,43000,Diesel,Individual,Manual,First Owner,24.52,1248,88.5,7,9
5233,Hyundai,500000,25000,Petrol,Individual,Manual,First Owner,20.3,1086,68.0,5,8
5234,Maruti,385000,26000,Petrol,Individual,Manual,Second Owner,20.51,998,67.04,5,10
5235,Hyundai,135000,120000,Diesel,Individual,Manual,Second Owner,16.8,1493,110.0,5,20
5236,Maruti,120000,70000,Petrol,Individual,Manual,Higher,19.7,796,46.3,5,18
5237,Honda,200000,60000,Petrol,Individual,Manual,Higher,11.9,2159,144.0,5,20
5238,Tata,200000,120000,Diesel,Individual,Manual,Second Owner,13.93,2159,138.1,7,19
5239,Maruti,700000,20000,Petrol,Individual,Manual,First Owner,20.73,1373,91.1,5,10
5240,Tata,290000,25000,Diesel,Individual,Manual,First Owner,23.57,1396,70.0,5,13
5241,Maruti,725000,60000,Diesel,Individual,Manual,First Owner,28.4,1248,74.02,5,9
5242,Tata,200000,80000,Diesel,Individual,Manual,First Owner,12.2,1948,68.0,10,18
5243,Maruti,155000,80000,Petrol,Individual,Manual,First Owner,16.8,796,34.2,8,12
5244,Honda,690000,1303,Petrol,Dealer,Manual,First Owner,17.8,1198,86.7,5,7
5245,Others,1320000,31800,Diesel,Dealer,Automatic,First Owner,17.01,1968,152.925,5,8
5246,Others,1320000,20000,Petrol,Dealer,Automatic,First Owner,22.37,2159,152.925,5,7
5247,Others,1320000,45000,Diesel,Dealer,Automatic,First Owner,19.33,1999,152.925,5,9
5248,Others,1320000,17000,Petrol,Individual,Automatic,First Owner,9.5,2159,152.925,5,9
5249,Toyota,1320000,68089,Petrol,Dealer,Automatic,First Owner,19.16,2159,152.925,5,10
5250,Honda,550000,56494,Petrol,Dealer,Manual,First Owner,18.2,1199,88.7,5,10
5251,Toyota,750000,79328,Diesel,Dealer,Manual,Second Owner,12.99,2159,100.6,7,13
5252,Others,1320000,7500,Diesel,Dealer,Automatic,First Owner,16.78,1995,152.925,5,7
5253,Others,1320000,8500,Diesel,Dealer,Automatic,First Owner,16.78,1995,152.925,5,7
5254,Honda,779000,7032,Petrol,Dealer,Automatic,First Owner,19.0,1199,88.76,5,7
5255,Others,1320000,2000,Diesel,Dealer,Automatic,First Owner,16.8,1984,150.0,5,8
5256,Others,1320000,17000,Petrol,Dealer,Automatic,First Owner,15.0,1991,152.925,5,7
5257,Others,1320000,21000,Diesel,Dealer,Automatic,First Owner,12.83,1999,148.31,7,7
5258,Others,1320000,37000,Diesel,Dealer,Automatic,First Owner,13.5,2159,152.925,5,9
5259,Others,1320000,10000,Diesel,Dealer,Automatic,First Owner,22.48,1995,152.925,5,8
5260,Hyundai,1125000,3500,Petrol,Dealer,Automatic,First Owner,18.15,998,118.35,5,7
5261,Others,1320000,46000,Diesel,Dealer,Automatic,First Owner,18.25,1968,152.925,5,10
5262,Honda,1320000,52000,Petrol,Dealer,Automatic,First Owner,12.0,2159,152.925,5,9
5263,Maruti,280000,20000,Petrol,Individual,Manual,Second Owner,18.6,1197,85.8,5,15
5264,Tata,450000,25000,Petrol,Individual,Manual,First Owner,20.3,1199,84.0,5,7
5265,Maruti,135000,70000,Petrol,Individual,Manual,Second Owner,15.9,1298,85.0,5,20
5266,Mahindra,650000,40000,Diesel,Individual,Manual,First Owner,15.1,2159,140.0,7,12
5267,Maruti,650000,7300,Petrol,Individual,Manual,First Owner,21.01,1197,81.8,5,6
5268,Maruti,750000,25000,Diesel,Individual,Manual,First Owner,28.09,1248,88.5,5,8
5269,Maruti,150000,100000,Petrol,Individual,Manual,First Owner,19.7,796,46.3,5,16
5270,Mahindra,500000,35000,Diesel,Individual,Manual,First Owner,25.32,1198,77.0,6,9
5272,Hyundai,425000,80000,Diesel,Individual,Manual,Second Owner,22.32,1582,126.32,5,13
5273,Hyundai,260000,60000,Petrol,Individual,Manual,First Owner,20.36,1197,78.9,5,16
5274,Volkswagen,400000,110000,Diesel,Individual,Manual,Second Owner,20.14,1498,88.8,5,12
5275,Hyundai,575000,70000,Diesel,Individual,Manual,Second Owner,22.54,1396,88.73,5,9
5276,Hyundai,175000,40000,Petrol,Individual,Manual,First Owner,8.470000000000002,1086,62.0,5,18
5277,Maruti,250000,90000,Other,Individual,Manual,Second Owner,21.4,1586,103.3,5,16
5278,Volkswagen,400000,95000,Diesel,Individual,Manual,First Owner,19.7,1598,103.6,5,14
5279,Mahindra,350000,186062,Diesel,Individual,Manual,Second Owner,13.6,2159,63.0,7,15
5280,Maruti,484999,30000,Diesel,Individual,Manual,First Owner,25.2,1248,74.0,5,11
5281,Maruti,484999,30000,Diesel,Individual,Manual,First Owner,25.2,1248,74.0,5,11
5282,Volkswagen,350000,70000,Diesel,Individual,Manual,Second Owner,20.14,1498,88.5,5,13
5283,Toyota,1320000,80000,Diesel,Individual,Automatic,Second Owner,12.55,2159,152.925,7,12
5284,Maruti,250000,100000,Diesel,Individual,Manual,Higher,19.3,1248,73.9,5,14
5285,Maruti,655000,70000,Diesel,Individual,Manual,First Owner,28.4,1248,74.02,5,9
5286,Honda,500000,30000,Diesel,Individual,Manual,First Owner,27.3,1498,98.6,5,10
5287,Chevrolet,300000,15000,Petrol,Individual,Manual,First Owner,18.6,1199,76.8,5,10
5288,Ford,650000,21000,Diesel,Individual,Manual,First Owner,25.83,1498,99.0,5,8
5289,Maruti,300000,35000,Petrol,Individual,Manual,First Owner,20.52,1197,81.8,5,12
5290,Honda,475000,25000,Petrol,Individual,Manual,First Owner,18.7,1199,88.7,5,10
5291,Tata,450000,30000,Petrol,Individual,Manual,First Owner,23.84,1199,84.0,5,9
5292,Maruti,754000,10000,Diesel,Individual,Manual,First Owner,28.4,1248,74.02,5,7
5293,Hyundai,300000,40000,Petrol,Individual,Manual,First Owner,20.36,1197,78.9,5,13
5294,Hyundai,250000,25000,Petrol,Individual,Manual,First Owner,21.1,814,55.2,5,12
5295,Maruti,725000,15000,Diesel,Individual,Manual,First Owner,28.4,1248,74.02,5,8
5296,Maruti,95000,70000,Petrol,Individual,Manual,First Owner,19.7,796,46.3,5,18
5297,Hyundai,475000,7800,Petrol,Individual,Manual,First Owner,20.3,1086,68.0,5,8
5298,Tata,575000,55000,Diesel,Individual,Manual,First Owner,14.0,2159,138.1,7,12
5299,Tata,350000,30000,Petrol,Individual,Manual,First Owner,23.84,1199,84.0,5,10
5300,Mahindra,330000,125000,Diesel,Individual,Manual,Second Owner,15.96,2159,62.1,7,13
5301,Maruti,482000,50000,Petrol,Individual,Manual,First Owner,20.4,1197,81.8,5,10
5302,Ford,625000,40000,Diesel,Individual,Manual,Higher,22.77,1498,98.59,5,9
5303,Tata,380000,30000,Petrol,Individual,Manual,First Owner,23.84,1199,84.0,5,9
5304,Chevrolet,310000,30000,Petrol,Individual,Manual,First Owner,18.6,1199,76.8,5,10
5305,Maruti,280000,35000,Petrol,Individual,Manual,First Owner,17.5,1298,85.8,5,17
5306,Renault,900000,30000,Petrol,Individual,Automatic,First Owner,14.99,1498,104.5,5,8
5307,Maruti,250000,60000,Petrol,Individual,Manual,First Owner,18.9,1061,67.0,5,16
5308,Hyundai,750000,39000,Petrol,Individual,Manual,First Owner,17.01,1591,121.3,5,9
5309,Renault,420000,15000,Petrol,Individual,Manual,First Owner,23.01,999,67.0,5,7
5310,Honda,670000,5000,Petrol,Individual,Manual,First Owner,19.5,1199,88.76,5,7
5311,Hyundai,420000,9750,Petrol,Individual,Manual,Second Owner,19.81,1086,68.05,5,10
5312,Toyota,1320000,110000,Diesel,Individual,Manual,First Owner,13.68,2159,147.8,7,10
5313,Honda,900000,35000,Petrol,Individual,Manual,First Owner,17.5,1199,88.7,5,8
5314,Mahindra,1200000,10000,Diesel,Individual,Manual,First Owner,15.1,2159,140.0,7,11
5315,Mahindra,195000,157138,Diesel,Individual,Manual,Higher,10.5,2159,120.0,7,23
5316,Hyundai,185000,120000,Diesel,Individual,Manual,Higher,16.8,1493,110.0,5,19
5317,Hyundai,185000,110000,Petrol,Individual,Manual,Higher,19.81,1086,68.05,5,18
5318,Mahindra,1320000,46000,Diesel,Individual,Manual,First Owner,15.1,2159,152.87,7,8
5319,Maruti,215000,102000,Petrol,Individual,Manual,Higher,16.1,1298,88.2,5,20
5320,Maruti,210000,50000,Petrol,Individual,Manual,Second Owner,22.74,796,47.3,5,11
5321,Toyota,1320000,110000,Diesel,Individual,Manual,Second Owner,13.68,2159,147.8,7,10
5323,Toyota,530000,186062,Diesel,Individual,Manual,Higher,12.8,2159,102.0,8,17
5324,Honda,800000,50000,Petrol,Individual,Manual,First Owner,17.4,1497,117.3,5,11
5325,Maruti,570000,70000,Diesel,Individual,Manual,Second Owner,25.2,1248,74.0,5,12
5326,Maruti,350000,120000,Diesel,Individual,Manual,Second Owner,21.5,1248,88.8,5,14
5327,Hyundai,350000,93000,Diesel,Individual,Manual,Second Owner,21.9,1396,90.0,5,15
5328,Mahindra,750000,50000,Diesel,Individual,Manual,First Owner,16.5,1493,70.0,7,8
5329,Maruti,160000,100000,Petrol,Individual,Manual,Second Owner,15.37,1196,73.0,7,15
5330,Tata,150000,70000,Diesel,Individual,Manual,Higher,15.7,1405,70.0,5,16
5332,Hyundai,562000,5000,Petrol,Individual,Manual,First Owner,18.9,1197,81.86,5,7
5333,Hyundai,290000,27000,Petrol,Individual,Manual,First Owner,20.36,1197,78.9,5,14
5334,Mahindra,600000,122000,Diesel,Individual,Manual,Second Owner,15.1,2159,140.0,7,12
5335,Hyundai,401000,74000,Diesel,Individual,Manual,Second Owner,24.4,1120,71.0,5,11
5336,Maruti,750000,6500,Petrol,Individual,Automatic,First Owner,21.21,1197,81.8,5,7
5337,Mahindra,240000,80000,Diesel,Individual,Manual,Second Owner,13.6,2159,63.0,7,19
5338,Maruti,229999,50000,Petrol,Individual,Manual,First Owner,20.92,998,67.1,5,14
5339,Mahindra,500000,50000,Diesel,Individual,Manual,First Owner,15.96,2159,62.1,7,13
5340,Maruti,350000,80000,Petrol,Individual,Manual,First Owner,11.96,1298,80.0,8,16
5341,Others,217000,25000,Petrol,Individual,Manual,First Owner,22.7,799,53.64,5,8
5342,Others,670000,35000,Diesel,Individual,Manual,First Owner,22.71,1461,84.8,5,8
5343,Maruti,225000,30000,Petrol,Individual,Manual,First Owner,20.92,998,67.1,5,15
5344,Maruti,737000,10000,Petrol,Individual,Automatic,First Owner,18.76,1462,103.26,5,6
5345,Maruti,300000,80000,Petrol,Individual,Manual,First Owner,23.1,998,67.04,5,12
5346,Tata,85000,120000,Diesel,Individual,Manual,First Owner,17.0,1405,70.0,5,18
5347,Hyundai,195000,120000,Diesel,Individual,Manual,Second Owner,16.2,1493,110.0,5,16
5348,Honda,675000,127991,Diesel,Dealer,Manual,First Owner,25.5,1498,98.6,5,9
5349,Others,150000,186062,Diesel,Individual,Manual,Second Owner,14.8,1998,68.0,5,27
5350,Tata,290000,65000,Petrol,Individual,Manual,First Owner,15.64,1193,64.1,5,16
5352,Maruti,889000,20000,Diesel,Individual,Manual,First Owner,28.09,1248,88.5,5,8
5353,Volkswagen,400000,60000,Petrol,Individual,Manual,First Owner,17.0,1198,73.75,5,10
5354,Renault,390000,13120,Petrol,Individual,Manual,First Owner,25.17,799,53.3,5,8
5355,Others,1320000,87500,Diesel,Individual,Manual,First Owner,17.1,1956,152.925,5,9
5356,Hyundai,600000,125000,Diesel,Individual,Manual,First Owner,22.32,1582,126.32,5,12
5357,Hyundai,800000,25000,Petrol,Individual,Automatic,First Owner,17.4,1197,81.86,5,8
5358,Maruti,600000,120000,Diesel,Individual,Manual,Higher,20.77,1248,88.8,7,13
5359,Hyundai,795000,35000,Petrol,Individual,Manual,First Owner,17.01,1591,121.3,5,11
5360,Hyundai,735000,25000,Diesel,Individual,Manual,First Owner,22.54,1396,88.73,5,10
5361,Others,250000,120000,Diesel,Individual,Manual,Higher,16.4,1896,90.0,5,21
5362,Renault,400000,25000,Petrol,Individual,Automatic,First Owner,24.04,999,67.0,5,8
5363,Mahindra,395000,140000,Diesel,Individual,Manual,First Owner,14.0,2159,95.0,8,12
5364,Hyundai,130000,79000,Diesel,Individual,Manual,Second Owner,13.1,1493,82.0,5,21
5365,Renault,600000,125000,Diesel,Individual,Manual,First Owner,21.04,1461,83.8,8,11
5366,Hyundai,720000,80000,Diesel,Individual,Manual,First Owner,21.19,1396,88.73,5,10
5367,Honda,450000,110000,Petrol,Individual,Manual,Higher,16.8,1497,116.4,5,15
5368,Hyundai,220000,80000,Diesel,Individual,Manual,Second Owner,16.2,1493,110.0,5,16
5369,Hyundai,545000,100000,Diesel,Individual,Manual,Second Owner,22.32,1582,126.32,5,12
5370,Volkswagen,370000,100000,Diesel,Individual,Manual,Second Owner,20.54,1598,103.6,5,15
5371,Mahindra,450000,78000,Diesel,Individual,Manual,First Owner,13.6,2159,63.0,7,16
5372,Hyundai,750000,15000,Petrol,Individual,Automatic,First Owner,17.4,1197,81.86,5,8
5373,Mahindra,1100000,70000,Diesel,Individual,Manual,First Owner,15.4,2159,120.0,7,11
5374,Maruti,711000,5000,Petrol,Individual,Manual,First Owner,21.4,1197,83.1,5,7
5375,Maruti,285000,75000,Petrol,Individual,Manual,First Owner,23.95,998,67.05,5,10
5376,Maruti,749000,5500,Petrol,Individual,Manual,First Owner,21.01,1197,81.8,5,6
5377,Renault,550000,80000,Diesel,Individual,Manual,Second Owner,19.64,1461,108.45,5,10
5378,Maruti,300000,120000,Diesel,Individual,Manual,Second Owner,19.3,1248,73.9,5,16
5379,Maruti,625000,70000,Diesel,Individual,Manual,First Owner,27.39,1248,74.0,5,9
5380,Hyundai,650000,80000,Petrol,Individual,Manual,Second Owner,17.19,1197,81.86,5,9
5381,Hyundai,575000,120000,Diesel,Individual,Manual,Higher,22.32,1582,126.32,5,12
5382,Maruti,631000,75000,Diesel,Individual,Manual,Second Owner,26.59,1248,74.0,5,10
5383,Hyundai,220000,80000,Diesel,Individual,Manual,Second Owner,16.2,1493,110.0,5,16
5384,Tata,600000,40000,Petrol,Individual,Manual,Second Owner,20.3,1199,84.0,5,9
5386,Ford,390000,120000,Diesel,Individual,Manual,First Owner,23.5,1498,88.7,5,14
5387,Mahindra,375000,110000,Diesel,Individual,Manual,Higher,12.7,2159,116.6,8,19
5388,Hyundai,340000,110000,Diesel,Individual,Manual,First Owner,23.0,1396,90.0,5,16
5389,Tata,670000,2000,Diesel,Individual,Manual,First Owner,27.28,1047,69.0,5,7
5390,Maruti,530000,80000,Diesel,Individual,Manual,Second Owner,23.4,1248,74.0,5,12
5391,Maruti,350000,38000,Petrol,Individual,Automatic,Second Owner,23.95,998,67.05,5,11
5392,Maruti,415000,46000,Petrol,Dealer,Manual,First Owner,21.63,998,67.04,5,12
5393,Maruti,700000,102000,Diesel,Dealer,Manual,First Owner,24.2,1498,93.87,7,12
5394,Others,925000,96000,Diesel,Dealer,Automatic,Second Owner,19.62,1998,152.925,5,14
5395,Renault,375000,20000,Petrol,Dealer,Automatic,First Owner,22.0,999,67.0,5,9
5396,Maruti,575000,16000,Petrol,Dealer,Manual,First Owner,19.1,1197,85.8,5,11
5397,Hyundai,425000,23000,Petrol,Dealer,Manual,First Owner,17.0,1197,80.0,5,13
5398,Ford,245000,25000,Petrol,Dealer,Manual,First Owner,18.16,1196,86.8,5,15
5399,Hyundai,540000,35000,Petrol,Dealer,Manual,Second Owner,17.7,1497,113.42,5,11
5400,Others,1000000,90000,Diesel,Dealer,Automatic,First Owner,14.94,2143,152.925,5,15
5401,Hyundai,291000,37000,Petrol,Dealer,Manual,First Owner,20.36,1197,78.9,5,13
5402,Maruti,600000,34000,Petrol,Dealer,Manual,Second Owner,21.4,1197,83.1,5,9
5403,Hyundai,355000,60000,Petrol,Dealer,Manual,First Owner,17.7,1497,113.42,5,14
5404,Hyundai,225000,50000,Petrol,Dealer,Manual,First Owner,20.36,1197,78.9,5,16
5405,Chevrolet,350000,37000,Petrol,Dealer,Manual,First Owner,13.7,1399,98.79,7,13
5406,Maruti,200000,38000,Petrol,Dealer,Manual,Second Owner,24.7,796,47.3,5,14
5408,Hyundai,434999,57000,Petrol,Dealer,Manual,First Owner,17.7,1497,113.42,5,14
5409,Hyundai,440000,62200,Petrol,Dealer,Manual,First Owner,17.0,1197,80.0,5,12
5410,Maruti,390000,77000,Diesel,Dealer,Manual,First Owner,21.1,1248,73.9,5,13
5411,Maruti,50000,110000,Petrol,Individual,Manual,Second Owner,16.1,796,37.0,4,29
5412,Maruti,450000,30000,Petrol,Individual,Manual,First Owner,17.5,1197,85.8,5,14
5413,Maruti,125000,60000,Petrol,Individual,Manual,Higher,19.7,796,46.3,5,17
5414,Mahindra,999000,25000,Diesel,Individual,Manual,First Owner,15.4,2159,120.0,9,12
5415,Tata,225000,186062,Diesel,Individual,Manual,First Owner,12.3,1948,90.0,7,21
5416,Maruti,85000,150000,Petrol,Individual,Manual,Higher,19.7,796,46.3,5,16
5417,Hyundai,150000,40000,Petrol,Individual,Manual,First Owner,21.1,814,55.2,5,14
5418,Renault,500000,120000,Diesel,Individual,Manual,First Owner,19.01,1461,108.45,5,12
5419,Hyundai,220000,70000,Petrol,Individual,Manual,Higher,20.36,1197,78.9,5,15
5420,Mahindra,999000,25000,Diesel,Individual,Manual,First Owner,15.4,2159,120.0,9,12
5421,Hyundai,957000,60000,Diesel,Individual,Manual,First Owner,21.38,1396,88.7,5,9
5422,Toyota,1050000,186062,Diesel,Individual,Manual,First Owner,12.8,2159,102.0,7,20
5423,Others,320000,35000,Petrol,Individual,Manual,First Owner,22.5,999,67.0,5,8
5424,Maruti,300000,15000,Petrol,Individual,Manual,First Owner,23.95,998,67.05,5,10
5425,Maruti,270000,98000,Diesel,Individual,Manual,First Owner,17.8,1248,75.0,5,16
5426,Hyundai,170000,62000,Petrol,Individual,Manual,Higher,16.36,1495,93.7,5,15
5427,Chevrolet,270000,90000,Diesel,Individual,Manual,Second Owner,18.3,1991,147.9,5,16
5428,Chevrolet,140000,110000,Petrol,Individual,Manual,Second Owner,18.6,1199,79.4,5,13
5429,Hyundai,170000,90000,Petrol,Individual,Manual,Higher,20.36,1197,78.9,5,16
5430,Mahindra,1320000,10000,Diesel,Individual,Manual,First Owner,17.3,1497,121.0,7,7
5431,Mahindra,1200000,25000,Diesel,Individual,Manual,First Owner,20.0,1497,115.0,5,7
5432,Hyundai,834000,13000,Diesel,Individual,Manual,First Owner,22.54,1396,88.76,5,7
5433,Tata,450000,80000,Diesel,Individual,Manual,First Owner,27.28,1047,69.0,5,9
5434,Volkswagen,575000,40000,Diesel,Individual,Manual,Higher,20.14,1498,88.8,5,12
5435,Maruti,900000,20000,Diesel,Individual,Manual,First Owner,28.4,1248,74.02,5,7
5436,Maruti,149000,87540,Other,Individual,Manual,Higher,16.6,796,35.5,5,18
5437,Chevrolet,100000,84000,Other,Individual,Manual,Higher,16.0,995,60.0,5,19
5438,Others,325000,160000,Diesel,Individual,Manual,Higher,20.86,1199,75.0,5,15
5439,Volkswagen,400000,100000,Diesel,Individual,Manual,Second Owner,20.54,1598,103.6,5,14
5440,Hyundai,250000,35000,Petrol,Individual,Manual,Second Owner,20.3,998,68.05,5,9
5441,Chevrolet,225000,60000,Petrol,Individual,Manual,Second Owner,12.9,1598,102.5,5,16
5442,Ford,300000,70000,Diesel,Individual,Manual,First Owner,18.6,1388,67.0,5,14
5443,Others,459999,60000,Diesel,Individual,Manual,Second Owner,20.5,1248,91.72,5,11
5444,Ford,825000,35000,Diesel,Individual,Manual,Second Owner,22.77,1498,98.59,5,10
5445,Tata,150000,186062,Diesel,Individual,Manual,Second Owner,18.4,1248,75.0,5,14
5446,Maruti,710000,71000,Diesel,Individual,Manual,First Owner,27.39,1248,74.0,5,10
5448,Maruti,425000,70000,Diesel,Individual,Manual,First Owner,23.2,1248,73.94,5,10
5449,Maruti,45000,80000,Petrol,Individual,Manual,First Owner,16.1,796,37.0,4,19
5450,Mahindra,380000,186062,Diesel,Individual,Manual,Second Owner,13.6,2159,63.0,7,15
5452,Maruti,240000,90000,Diesel,Individual,Manual,First Owner,21.1,1248,73.9,5,17
5453,Hyundai,1150000,154000,Diesel,Individual,Manual,First Owner,19.67,1582,126.2,5,10
5454,Renault,520000,109000,Diesel,Individual,Manual,Second Owner,19.64,1461,108.45,5,13
5455,Maruti,675000,120000,Diesel,Individual,Manual,Second Owner,26.59,1248,74.0,5,10
5457,Maruti,297000,100000,Other,Individual,Manual,Higher,26.2,998,58.2,5,14
5458,Tata,250000,110000,Diesel,Individual,Manual,First Owner,11.57,2159,138.1,7,17
5459,Hyundai,200000,186062,Diesel,Individual,Manual,Second Owner,13.1,1493,82.0,5,21
5461,Maruti,380000,39000,Petrol,Individual,Manual,Higher,20.51,998,67.04,5,10
5462,Maruti,40000,96000,Petrol,Individual,Manual,Higher,16.1,796,37.0,4,21
5463,Volkswagen,575000,90000,Diesel,Individual,Manual,First Owner,20.54,1598,103.6,5,12
5464,Maruti,300000,135000,Diesel,Individual,Manual,Second Owner,17.8,1248,75.0,5,16
5465,Tata,450000,90000,Diesel,Individual,Manual,First Owner,27.28,1047,69.0,5,8
5466,Maruti,45000,90000,Petrol,Individual,Manual,Higher,16.1,796,37.0,4,23
5467,Toyota,950000,186062,Diesel,Individual,Manual,First Owner,12.8,2159,102.0,7,16
5468,Maruti,745000,35000,Diesel,Individual,Manual,First Owner,28.4,1248,74.02,5,9
5469,Hyundai,509999,120000,Diesel,Individual,Manual,First Owner,24.4,1120,71.0,5,10
5470,Hyundai,142000,110000,Petrol,Individual,Manual,First Owner,20.36,1197,78.9,5,17
5471,Maruti,185000,50000,Petrol,Individual,Manual,First Owner,19.0,998,66.1,5,17
5472,Others,300000,77000,Diesel,Individual,Manual,First Owner,20.4,1248,91.7,5,14
5473,Honda,210000,120000,Petrol,Individual,Manual,Second Owner,17.7,1497,78.0,5,19
5474,Hyundai,260000,120000,Petrol,Individual,Manual,Second Owner,13.9,1599,103.2,5,18
5475,Maruti,430000,186062,Diesel,Individual,Manual,Second Owner,23.4,1248,74.0,5,13
5476,Mahindra,600000,110000,Diesel,Individual,Manual,Second Owner,12.05,2159,120.0,8,13
5477,Ford,400000,30000,Petrol,Individual,Manual,First Owner,15.6,1196,70.0,5,16
5478,Hyundai,400000,182000,Diesel,Individual,Manual,Second Owner,24.8,1396,88.7,5,14
5479,Maruti,669000,60000,Diesel,Individual,Manual,First Owner,28.4,1248,74.02,5,9
5480,Hyundai,509999,40000,Petrol,Individual,Manual,First Owner,20.14,1197,81.86,5,7
5481,Hyundai,616000,112000,Diesel,Individual,Manual,First Owner,22.54,1396,88.73,5,10
5482,Mahindra,530000,80000,Diesel,Individual,Manual,Second Owner,12.05,2159,120.0,8,13
5483,Hyundai,190000,90000,Diesel,Individual,Manual,Second Owner,16.8,1493,110.0,5,16
5484,Honda,700000,140000,Diesel,Individual,Manual,Second Owner,25.1,1498,98.6,5,11
5485,Tata,250000,186062,Diesel,Individual,Manual,Second Owner,14.0,2159,120.0,8,14
5486,Hyundai,225000,60000,Petrol,Individual,Manual,Second Owner,20.36,1197,78.9,5,12
5487,Hyundai,470000,30000,Petrol,Individual,Manual,First Owner,18.9,1197,81.86,5,9
5488,Maruti,900000,40000,Diesel,Individual,Manual,First Owner,24.3,1248,88.5,5,7
5489,Chevrolet,170000,70000,Diesel,Individual,Manual,First Owner,25.44,936,57.6,5,13
5490,Tata,140000,100000,Diesel,Individual,Manual,First Owner,19.09,1396,69.0,5,13
5491,Chevrolet,95000,44000,Petrol,Individual,Manual,Second Owner,16.0,995,63.0,5,15
5492,Maruti,280000,110000,Petrol,Individual,Manual,Second Owner,18.5,1197,85.8,5,10
5493,Mahindra,470000,186062,Diesel,Individual,Manual,First Owner,12.05,2159,120.0,7,14
5494,Hyundai,129000,80000,Petrol,Individual,Manual,Second Owner,21.1,814,55.2,5,15
5495,Chevrolet,165000,70000,Diesel,Individual,Manual,Second Owner,25.44,936,57.6,5,14
5496,Hyundai,600000,25000,Petrol,Individual,Manual,First Owner,17.19,1197,81.86,5,10
5497,Maruti,260000,31000,Petrol,Individual,Manual,First Owner,18.9,998,67.1,5,14
5498,Maruti,70000,50000,Petrol,Individual,Manual,Higher,18.9,998,67.1,5,21
5499,Hyundai,515000,120000,Petrol,Individual,Manual,Second Owner,18.6,1197,81.83,5,11
5500,Ford,225000,60000,Diesel,Individual,Manual,First Owner,20.0,1399,68.0,5,14
5501,Maruti,270000,60000,Diesel,Individual,Manual,Second Owner,19.3,1248,73.9,5,15
5502,Tata,225000,110000,Diesel,Individual,Manual,Higher,13.93,2159,138.03,7,15
5503,Hyundai,459999,70000,Diesel,Individual,Manual,First Owner,22.32,1582,126.32,5,14
5504,Maruti,115999,110000,Petrol,Individual,Manual,Second Owner,19.7,796,46.3,5,17
5505,Others,475000,77300,Diesel,Dealer,Manual,First Owner,21.14,1498,103.52,5,13
5506,Others,1320000,91500,Diesel,Dealer,Automatic,First Owner,10.0,2148,152.925,5,13
5507,Tata,165000,75000,Diesel,Dealer,Manual,Second Owner,25.0,1396,69.0,5,15
5508,Maruti,550000,45000,Diesel,Dealer,Manual,First Owner,28.4,1248,74.0,5,11
5509,Maruti,861000,61260,Diesel,Dealer,Manual,First Owner,24.3,1248,88.5,5,9
5510,Ford,1050000,26000,Diesel,Dealer,Manual,First Owner,23.0,1498,98.96,5,7
5511,Others,1320000,17601,Diesel,Dealer,Automatic,First Owner,16.25,1968,148.0,7,8
5512,Hyundai,750000,43000,Diesel,Dealer,Manual,First Owner,22.54,1396,88.73,5,9
5513,Maruti,730000,4773,Petrol,Dealer,Manual,First Owner,22.0,1197,81.8,5,8
5514,Others,860000,31000,Diesel,Dealer,Automatic,First Owner,21.66,1498,103.52,5,9
5515,Honda,940000,57900,Diesel,Dealer,Manual,First Owner,21.9,1498,98.6,7,9
5516,Mahindra,1075000,8600,Diesel,Dealer,Manual,First Owner,17.3,1497,121.0,7,7
5517,Maruti,775000,52000,Diesel,Dealer,Manual,First Owner,23.65,1248,88.5,5,10
5518,Maruti,411000,62000,Petrol,Dealer,Manual,First Owner,22.0,1197,81.8,5,13
5519,Toyota,911000,155000,Diesel,Dealer,Manual,First Owner,12.8,2159,102.0,8,14
5520,Volkswagen,540000,66000,Diesel,Dealer,Manual,First Owner,20.14,1498,88.8,5,10
5521,Others,660000,78010,Diesel,Dealer,Automatic,First Owner,21.66,1498,103.52,5,10
5522,Maruti,875000,83844,Diesel,Dealer,Manual,First Owner,24.52,1248,88.5,7,8
5523,Maruti,411000,23999,Petrol,Dealer,Automatic,First Owner,23.1,998,67.04,5,11
5524,Maruti,635000,52000,Diesel,Dealer,Manual,First Owner,27.39,1248,74.0,5,10
5525,Maruti,350000,145000,Diesel,Individual,Manual,Higher,22.9,1248,74.0,5,14
5526,Mahindra,800000,70000,Diesel,Individual,Manual,Second Owner,18.49,1493,100.0,7,8
5527,Maruti,180000,25000,Petrol,Individual,Manual,Second Owner,16.8,796,34.2,5,11
5528,Others,1320000,51000,Diesel,Individual,Automatic,First Owner,14.74,2159,152.925,5,12
5529,Honda,490000,120000,Diesel,Individual,Manual,First Owner,24.2,1498,98.6,7,12
5530,Maruti,180000,55000,Petrol,Individual,Manual,First Owner,19.0,998,67.1,5,16
5531,Others,310000,91400,Petrol,Individual,Automatic,Second Owner,19.34,1198,76.0,5,13
5532,Hyundai,275000,48000,Other,Individual,Manual,First Owner,13.2,1495,93.7,5,14
5533,Chevrolet,450000,80000,Diesel,Individual,Manual,Second Owner,18.2,1248,73.8,7,12
5534,Mahindra,500000,50000,Diesel,Individual,Manual,First Owner,25.32,1198,77.0,6,9
5535,Hyundai,245000,185000,Diesel,Individual,Automatic,Higher,16.2,1493,110.0,5,16
5536,Volkswagen,275000,125000,Diesel,Individual,Manual,Higher,20.54,1598,103.6,5,15
5537,Honda,200000,178500,Petrol,Individual,Manual,Higher,17.7,1497,78.0,5,20
5538,Mahindra,1320000,66953,Diesel,Individual,Manual,First Owner,16.0,2159,140.0,7,9
5539,Others,229999,166000,Diesel,Individual,Manual,Second Owner,23.08,1461,63.1,5,14
5540,Volkswagen,280000,131000,Diesel,Individual,Manual,Higher,20.54,1598,103.6,5,15
5541,Maruti,125000,50000,Petrol,Individual,Manual,Second Owner,18.9,1061,67.0,5,17
5542,Maruti,600000,25000,Diesel,Individual,Manual,First Owner,25.2,1248,74.0,5,11
5543,Honda,600000,20000,Petrol,Individual,Manual,First Owner,18.2,1199,88.7,5,8
5544,Honda,411000,60000,Petrol,Individual,Manual,Second Owner,18.5,1198,86.8,5,10
5545,Maruti,150000,170000,Petrol,Individual,Manual,Higher,15.37,1196,73.0,5,16
5546,Maruti,630000,70000,Diesel,Individual,Manual,First Owner,26.21,1248,88.5,5,11
5547,Others,1200000,110000,Diesel,Individual,Automatic,First Owner,17.11,1968,152.925,5,13
5548,Maruti,700000,45000,Petrol,Individual,Automatic,First Owner,22.0,1197,81.8,5,7
5549,Mahindra,250000,60000,Diesel,Individual,Manual,Second Owner,14.0,2159,112.0,7,16
5550,Chevrolet,535000,32000,Diesel,Individual,Manual,First Owner,18.2,1248,73.74,8,10
5551,Mahindra,600000,60000,Diesel,Individual,Manual,First Owner,18.49,1493,100.0,7,10
5552,Hyundai,145000,120000,Diesel,Individual,Manual,Higher,13.1,1493,82.0,5,23
5553,Ford,400000,143000,Diesel,Individual,Manual,First Owner,25.83,1498,99.0,5,11
5554,Maruti,600000,100000,Diesel,Individual,Manual,First Owner,26.59,1248,74.0,5,11
5555,Maruti,459999,50000,Petrol,Individual,Manual,First Owner,21.63,998,67.0,5,8
5556,Hyundai,800000,30000,Diesel,Individual,Manual,First Owner,22.54,1396,88.73,5,8
5557,Maruti,370000,25000,Other,Individual,Manual,First Owner,21.94,1196,61.7,5,9
5558,Toyota,800000,102000,Diesel,Individual,Manual,Second Owner,12.8,2159,102.0,8,14
5559,Renault,290000,90000,Diesel,Individual,Manual,First Owner,23.08,1461,63.12,5,13
5560,Maruti,671000,62000,Diesel,Individual,Manual,First Owner,28.4,1248,74.0,5,8
5561,Tata,140000,80000,Diesel,Individual,Manual,Higher,19.09,1396,69.0,5,14
5562,Maruti,141000,15000,Petrol,Individual,Manual,Higher,19.7,796,46.3,5,15
5563,Maruti,125000,70000,Petrol,Individual,Manual,Second Owner,19.7,796,46.3,5,17
5564,Tata,150000,90000,Diesel,Individual,Manual,Second Owner,19.4,1405,70.0,5,13
5565,Maruti,125000,100000,Petrol,Individual,Manual,Higher,18.9,1061,67.0,5,19
5566,Hyundai,600000,25000,Petrol,Individual,Manual,Second Owner,18.9,1197,81.86,5,8
5567,Hyundai,700000,40000,Diesel,Individual,Manual,First Owner,22.54,1396,88.73,5,9
5568,Hyundai,700000,70000,Diesel,Individual,Manual,First Owner,22.54,1396,88.73,5,9
5569,Maruti,740000,40000,Diesel,Individual,Manual,First Owner,28.4,1248,74.02,5,9
5570,Tata,140000,186062,Diesel,Individual,Manual,Second Owner,17.0,1405,71.0,5,15
5571,Hyundai,1150000,35000,Diesel,Individual,Manual,First Owner,22.0,1582,126.2,5,8
5572,Others,300000,155000,Diesel,Individual,Manual,First Owner,18.7,1896,66.0,5,19
5573,Toyota,300000,110000,Petrol,Individual,Manual,First Owner,17.6,1496,88.73,5,15
5574,Renault,530000,110000,Diesel,Individual,Manual,First Owner,21.64,1461,84.8,5,11
5575,Hyundai,530000,80000,Diesel,Individual,Manual,Second Owner,24.0,1186,73.97,5,9
5576,Hyundai,210000,50000,Petrol,Individual,Manual,Second Owner,17.92,1086,62.1,5,15
5577,Maruti,130000,90000,Petrol,Individual,Manual,Second Owner,19.7,796,46.3,5,19
5578,Maruti,148000,80000,Other,Individual,Manual,Second Owner,17.3,1061,57.5,5,18
5579,Volkswagen,585000,120000,Diesel,Individual,Automatic,First Owner,14.3,1968,140.0,5,18
5580,Hyundai,270000,105000,Diesel,Individual,Manual,Second Owner,21.9,1396,90.0,5,15
5581,Hyundai,375000,40000,Petrol,Individual,Manual,First Owner,20.36,1197,78.9,5,13
5582,Mahindra,725000,141000,Diesel,Individual,Manual,Second Owner,15.1,2159,140.0,7,12
5584,Hyundai,180000,150000,Diesel,Individual,Manual,Second Owner,18.1,1493,110.0,5,19
5585,Maruti,425000,80000,Diesel,Individual,Manual,Second Owner,23.2,1248,73.94,5,12
5586,Ford,900000,25000,Diesel,Individual,Manual,First Owner,23.0,1498,98.96,5,8
5587,Tata,570000,51000,Diesel,Individual,Manual,First Owner,14.07,2159,69.01,7,9
5588,Tata,290000,40000,Diesel,Individual,Manual,First Owner,25.0,1396,69.0,5,9
5589,Ford,229999,40000,Diesel,Individual,Manual,Second Owner,20.0,1399,68.0,5,15
5590,Ford,300000,70000,Diesel,Individual,Manual,First Owner,20.0,1399,68.0,5,14
5591,Maruti,220000,110000,Diesel,Individual,Manual,Higher,21.1,1248,73.9,5,16
5592,Chevrolet,409999,80000,Diesel,Individual,Manual,Second Owner,18.3,1991,147.9,5,15
5593,Chevrolet,355000,136000,Diesel,Individual,Manual,Second Owner,18.2,1248,73.8,7,13
5594,Renault,695000,120000,Diesel,Individual,Manual,First Owner,19.01,1461,108.45,5,13
5595,Maruti,320000,120000,Diesel,Individual,Manual,Second Owner,19.3,1248,73.9,5,16
5596,Mahindra,710000,120000,Diesel,Individual,Manual,First Owner,18.49,1493,100.0,7,9
5597,Tata,85000,120000,Diesel,Individual,Manual,Second Owner,16.8,1405,62.0,5,22
5598,Chevrolet,409999,186062,Diesel,Individual,Manual,Higher,12.2,1994,105.3,9,16
5599,Volkswagen,550000,90000,Diesel,Individual,Manual,First Owner,20.14,1498,88.8,5,11
5600,Maruti,215000,100750,Petrol,Individual,Manual,Second Owner,16.1,1298,88.2,5,19
5601,Hyundai,110000,140000,Petrol,Individual,Manual,Second Owner,14.4,1599,94.0,5,20
5602,Honda,170000,110000,Petrol,Individual,Manual,Higher,17.7,1497,78.0,5,19
5603,Tata,850000,40000,Petrol,Individual,Manual,Second Owner,17.0,1198,108.5,5,8
5604,Hyundai,350000,148000,Diesel,Individual,Manual,Second Owner,23.0,1396,90.0,5,16
5606,Tata,250000,155000,Diesel,Individual,Manual,Second Owner,22.3,1248,74.0,5,11
5607,Ford,433000,70000,Diesel,Individual,Manual,First Owner,25.83,1498,99.0,5,11
5608,Toyota,1200000,100000,Diesel,Individual,Manual,First Owner,11.5,2159,152.925,7,16
5609,Hyundai,300000,45000,Petrol,Individual,Manual,First Owner,21.1,814,55.2,5,11
5610,Maruti,70000,40000,Petrol,Individual,Manual,Second Owner,17.3,993,60.0,5,28
5611,Mahindra,760000,90000,Diesel,Individual,Manual,Second Owner,15.96,2159,62.1,7,9
5612,Hyundai,250000,20000,Petrol,Individual,Manual,First Owner,21.1,814,55.2,5,12
5613,Hyundai,187000,120000,Petrol,Individual,Manual,Second Owner,17.92,1086,62.1,5,13
5614,Others,1320000,9000,Diesel,Dealer,Automatic,First Owner,13.6,1999,152.925,5,9
5615,Others,1320000,20000,Petrol,Dealer,Automatic,First Owner,22.37,2159,152.925,5,7
5616,Others,1320000,45000,Diesel,Dealer,Automatic,First Owner,19.33,1999,152.925,5,9
5617,Tata,503000,110000,Diesel,Individual,Manual,First Owner,14.1,2159,147.94,7,11
5618,Others,1320000,20000,Diesel,Individual,Automatic,First Owner,18.0,1969,152.925,5,7
5619,Toyota,1320000,68089,Petrol,Dealer,Automatic,First Owner,19.16,2159,152.925,5,10
5620,Maruti,225000,58343,Petrol,Dealer,Manual,First Owner,21.79,998,67.05,5,13
5621,Maruti,740000,38817,Diesel,Dealer,Manual,First Owner,27.39,1248,74.0,5,8
5622,Honda,550000,56494,Petrol,Dealer,Manual,First Owner,18.2,1199,88.7,5,10
5623,Toyota,750000,79328,Diesel,Dealer,Manual,Second Owner,12.99,2159,100.6,7,13
5624,Maruti,650000,5621,Petrol,Dealer,Automatic,First Owner,22.0,1197,81.8,5,7
5625,Toyota,625000,25538,Petrol,Dealer,Manual,First Owner,16.78,1496,88.73,5,9
5626,Maruti,600000,69779,Petrol,Dealer,Automatic,First Owner,22.0,1197,81.8,5,8
5627,Hyundai,450000,56290,Diesel,Dealer,Manual,First Owner,24.0,1186,73.97,5,9
5628,Others,1320000,7500,Diesel,Dealer,Automatic,First Owner,16.78,1995,152.925,5,7
5629,Others,1320000,8500,Diesel,Dealer,Automatic,First Owner,16.78,1995,152.925,5,7
5630,Honda,779000,7032,Petrol,Dealer,Automatic,First Owner,19.0,1199,88.76,5,7
5631,Others,645000,11000,Petrol,Dealer,Automatic,First Owner,14.3,1598,103.5,5,10
5632,Others,1320000,2000,Diesel,Dealer,Automatic,First Owner,16.8,1984,150.0,5,8
5633,Maruti,335000,90000,Diesel,Individual,Manual,Second Owner,22.9,1248,74.0,5,13
5634,Maruti,488000,80000,Petrol,Individual,Manual,Second Owner,20.85,1197,83.14,5,10
5635,Maruti,111000,110000,Petrol,Individual,Manual,Higher,15.6,1586,104.68,5,18
5636,Maruti,600000,70000,Diesel,Individual,Manual,First Owner,26.21,1248,88.5,5,11
5637,Maruti,570000,5000,Petrol,Individual,Manual,First Owner,21.21,1197,81.8,5,6
5638,Hyundai,110000,75000,Petrol,Individual,Manual,Second Owner,17.8,1086,63.0,5,19
5639,Maruti,434999,50000,Petrol,Individual,Manual,First Owner,18.6,1197,85.8,5,12
5640,Hyundai,229999,70000,Petrol,Individual,Manual,First Owner,21.1,814,55.2,5,12
5641,Others,490000,90000,Diesel,Individual,Manual,Second Owner,20.45,1461,83.8,5,12
5642,Maruti,300000,100000,Petrol,Individual,Manual,Second Owner,17.5,1298,85.8,5,15
5643,Chevrolet,350000,90000,Petrol,Individual,Manual,First Owner,17.8,1199,76.8,5,9
5644,Honda,580000,35000,Petrol,Individual,Manual,First Owner,17.5,1199,88.7,5,7
5645,Tata,385000,155000,Diesel,Individual,Manual,First Owner,25.0,1396,69.01,5,9
5646,Hyundai,434999,19500,Petrol,Dealer,Manual,First Owner,20.3,1086,68.07,5,7
5647,Toyota,1320000,50000,Diesel,Individual,Manual,First Owner,14.24,2159,152.925,7,8
5648,Hyundai,495000,30000,Petrol,Dealer,Manual,First Owner,18.6,1197,81.83,5,11
5649,Hyundai,575000,53000,Diesel,Dealer,Manual,First Owner,22.54,1396,88.73,5,10
5650,Tata,200000,120000,Diesel,Individual,Manual,Second Owner,19.09,1405,69.01,5,13
5651,Mahindra,140000,120000,Diesel,Individual,Manual,Second Owner,21.03,1461,65.0,5,14
5652,Ford,300000,64000,Diesel,Individual,Manual,Second Owner,17.8,1399,67.0,5,14
5653,Chevrolet,350000,50000,Petrol,Individual,Manual,First Owner,18.2,1199,82.4,5,11
5654,Tata,250000,80000,Diesel,Individual,Manual,Second Owner,19.09,1405,69.01,5,11
5655,Tata,280000,80000,Diesel,Individual,Manual,First Owner,21.02,1248,88.76,5,13
5656,Hyundai,600000,5000,Petrol,Individual,Manual,First Owner,20.14,1197,81.86,5,9
5657,Hyundai,700000,25000,Petrol,Individual,Manual,First Owner,17.01,1591,121.4,5,11
5658,Honda,560000,72000,Diesel,Dealer,Manual,First Owner,26.0,1498,98.6,5,12
5660,Renault,880000,65000,Diesel,Individual,Manual,First Owner,19.98,1461,108.5,8,9
5661,Mahindra,250000,80000,Diesel,Individual,Manual,First Owner,13.6,2159,63.0,7,21
5662,Mahindra,550000,120000,Diesel,Individual,Manual,First Owner,15.96,2159,62.1,9,10
5663,Hyundai,530000,60000,Diesel,Individual,Manual,First Owner,25.4,1186,73.97,5,8
5664,Mahindra,750000,110000,Diesel,Individual,Manual,Second Owner,15.1,2159,140.0,7,13
5665,Maruti,310000,35000,Petrol,Individual,Manual,First Owner,24.7,796,47.3,5,9
5666,Maruti,620000,130000,Diesel,Individual,Manual,First Owner,20.77,1248,88.8,7,12
5667,Maruti,400000,186062,Diesel,Individual,Manual,Second Owner,22.9,1248,74.0,5,13
5668,Tata,67000,80000,Diesel,Individual,Manual,Second Owner,17.2,1396,53.5,5,18
5669,Ford,480000,80000,Diesel,Individual,Manual,First Owner,25.83,1498,99.0,5,11
5670,Maruti,110000,48676,Petrol,Individual,Manual,First Owner,19.7,796,35.0,8,18
5672,Others,475000,40000,Petrol,Individual,Manual,First Owner,20.62,1198,67.0,7,8
5675,Maruti,300000,15000,Petrol,Individual,Manual,Second Owner,24.7,796,47.3,5,8
5676,Maruti,100000,70000,Petrol,Individual,Manual,First Owner,19.7,796,46.3,5,19
5677,Tata,70000,80000,Diesel,Individual,Manual,Second Owner,17.0,1405,71.0,5,15
5678,Ford,900000,60000,Diesel,Individual,Manual,First Owner,22.77,1498,98.59,5,9
5679,Toyota,650000,120000,Diesel,Individual,Manual,Second Owner,23.59,1364,67.04,5,9
5681,Maruti,50000,180000,Petrol,Individual,Manual,Higher,17.3,993,60.0,5,26
5682,Hyundai,550000,70000,Petrol,Individual,Manual,First Owner,18.9,1197,82.0,5,10
5683,Renault,475000,186062,Diesel,Individual,Manual,First Owner,20.46,1461,83.8,5,13
5684,Hyundai,425000,15000,Petrol,Individual,Manual,First Owner,20.3,1086,68.0,5,7
5685,Maruti,900000,65000,Diesel,Individual,Manual,First Owner,28.09,1248,88.5,5,9
5686,Hyundai,516000,90000,Petrol,Individual,Manual,First Owner,18.6,1197,81.83,5,11
5687,Tata,150000,70000,Petrol,Individual,Manual,Second Owner,16.5,1172,65.0,5,15
5688,Maruti,400000,30000,Petrol,Individual,Manual,First Owner,20.51,998,67.04,5,10
5689,Mahindra,800000,79500,Diesel,Individual,Manual,First Owner,15.4,2159,120.0,7,10
5690,Hyundai,165000,90000,Petrol,Individual,Manual,Higher,17.8,1086,63.0,5,19
5691,Others,1000000,110000,Diesel,Individual,Manual,First Owner,20.45,1461,83.8,5,11
5692,Maruti,440000,110000,Diesel,Individual,Manual,First Owner,26.59,1248,74.0,5,11
5693,Hyundai,390000,153000,Diesel,Individual,Manual,First Owner,22.32,1582,126.32,5,15
5694,Ford,136000,186062,Petrol,Individual,Manual,First Owner,16.6,1388,68.0,5,18
5695,Maruti,475000,149000,Diesel,Individual,Manual,First Owner,23.4,1248,74.0,5,13
5696,Ford,515000,100000,Diesel,Individual,Manual,First Owner,25.83,1498,99.0,5,10
5697,Tata,175000,90000,Diesel,Individual,Manual,Second Owner,15.42,1405,70.0,7,14
5698,Maruti,380000,80000,Diesel,Individual,Manual,Higher,21.5,1248,88.8,5,14
5700,Maruti,535000,12000,Petrol,Individual,Manual,First Owner,20.89,1197,81.8,5,8
5701,Hyundai,215000,40000,Petrol,Individual,Manual,Second Owner,20.36,1197,78.9,5,15
5702,Maruti,70000,100000,Petrol,Individual,Manual,Second Owner,17.3,993,60.0,5,29
5703,Hyundai,445000,27000,Petrol,Individual,Manual,First Owner,18.9,1197,81.86,5,9
5704,Maruti,335000,120000,Petrol,Individual,Manual,First Owner,20.51,998,67.04,5,11
5705,Mahindra,600000,80000,Diesel,Individual,Manual,First Owner,15.96,2159,62.1,7,11
5706,Maruti,300000,49025,Petrol,Individual,Manual,First Owner,15.37,1196,73.0,5,12
5707,Tata,110000,15000,Petrol,Individual,Manual,First Owner,25.4,624,37.5,4,11
5708,Maruti,240000,90000,Petrol,Individual,Manual,Second Owner,23.95,998,67.05,5,12
5709,Tata,300000,90000,Petrol,Individual,Manual,First Owner,23.84,1199,84.0,5,10
5710,Others,1320000,90000,Diesel,Individual,Automatic,Second Owner,14.49,2159,152.925,5,16
5711,Tata,50000,80000,Diesel,Individual,Manual,Higher,17.2,1396,53.5,5,19
5712,Chevrolet,295000,186062,Diesel,Individual,Manual,Second Owner,14.8,2159,80.0,10,17
5713,Mahindra,310000,90000,Diesel,Individual,Manual,Higher,10.5,2159,120.0,8,20
5714,Maruti,29999,80000,Petrol,Individual,Manual,Higher,16.1,796,37.0,4,29
5715,Honda,925000,22000,Petrol,Individual,Manual,First Owner,17.8,1497,117.3,5,10
5716,Maruti,640000,70000,Diesel,Individual,Manual,First Owner,24.3,1248,88.5,5,10
5717,Maruti,350000,35000,Petrol,Individual,Manual,First Owner,17.5,1197,85.8,5,14
5718,Maruti,385000,120000,Petrol,Individual,Manual,First Owner,19.1,1197,85.8,5,13
5719,Maruti,409999,100000,Diesel,Individual,Manual,Second Owner,23.4,1248,74.0,5,13
5720,Mahindra,1300000,40000,Diesel,Individual,Automatic,First Owner,16.0,2159,140.0,7,10
5721,Ford,210000,60000,Petrol,Individual,Manual,Higher,15.3,1596,101.0,5,17
5722,Mahindra,300000,110000,Diesel,Individual,Manual,First Owner,10.5,2159,120.0,7,19
5723,Mahindra,450000,112000,Diesel,Individual,Manual,First Owner,10.5,2159,120.0,9,18
5724,Ford,170000,70000,Diesel,Individual,Manual,Second Owner,20.0,1399,68.0,5,15
5725,Honda,650000,140000,Diesel,Individual,Manual,First Owner,25.1,1498,98.6,5,12
5726,Maruti,125000,94000,Petrol,Individual,Automatic,Higher,15.9,1298,85.0,5,29
5727,Maruti,145000,70000,Petrol,Individual,Manual,First Owner,19.7,796,46.3,5,14
5728,Volkswagen,681000,27000,Diesel,Individual,Manual,First Owner,20.14,1498,88.0,5,8
5729,Honda,635000,173000,Diesel,Individual,Manual,First Owner,25.1,1498,98.6,5,11
5730,Maruti,140000,80000,Petrol,Individual,Manual,Second Owner,19.7,796,46.3,5,16
5731,Honda,750000,86000,Diesel,Individual,Manual,Higher,26.0,1498,98.6,5,10
5732,Honda,611000,80000,Diesel,Individual,Manual,Second Owner,26.0,1498,98.6,5,11
5733,Maruti,110000,120000,Petrol,Individual,Manual,Higher,19.7,796,46.3,5,19
5734,Maruti,100000,100000,Petrol,Individual,Automatic,Second Owner,16.0,1061,64.0,5,20
5735,Tata,225000,120000,Diesel,Individual,Manual,First Owner,22.3,1248,74.0,5,12
5736,Hyundai,250000,186062,Diesel,Individual,Manual,Higher,16.2,1493,110.0,5,16
5737,Mahindra,385000,120000,Diesel,Individual,Manual,Second Owner,14.0,2159,75.0,8,15
5738,Maruti,135000,70000,Petrol,Individual,Manual,First Owner,19.7,796,46.3,5,14
5739,Maruti,65000,100000,Petrol,Individual,Manual,Second Owner,19.7,796,46.3,5,20
5740,Maruti,260000,120000,Petrol,Individual,Manual,First Owner,23.95,998,67.05,5,10
5741,Maruti,465000,120000,Diesel,Individual,Manual,Second Owner,23.4,1248,74.0,5,12
5743,Mahindra,430000,20000,Petrol,Individual,Manual,Second Owner,18.15,1198,82.0,6,9
5744,Hyundai,200000,81000,Petrol,Individual,Manual,Higher,17.0,1197,80.0,5,17
5745,Chevrolet,125000,90000,Petrol,Individual,Manual,Second Owner,18.6,1199,79.4,5,15
5746,Maruti,45000,60000,Petrol,Individual,Manual,Second Owner,16.1,796,37.0,4,25
5747,Chevrolet,124000,40000,Petrol,Individual,Manual,Second Owner,18.6,1199,79.4,5,14
5748,Tata,80000,80000,Petrol,Individual,Manual,Higher,15.3,1193,65.3,5,19
5749,Maruti,545000,35000,Other,Individual,Manual,First Owner,22.8,1373,80.9,7,12
5750,Maruti,1050000,20000,Diesel,Individual,Manual,First Owner,25.47,1248,88.5,7,7
5751,Chevrolet,200000,50000,Petrol,Individual,Manual,First Owner,18.2,1199,82.4,5,11
5752,Mahindra,1100000,77000,Diesel,Individual,Automatic,Second Owner,16.0,2159,140.0,7,11
5753,Mahindra,750000,50000,Diesel,Individual,Manual,First Owner,15.1,2159,140.0,7,12
5754,Tata,425000,13500,Petrol,Individual,Manual,First Owner,23.84,1199,84.0,5,10
5755,Maruti,300000,38000,Petrol,Individual,Manual,First Owner,24.7,796,47.3,5,10
5756,Maruti,1200000,14000,Diesel,Individual,Manual,First Owner,25.47,1248,88.5,7,7
5757,Honda,240000,70000,Petrol,Individual,Manual,First Owner,13.5,1799,130.0,5,17
5758,Mahindra,450000,55000,Diesel,Individual,Manual,Second Owner,25.32,1198,77.0,6,10
5759,Maruti,80000,150000,Petrol,Individual,Manual,Higher,18.9,998,67.1,5,20
5760,Mahindra,500000,160000,Diesel,Individual,Manual,First Owner,15.96,2159,62.1,7,13
5761,Chevrolet,295000,50000,Diesel,Individual,Manual,First Owner,22.1,1248,76.9,5,13
5762,Tata,100000,120000,Diesel,Individual,Manual,Higher,19.09,1396,69.0,5,18
5763,Hyundai,700000,76460,Diesel,Individual,Manual,First Owner,22.32,1582,126.32,5,13
5764,Ford,180000,125000,Diesel,Individual,Manual,Second Owner,20.0,1399,68.0,5,15
5765,Mahindra,225000,110000,Diesel,Individual,Manual,Second Owner,20.8,1461,65.0,5,14
5766,Hyundai,310000,25000,Petrol,Individual,Manual,First Owner,21.1,814,55.2,5,9
5767,Honda,625000,30000,Diesel,Individual,Manual,First Owner,26.0,1498,98.6,5,11
5768,Hyundai,275000,70000,Other,Individual,Manual,Second Owner,19.2,1086,68.05,5,13
5769,Hyundai,245000,110000,Petrol,Individual,Manual,Second Owner,19.81,1086,68.05,5,13
5770,Maruti,160000,186062,Petrol,Individual,Manual,First Owner,19.0,998,67.1,5,16
5771,Hyundai,250000,80000,Petrol,Individual,Manual,First Owner,21.1,814,55.2,5,12
5772,Honda,450000,76000,Diesel,Individual,Manual,First Owner,25.8,1498,98.6,5,12
5773,Tata,85000,150000,Diesel,Individual,Manual,Second Owner,17.2,1396,53.5,5,19
5774,Toyota,1320000,35000,Diesel,Individual,Manual,First Owner,13.68,2159,147.8,7,8
5775,Hyundai,550000,40000,Petrol,Individual,Manual,First Owner,18.6,1197,81.83,5,10
5776,Ford,551000,110000,Diesel,Individual,Manual,First Owner,22.77,1498,98.59,5,11
5777,Hyundai,500000,60000,Petrol,Individual,Manual,First Owner,20.14,1197,81.86,5,7
5778,Honda,585000,15000,Petrol,Individual,Manual,First Owner,17.8,1198,86.7,5,8
5779,Hyundai,172000,120000,Petrol,Individual,Manual,First Owner,16.36,1495,93.7,5,13
5780,Hyundai,360000,100000,Diesel,Individual,Manual,Second Owner,22.32,1582,126.32,5,14
5781,Tata,350000,24000,Diesel,Individual,Manual,Second Owner,27.28,1047,69.0,5,9
5782,Ford,700000,53000,Diesel,Individual,Manual,First Owner,23.0,1498,98.96,5,8
5783,Maruti,148000,40000,Petrol,Individual,Manual,Higher,19.7,796,46.3,5,15
5784,Maruti,330000,47370,Other,Individual,Manual,First Owner,21.94,1196,63.0,5,10
5785,Others,110000,120000,Diesel,Individual,Manual,Second Owner,18.7,1896,66.0,5,19
5786,Maruti,450000,100000,Diesel,Individual,Manual,First Owner,25.2,1248,73.94,5,11
5787,Chevrolet,260000,80000,Diesel,Individual,Manual,Second Owner,11.5,1991,147.9,7,17
5788,Hyundai,200000,91000,Petrol,Individual,Manual,Second Owner,20.36,1197,78.9,5,15
5789,Maruti,430000,20000,Other,Individual,Manual,First Owner,30.63,998,58.3,4,7
5790,Mahindra,550000,80000,Diesel,Individual,Manual,Second Owner,12.05,2159,120.0,8,13
5791,Maruti,245000,80000,Diesel,Individual,Manual,First Owner,23.2,1248,73.94,5,13
5792,Maruti,320000,80000,Other,Individual,Manual,First Owner,21.94,1196,61.7,5,10
5793,Hyundai,120000,110000,Other,Individual,Manual,Higher,13.2,1495,94.0,5,18
5794,Hyundai,615000,120000,Diesel,Individual,Manual,First Owner,22.7,1582,126.24,5,13
5795,Others,600000,90000,Diesel,Individual,Automatic,First Owner,17.2,1968,138.1,5,13
5796,Volkswagen,300000,120000,Petrol,Individual,Manual,Second Owner,14.3,1798,152.925,5,16
5797,Ford,400000,45217,Diesel,Dealer,Manual,First Owner,25.83,1498,99.0,5,10
5798,Hyundai,1000000,60000,Diesel,Individual,Automatic,Second Owner,17.01,1582,126.2,5,9
5799,Hyundai,525000,70000,Petrol,Individual,Manual,Second Owner,13.44,2159,152.925,5,14
5800,Others,300000,133000,Diesel,Individual,Manual,First Owner,20.3,1248,75.0,5,13
5801,Others,220000,117000,Diesel,Individual,Manual,Second Owner,20.3,1248,75.0,5,15
5802,Mahindra,850000,173000,Diesel,Individual,Manual,First Owner,16.0,2159,140.0,7,11
5803,Honda,500000,35000,Petrol,Individual,Manual,First Owner,17.0,1497,118.0,5,15
5804,Hyundai,59000,70000,Petrol,Individual,Manual,Second Owner,13.2,1495,94.0,5,23
5805,Maruti,130000,60000,Petrol,Individual,Manual,Higher,19.7,796,46.3,5,15
5806,Volkswagen,375000,120000,Petrol,Individual,Manual,Second Owner,16.2,1199,74.0,5,10
5808,Volkswagen,220000,186062,Diesel,Individual,Manual,First Owner,22.07,1199,73.9,5,15
5809,Toyota,625000,100000,Diesel,Individual,Manual,Second Owner,12.99,2159,100.57,7,13
5810,Maruti,295000,120000,Diesel,Individual,Manual,First Owner,23.2,1248,73.94,5,13
5812,Tata,235000,90000,Diesel,Individual,Manual,First Owner,14.0,1948,90.0,9,16
5813,Hyundai,500000,186062,Petrol,Individual,Manual,Second Owner,13.44,2159,152.925,5,14
5814,Maruti,509999,20000,Petrol,Individual,Manual,First Owner,22.0,1197,81.8,5,9
5815,Maruti,370000,16000,Other,Individual,Manual,First Owner,30.63,796,47.3,5,6
5816,Hyundai,370000,30000,Petrol,Individual,Manual,Second Owner,18.9,1197,82.0,5,10
5818,Mahindra,300000,186062,Diesel,Individual,Manual,First Owner,17.21,1493,100.0,7,14
5819,Hyundai,350000,20000,Petrol,Individual,Manual,First Owner,19.81,1086,68.05,5,11
5820,Renault,395000,20000,Petrol,Individual,Manual,First Owner,23.01,999,67.0,5,8
5821,Toyota,850000,100000,Diesel,Individual,Manual,First Owner,12.99,2159,100.6,8,11
5822,Toyota,1150000,40000,Diesel,Individual,Manual,First Owner,12.99,2159,100.6,7,11
5823,Others,1320000,35000,Diesel,Individual,Automatic,First Owner,14.74,2159,152.925,5,10
5824,Volkswagen,280000,120000,Diesel,Individual,Manual,Second Owner,20.54,1598,103.6,5,14
5825,Mahindra,775000,50000,Diesel,Individual,Manual,Second Owner,18.49,1493,100.0,7,8
5826,Hyundai,420000,100000,Diesel,Individual,Manual,Second Owner,22.32,1582,126.32,5,14
5827,Honda,310000,91000,Petrol,Individual,Manual,Second Owner,17.0,1497,118.0,5,16
5828,Others,1320000,50000,Diesel,Individual,Manual,First Owner,17.1,1956,152.925,5,9
5829,Others,375000,67000,Diesel,Individual,Manual,First Owner,20.4,1248,91.7,5,11
5830,Hyundai,500000,40000,Petrol,Individual,Manual,First Owner,18.9,1197,82.0,5,11
5831,Maruti,300000,100000,Diesel,Individual,Manual,Second Owner,23.2,1248,73.94,5,13
5832,Honda,155000,120000,Petrol,Individual,Manual,Second Owner,17.7,1497,78.0,5,18
5833,Maruti,350000,185000,Diesel,Individual,Manual,First Owner,23.4,1248,74.0,5,13
5834,Mahindra,950000,75000,Diesel,Individual,Automatic,Higher,16.0,2159,140.0,7,10
5835,Hyundai,350000,80000,Diesel,Individual,Manual,Higher,24.0,1120,70.0,5,11
5836,Others,1320000,30000,Diesel,Individual,Automatic,First Owner,12.4,1999,147.9,5,7
5837,Tata,537000,5000,Petrol,Individual,Manual,First Owner,17.0,1198,108.5,5,6
5838,Volkswagen,585000,10000,Petrol,Individual,Manual,First Owner,18.78,999,75.0,5,7
5840,Maruti,350000,140000,Diesel,Individual,Manual,First Owner,20.77,1248,88.76,7,14
5841,Hyundai,700000,19000,Petrol,Individual,Manual,First Owner,18.6,1197,81.86,5,7
5842,Maruti,849000,44600,Diesel,Dealer,Manual,First Owner,24.52,1248,88.5,7,9
5843,Volkswagen,574000,28080,Petrol,Dealer,Automatic,First Owner,8.470000000000002,1197,103.25,5,12
5844,Hyundai,484999,28800,Petrol,Dealer,Manual,First Owner,18.6,1197,81.83,5,12
5845,Renault,360000,21900,Petrol,Dealer,Manual,First Owner,20.71,799,53.26,5,8
5846,Volkswagen,575000,28100,Petrol,Dealer,Automatic,First Owner,8.470000000000002,1197,103.25,5,12
5847,Honda,550000,110000,Diesel,Individual,Manual,Second Owner,26.0,1498,98.6,5,12
5848,Hyundai,700000,100000,Diesel,Individual,Manual,First Owner,22.54,1396,88.73,5,10
5849,Maruti,825000,7673,Diesel,Individual,Automatic,First Owner,28.4,1248,74.02,5,7
5850,Maruti,114999,100000,Petrol,Individual,Manual,Second Owner,18.9,1061,67.0,5,18
5851,Tata,150000,75000,Petrol,Individual,Manual,Second Owner,15.0,1368,90.0,5,17
5852,Maruti,851000,50000,Diesel,Individual,Automatic,First Owner,28.4,1248,74.02,5,8
5853,Hyundai,550000,40000,Petrol,Individual,Manual,First Owner,17.43,1396,105.5,5,12
5854,Maruti,890000,40000,Diesel,Individual,Manual,First Owner,24.52,1248,88.5,7,10
5855,Hyundai,265000,100000,Petrol,Individual,Manual,Second Owner,18.5,1197,80.0,5,14
5856,Mahindra,900000,110000,Diesel,Individual,Manual,First Owner,15.4,1997,120.0,7,12
5857,Chevrolet,210000,96272,Diesel,Individual,Manual,First Owner,25.44,936,57.6,5,13
5858,Others,1320000,74000,Diesel,Individual,Automatic,First Owner,18.88,1995,152.925,5,11
5859,Toyota,750000,168000,Diesel,Individual,Manual,Second Owner,12.8,2159,102.0,7,15
5860,Ford,675000,7000,Petrol,Individual,Manual,First Owner,19.4,1194,94.93,5,7
5861,Hyundai,715000,60000,Diesel,Individual,Manual,First Owner,21.19,1396,88.73,5,9
5862,Tata,227999,60000,Diesel,Individual,Manual,Second Owner,25.0,1396,69.01,5,13
5863,Maruti,400000,22500,Petrol,Individual,Manual,First Owner,20.51,998,67.04,5,11
5864,Maruti,925000,7400,Diesel,Individual,Automatic,First Owner,24.3,1248,88.5,5,6
5865,Maruti,275000,70000,Petrol,Individual,Manual,Higher,17.5,1298,85.8,5,15
5866,Maruti,175000,67000,Petrol,Individual,Manual,First Owner,18.9,1061,67.0,5,17
5867,Ford,155000,110000,Diesel,Individual,Manual,Higher,17.7,1399,68.0,5,17
5868,Maruti,325000,175000,Diesel,Individual,Manual,Second Owner,21.5,1248,88.8,5,14
5869,Mahindra,700000,120000,Diesel,Individual,Manual,First Owner,12.05,2159,120.0,9,12
5870,Tata,50000,120000,Diesel,Individual,Manual,Higher,17.5,1396,70.0,5,18
5871,Mahindra,450000,186062,Diesel,Individual,Manual,First Owner,12.05,2159,120.0,9,14
5872,Hyundai,645000,150360,Diesel,Individual,Manual,First Owner,22.32,1582,126.32,5,12
5873,Tata,597000,15000,Diesel,Individual,Manual,First Owner,24.7,1047,69.0,5,9
5874,Renault,400000,30000,Petrol,Individual,Automatic,Second Owner,24.04,999,67.0,5,8
5875,Maruti,300000,150000,Diesel,Individual,Manual,First Owner,17.8,1248,75.0,5,17
5876,Maruti,573000,100000,Diesel,Individual,Manual,Second Owner,25.2,1248,74.0,5,11
5877,Maruti,180000,70000,Petrol,Individual,Manual,First Owner,20.92,998,67.1,5,15
5878,Tata,70000,40000,Petrol,Individual,Manual,First Owner,26.0,624,35.0,4,15
5879,Toyota,500000,154000,Diesel,Individual,Manual,Higher,12.8,2159,102.0,8,18
5880,Hyundai,110000,110000,Petrol,Individual,Manual,Second Owner,14.4,1599,94.0,5,22
5881,Maruti,450000,120000,Diesel,Individual,Manual,Second Owner,20.77,1248,88.76,7,13
5882,Tata,310000,145000,Diesel,Individual,Manual,First Owner,15.3,2159,83.83,7,13
5883,Mahindra,400000,30000,Diesel,Individual,Manual,First Owner,25.32,1198,77.0,6,9
5884,Maruti,390000,90000,Diesel,Individual,Manual,Second Owner,22.9,1248,74.0,5,12
5885,Maruti,122000,110000,Petrol,Individual,Manual,Higher,19.7,796,46.3,5,15
5886,Mahindra,741000,70000,Diesel,Individual,Manual,First Owner,15.4,1997,120.0,7,10
5887,Hyundai,330000,40000,Diesel,Individual,Manual,Second Owner,23.0,1396,90.0,5,14
5888,Mahindra,300000,166000,Diesel,Individual,Manual,Higher,12.05,2159,120.0,8,16
5889,Hyundai,215000,100000,Petrol,Individual,Manual,Higher,20.36,1197,78.9,5,15
5890,Maruti,150000,75000,Petrol,Individual,Manual,Higher,18.9,1061,67.0,5,17
5891,Hyundai,250000,42130,Petrol,Individual,Manual,First Owner,21.1,814,55.2,5,13
5892,Maruti,180000,53000,Petrol,Individual,Manual,Second Owner,21.1,1197,85.8,5,16
5893,Maruti,150000,106000,Petrol,Individual,Manual,Second Owner,17.3,993,60.0,5,20
5894,Toyota,275000,96000,Petrol,Individual,Manual,Second Owner,13.4,1794,125.0,5,21
5895,Maruti,556000,10000,Petrol,Individual,Manual,First Owner,21.01,1197,81.8,5,7
5896,Maruti,550000,37000,Petrol,Individual,Manual,First Owner,20.85,1197,83.14,5,10
5897,Mahindra,1320000,20000,Diesel,Individual,Automatic,First Owner,16.0,2159,138.0,7,8
5898,Toyota,549000,35000,Petrol,Individual,Manual,First Owner,17.71,1197,78.9,5,9
5899,Hyundai,630000,50000,Petrol,Individual,Manual,First Owner,18.6,1197,81.83,5,10
5900,Mahindra,679000,5000,Diesel,Individual,Manual,First Owner,8.470000000000002,2159,70.0,2,6
5902,Hyundai,1125000,47000,Diesel,Individual,Manual,Second Owner,19.67,1582,126.2,5,9
5903,Maruti,680000,71000,Diesel,Individual,Manual,First Owner,27.39,1248,74.0,5,9
5904,Honda,1050000,50000,Diesel,Individual,Manual,First Owner,25.6,1498,97.9,5,9
5905,Tata,450000,57000,Diesel,Individual,Manual,First Owner,23.0,1248,88.7,5,11
5906,Maruti,210000,43000,Petrol,Individual,Manual,First Owner,18.9,998,67.1,5,16
5907,Maruti,470000,60000,Diesel,Individual,Manual,First Owner,23.4,1248,74.0,5,12
5908,Maruti,470000,60000,Petrol,Individual,Manual,First Owner,19.1,1197,85.8,5,12
5909,Hyundai,550000,40000,Diesel,Individual,Manual,First Owner,22.54,1396,88.73,5,11
5910,Maruti,204999,60000,Petrol,Individual,Manual,First Owner,19.0,998,66.1,5,15
5911,Honda,950000,30000,Petrol,Individual,Automatic,First Owner,18.0,1497,117.3,5,11
5912,Hyundai,550000,160000,Diesel,Individual,Manual,Second Owner,22.54,1396,88.73,5,11
5913,Toyota,270000,147500,Diesel,Individual,Manual,Second Owner,12.8,2159,102.0,7,19
5914,Volkswagen,280000,90000,Diesel,Individual,Manual,Higher,22.07,1199,73.9,5,13
5915,Maruti,630000,70000,Diesel,Individual,Manual,Second Owner,28.09,1248,88.5,5,11
5916,Honda,220000,70000,Petrol,Individual,Manual,First Owner,17.7,1497,78.0,5,19
5917,Mahindra,320000,120000,Diesel,Individual,Manual,First Owner,14.95,2159,93.7,7,12
5918,Hyundai,225000,75000,Petrol,Individual,Manual,Second Owner,21.1,814,55.2,5,13
5919,Honda,380000,85000,Petrol,Individual,Manual,Second Owner,17.0,1497,118.0,5,16
5920,Maruti,380000,70000,Diesel,Individual,Manual,Higher,19.3,1248,73.9,5,14
5921,Volkswagen,600000,29000,Diesel,Individual,Manual,First Owner,22.0,1498,108.495,5,9
5922,Ford,620000,40000,Diesel,Individual,Manual,Second Owner,13.1,2159,141.0,7,12
5923,Hyundai,500000,90000,Diesel,Individual,Automatic,First Owner,19.08,1582,126.32,5,14
5924,Mahindra,700000,40000,Diesel,Individual,Automatic,First Owner,18.49,1493,100.0,7,11
5925,Ford,550000,138000,Diesel,Individual,Manual,First Owner,22.77,1498,98.59,5,11
5926,Maruti,600000,70000,Diesel,Individual,Manual,First Owner,25.2,1248,74.0,5,10
5927,Volkswagen,550000,30000,Petrol,Individual,Manual,Second Owner,19.44,999,75.0,5,7
5928,Hyundai,475000,125000,Diesel,Individual,Manual,Higher,22.32,1582,126.3,5,13
5929,Honda,615000,120000,Diesel,Individual,Manual,Second Owner,26.0,1498,98.6,5,11
5930,Maruti,385000,180000,Diesel,Individual,Manual,Second Owner,23.4,1248,74.0,5,13
5931,Tata,500000,20000,Petrol,Individual,Manual,First Owner,17.57,1193,88.7,5,11
5932,Renault,450000,80000,Diesel,Individual,Manual,First Owner,19.87,1461,83.8,5,14
5933,Toyota,969999,110000,Diesel,Individual,Manual,Second Owner,12.99,2159,100.6,7,12
5934,Hyundai,580000,80000,Diesel,Individual,Manual,Second Owner,22.32,1582,126.32,5,13
5935,Toyota,550000,40000,Diesel,Individual,Manual,First Owner,23.59,1364,67.05,5,9
5936,Honda,780000,30000,Petrol,Individual,Manual,First Owner,17.5,1199,88.7,5,8
5937,Ford,500000,80000,Diesel,Individual,Manual,First Owner,25.01,1498,89.75,5,12
5938,Others,270000,140000,Diesel,Individual,Manual,Second Owner,20.0,1968,108.5,5,15
5939,Maruti,335000,25000,Petrol,Individual,Manual,First Owner,23.95,998,67.05,5,9
5940,Maruti,755000,20000,Diesel,Individual,Manual,First Owner,28.4,1248,74.02,5,9
5941,Hyundai,651000,42323,Diesel,Dealer,Manual,First Owner,21.19,1396,88.76,5,10
5942,Others,1075000,42545,Diesel,Dealer,Automatic,First Owner,19.62,1998,152.925,5,15
5943,Maruti,690000,32000,Diesel,Dealer,Manual,First Owner,25.1,1248,88.5,5,10
5944,Maruti,589000,41232,Diesel,Dealer,Manual,First Owner,26.59,1248,74.0,5,9
5945,Mahindra,445000,40200,Diesel,Dealer,Manual,First Owner,21.0,1498,74.96,7,11
5946,Ford,475000,48000,Diesel,Dealer,Manual,Second Owner,21.7,1498,98.96,5,13
5947,Honda,465000,27233,Diesel,Dealer,Manual,First Owner,27.4,1498,98.63,5,12
5948,Tata,225000,35000,Petrol,Individual,Manual,First Owner,15.0,1368,90.0,5,15
5949,Toyota,310000,186062,Diesel,Individual,Manual,Second Owner,12.8,2159,102.0,8,21
5950,Tata,445000,63000,Diesel,Dealer,Manual,First Owner,15.3,2159,83.8,9,10
5951,Mahindra,445000,62000,Diesel,Dealer,Manual,First Owner,21.0,1498,74.96,7,11
5952,Tata,450000,68240,Diesel,Dealer,Manual,First Owner,13.93,2159,138.1,7,14
5953,Mahindra,450000,78000,Diesel,Dealer,Manual,First Owner,15.4,1997,120.0,7,18
5955,Maruti,200000,35000,Petrol,Dealer,Manual,First Owner,18.9,998,67.1,5,16
5956,Maruti,611000,9000,Petrol,Dealer,Manual,First Owner,19.1,1197,85.8,5,8
5957,Hyundai,819999,39000,Diesel,Dealer,Manual,First Owner,19.67,1582,126.2,5,10
5958,Hyundai,825000,39000,Diesel,Dealer,Manual,First Owner,21.38,1396,88.7,5,10
5959,Ford,599000,92651,Diesel,Dealer,Manual,First Owner,21.7,1498,98.96,5,11
5960,Maruti,490000,28000,Petrol,Dealer,Manual,First Owner,16.1,1197,85.0,5,8
5961,Hyundai,340000,30000,Petrol,Individual,Manual,First Owner,21.1,814,55.2,5,9
5962,Others,1000000,80000,Petrol,Individual,Automatic,Higher,10.93,2159,152.925,5,17
5963,Hyundai,1237000,46000,Diesel,Individual,Manual,First Owner,19.67,1582,126.2,5,8
5964,Volkswagen,350000,70000,Diesel,Individual,Manual,Second Owner,22.07,1199,73.9,5,13
5965,Maruti,31000,56194,Petrol,Individual,Manual,Higher,16.1,796,37.0,4,26
5966,Maruti,695000,40000,Petrol,Individual,Manual,First Owner,22.0,1197,81.8,5,8
5967,Maruti,270000,40000,Petrol,Individual,Manual,First Owner,22.74,796,47.3,5,11
5968,Maruti,790000,120000,Diesel,Individual,Manual,First Owner,24.52,1248,88.5,7,10
5969,Maruti,590000,120000,Diesel,Individual,Manual,First Owner,25.2,1248,74.0,5,10
5970,Maruti,635000,120000,Petrol,Individual,Automatic,First Owner,21.21,1197,81.8,5,9
5971,Mahindra,540000,110000,Diesel,Individual,Manual,Second Owner,15.96,2159,62.1,7,11
5972,Renault,265000,67000,Diesel,Individual,Manual,Second Owner,23.08,1461,63.12,5,14
5973,Maruti,600000,50000,Diesel,Individual,Manual,First Owner,23.4,1248,74.0,5,12
5974,Hyundai,409999,100000,Diesel,Individual,Manual,Second Owner,22.32,1582,126.3,5,14
5975,Toyota,525000,80000,Diesel,Individual,Manual,Second Owner,23.59,1364,67.05,5,11
5976,Ford,150000,50000,Diesel,Individual,Manual,First Owner,18.5,1399,68.0,5,15
5977,Maruti,55000,70000,Petrol,Individual,Manual,Higher,15.9,1298,85.0,5,19
5978,Maruti,130000,70000,Petrol,Individual,Manual,Second Owner,14.0,796,35.0,5,15
5979,Maruti,925000,50000,Diesel,Individual,Manual,First Owner,24.3,1248,88.5,5,9
5980,Renault,690000,65000,Diesel,Individual,Manual,Second Owner,21.04,1461,83.8,7,9
5981,Maruti,560000,186062,Diesel,Individual,Manual,Second Owner,20.77,1248,88.76,7,14
5982,Maruti,950000,7500,Diesel,Individual,Manual,First Owner,28.09,1248,88.5,5,8
5983,Renault,695000,65000,Diesel,Individual,Manual,Second Owner,21.04,1461,83.8,7,9
5984,Maruti,450000,35000,Petrol,Individual,Manual,Second Owner,18.6,1197,85.8,5,13
5985,Others,1320000,60000,Diesel,Individual,Automatic,First Owner,16.2,2159,152.925,5,13
5986,Maruti,229999,71000,Petrol,Individual,Manual,First Owner,16.1,1197,85.0,5,17
5987,Maruti,300000,30000,Petrol,Individual,Manual,First Owner,23.95,998,67.05,5,9
5988,Maruti,200000,50000,Petrol,Individual,Manual,Second Owner,19.7,796,46.3,5,14
5989,Others,725000,80000,Diesel,Individual,Automatic,Second Owner,14.84,2143,152.925,5,18
5990,Others,235000,90000,Petrol,Individual,Manual,Second Owner,18.06,1198,75.0,5,15
5991,Hyundai,666000,13000,Petrol,Individual,Manual,First Owner,18.6,1197,81.83,5,9
5992,Maruti,65000,100000,Petrol,Individual,Manual,Higher,16.1,796,37.0,4,26
5994,Honda,834000,30000,Diesel,Individual,Manual,First Owner,25.5,1498,98.6,5,8
5995,Mahindra,430000,120000,Diesel,Individual,Manual,First Owner,15.96,2159,62.1,7,14
5996,Maruti,360000,120000,Diesel,Individual,Manual,Second Owner,17.8,1248,75.0,5,16
5997,Hyundai,240000,70000,Petrol,Individual,Manual,First Owner,21.1,814,55.2,5,12
5998,Maruti,210000,186062,Diesel,Individual,Manual,First Owner,25.2,1248,74.0,5,10
5999,Tata,135000,148000,Diesel,Individual,Manual,Second Owner,19.09,1396,69.0,5,16
6000,Mahindra,700000,54188,Diesel,Individual,Manual,First Owner,18.49,1493,100.0,7,9
6001,Mahindra,750000,60000,Diesel,Individual,Manual,First Owner,18.49,1493,100.0,7,9
6002,Others,425000,90000,Diesel,Individual,Manual,First Owner,20.5,1598,103.5,5,14
6003,Chevrolet,150000,100000,Petrol,Individual,Manual,Higher,18.6,1199,79.4,5,15
6004,Hyundai,215000,40000,Petrol,Individual,Manual,First Owner,21.1,814,55.2,5,12
6005,Others,225000,35000,Petrol,Individual,Manual,First Owner,20.63,1198,67.0,5,12
6006,Renault,330000,20000,Petrol,Individual,Manual,First Owner,23.01,999,67.0,5,9
6007,Maruti,54000,144000,Other,Individual,Manual,Second Owner,10.9,796,32.8,5,19
6008,Hyundai,374000,54043,Petrol,Dealer,Automatic,First Owner,18.9,1197,81.86,5,12
6009,Hyundai,549000,66657,Diesel,Dealer,Automatic,First Owner,22.32,1582,126.32,5,14
6010,Tata,390000,42000,Diesel,Individual,Manual,Second Owner,19.09,1405,69.01,5,10
6011,Hyundai,455999,35582,Petrol,Dealer,Manual,First Owner,18.5,1197,82.85,5,13
6012,Volkswagen,453000,54327,Petrol,Dealer,Automatic,Second Owner,17.2,1197,103.6,5,13
6013,Volkswagen,579000,7949,Petrol,Dealer,Manual,First Owner,17.0,1198,73.75,5,10
6014,Hyundai,258000,59734,Petrol,Dealer,Automatic,First Owner,16.95,1197,78.9,5,16
6015,Honda,428000,49185,Petrol,Dealer,Manual,First Owner,16.8,1497,116.4,5,14
6016,Hyundai,262000,56389,Petrol,Dealer,Manual,First Owner,20.36,1197,78.9,5,15
6017,Volkswagen,389000,58245,Petrol,Dealer,Manual,First Owner,16.47,1198,73.9,5,13
6018,Others,346000,36422,Petrol,Dealer,Manual,First Owner,18.44,1198,75.0,5,11
6019,Honda,339000,42535,Petrol,Dealer,Manual,First Owner,16.7,1198,88.8,5,15
6020,Hyundai,272000,40736,Petrol,Dealer,Automatic,First Owner,16.95,1197,78.9,5,15
6021,Maruti,369000,56246,Petrol,Dealer,Manual,First Owner,18.6,1197,85.8,5,14
6022,Maruti,277000,55403,Petrol,Dealer,Manual,First Owner,18.6,1197,85.8,5,15
6023,Tata,535000,30000,Petrol,Individual,Manual,First Owner,20.3,1199,84.0,5,8
6024,Maruti,265000,67000,Petrol,Individual,Manual,First Owner,23.95,998,67.05,5,11
6025,Hyundai,400000,70000,Petrol,Individual,Manual,First Owner,17.01,1591,121.3,5,13
6026,Hyundai,459999,90000,Diesel,Individual,Manual,Second Owner,24.0,1120,70.0,5,12
6027,Hyundai,667000,7500,Petrol,Individual,Manual,First Owner,18.6,1197,81.86,5,7
6028,Tata,300000,80000,Diesel,Individual,Manual,Second Owner,11.57,2159,138.1,7,15
6029,Tata,229999,186000,Diesel,Individual,Manual,First Owner,23.57,1396,70.0,5,14
6030,Tata,200000,110000,Diesel,Individual,Manual,Second Owner,25.0,1396,69.0,5,10
6031,Ford,150000,120000,Diesel,Individual,Manual,Higher,17.8,1399,68.0,5,21
6032,Ford,280000,105358,Diesel,Individual,Manual,Higher,17.8,1399,67.0,5,14
6033,Hyundai,590000,70000,Petrol,Individual,Manual,Second Owner,18.6,1197,81.83,5,12
6034,Hyundai,142000,49200,Petrol,Individual,Manual,Second Owner,19.81,1086,68.05,5,16
6035,Honda,850000,40000,Petrol,Individual,Manual,First Owner,17.4,1497,117.6,5,9
6036,Honda,600000,40000,Diesel,Individual,Manual,Second Owner,24.2,1498,98.6,7,12
6037,Mahindra,700000,40000,Diesel,Individual,Manual,First Owner,18.49,1493,100.0,7,9
6038,Chevrolet,200000,70000,Petrol,Individual,Manual,First Owner,18.6,1199,79.4,5,13
6039,Hyundai,900000,110000,Diesel,Individual,Manual,First Owner,19.67,1582,126.2,5,10
6040,Maruti,220000,100000,Petrol,Individual,Manual,First Owner,23.95,998,67.05,5,12
6041,Hyundai,650000,10000,Petrol,Individual,Automatic,Second Owner,18.9,1197,81.86,5,8
6042,Toyota,1320000,70000,Diesel,Individual,Automatic,First Owner,15.04,2159,152.925,7,9
6043,Toyota,1320000,100600,Diesel,Individual,Manual,Second Owner,13.68,2159,147.8,8,10
6044,Others,1320000,50000,Diesel,Individual,Automatic,First Owner,16.09,1995,152.925,5,14
6045,Mahindra,800000,136000,Diesel,Individual,Manual,First Owner,15.1,2159,140.0,7,12
6046,Others,1320000,48000,Diesel,Individual,Automatic,Second Owner,17.9,2143,136.0,5,9
6047,Ford,250000,110000,Diesel,Individual,Manual,Higher,17.8,1399,68.0,5,16
6048,Renault,550000,86000,Diesel,Individual,Manual,First Owner,19.01,1461,108.45,5,14
6049,Maruti,125000,141000,Petrol,Individual,Manual,Second Owner,19.7,796,46.3,5,17
6050,Honda,450000,80000,Petrol,Individual,Manual,Higher,17.0,1497,118.0,5,15
6051,Mahindra,850000,140000,Diesel,Individual,Manual,First Owner,16.0,2159,140.0,7,11
6052,Maruti,459999,65000,Diesel,Individual,Manual,Second Owner,23.4,1248,74.0,5,12
6053,Maruti,434999,110000,Diesel,Individual,Manual,Second Owner,23.4,1248,74.0,5,12
6054,Tata,120000,100000,Diesel,Individual,Manual,Second Owner,17.0,1405,70.0,5,18
6055,Maruti,600000,80000,Diesel,Individual,Manual,First Owner,25.2,1248,74.0,5,11
6056,Maruti,135000,90000,Petrol,Individual,Manual,Second Owner,18.9,998,67.1,5,18
6057,Ford,550000,44000,Petrol,Individual,Manual,First Owner,18.16,1196,86.8,5,10
6058,Maruti,385000,25000,Petrol,Individual,Manual,First Owner,23.1,998,67.04,5,12
6059,Hyundai,800000,25000,Petrol,Individual,Manual,First Owner,15.29,1591,121.3,5,10
6060,Hyundai,780000,35000,Diesel,Individual,Manual,First Owner,22.54,1396,88.73,5,10
6061,Maruti,100000,186062,Petrol,Individual,Manual,Second Owner,19.7,796,46.3,5,18
6062,Hyundai,650000,60000,Diesel,Individual,Manual,First Owner,22.54,1396,88.73,5,9
6063,Maruti,50000,50000,Petrol,Individual,Manual,First Owner,16.1,796,37.0,4,22
6064,Hyundai,425000,100000,Diesel,Individual,Manual,Second Owner,22.32,1582,126.32,5,14
6065,Others,500000,70000,Diesel,Individual,Manual,First Owner,20.4,1248,91.7,5,11
6066,Maruti,590000,30000,Diesel,Individual,Manual,First Owner,25.2,1248,74.0,5,9
6067,Maruti,459999,27000,Petrol,Individual,Manual,First Owner,23.1,998,67.04,5,10
6068,Maruti,578000,5000,Petrol,Individual,Manual,First Owner,21.21,1197,81.8,5,6
6069,Maruti,550000,110000,Diesel,Individual,Manual,Second Owner,20.77,1248,88.76,7,14
6070,Honda,465000,80000,Petrol,Individual,Manual,Second Owner,16.8,1497,116.3,5,13
6071,Mahindra,890000,80000,Diesel,Individual,Manual,First Owner,16.5,1493,70.0,7,8
6072,Mahindra,250000,110000,Diesel,Individual,Manual,First Owner,20.8,1461,65.0,5,12
6073,Maruti,420000,35000,Petrol,Individual,Automatic,First Owner,20.51,998,67.0,5,8
6074,Maruti,550000,20000,Petrol,Individual,Manual,First Owner,21.21,1197,81.8,5,9
6075,Maruti,270000,20000,Petrol,Individual,Manual,First Owner,24.7,796,47.3,5,8
6076,Maruti,700000,7800,Petrol,Individual,Automatic,First Owner,22.0,1197,81.8,5,8
6077,Maruti,500000,20000,Petrol,Individual,Manual,First Owner,20.4,1197,81.8,5,9
6078,Tata,1250000,15000,Diesel,Individual,Manual,First Owner,17.6,2159,147.94,7,7
6079,Hyundai,320000,31377,Petrol,Individual,Manual,Second Owner,18.5,1197,82.85,5,13
6080,Maruti,700000,50000,Diesel,Individual,Manual,First Owner,28.4,1248,74.02,5,8
6081,Maruti,290000,60000,Petrol,Individual,Manual,First Owner,20.51,998,67.04,5,11
6082,Toyota,550000,100000,Petrol,Individual,Automatic,First Owner,14.53,1794,138.1,5,14
6083,Honda,265000,60000,Petrol,Individual,Manual,First Owner,19.4,1198,86.8,5,14
6084,Maruti,830000,5000,Petrol,Individual,Automatic,First Owner,21.4,1197,83.1,5,8
6085,Tata,800000,60000,Diesel,Individual,Manual,First Owner,14.1,2159,147.94,7,9
6086,Maruti,160000,25000,Petrol,Individual,Manual,Second Owner,19.7,796,46.3,5,15
6087,Renault,335000,30000,Petrol,Individual,Manual,First Owner,25.17,799,53.3,5,8
6088,Others,329000,80000,Petrol,Individual,Manual,Second Owner,20.63,1198,67.0,5,9
6089,Maruti,775000,75000,Diesel,Individual,Manual,First Owner,24.3,1248,88.5,5,9
6090,Hyundai,524000,32000,Petrol,Individual,Manual,First Owner,20.14,1197,81.86,5,6
6091,Maruti,245000,40000,Petrol,Individual,Manual,First Owner,22.74,796,47.3,5,11
6092,Hyundai,275000,93000,Petrol,Individual,Manual,Second Owner,17.0,1197,80.0,5,14
6093,Hyundai,610000,50000,Diesel,Individual,Manual,Second Owner,21.19,1396,88.73,5,11
6094,Maruti,615000,60000,Diesel,Individual,Manual,First Owner,26.59,1248,74.0,5,11
6095,Maruti,684000,60000,Diesel,Individual,Manual,Second Owner,20.77,1248,88.8,7,12
6096,Maruti,680000,64000,Diesel,Individual,Manual,Second Owner,20.77,1248,88.8,7,12
6097,Renault,500000,120000,Diesel,Individual,Manual,First Owner,20.45,1461,83.8,5,12
6098,Renault,520000,120000,Diesel,Individual,Manual,First Owner,20.45,1461,83.8,5,12
6102,Ford,675000,60000,Diesel,Individual,Manual,First Owner,24.4,1498,98.63,5,8
6103,Others,1320000,81500,Diesel,Individual,Automatic,Second Owner,14.84,2143,152.925,5,15
6104,Others,1320000,80000,Diesel,Individual,Automatic,First Owner,15.8,2148,152.925,5,15
6105,Maruti,675000,5000,Petrol,Individual,Manual,First Owner,21.21,1197,81.8,5,7
6106,Ford,725000,30000,Diesel,Individual,Manual,First Owner,21.7,1498,98.96,5,10
6107,Mahindra,1200000,15000,Diesel,Individual,Manual,First Owner,20.0,1497,115.0,5,7
6108,Volkswagen,650000,40000,Diesel,Dealer,Manual,First Owner,20.14,1498,88.0,5,8
6109,Mahindra,1090000,16500,Petrol,Dealer,Manual,First Owner,17.0,1197,110.0,5,7
6110,Hyundai,1100000,67000,Diesel,Individual,Automatic,First Owner,17.01,1582,126.2,5,9
6111,Hyundai,670000,48000,Diesel,Individual,Manual,First Owner,22.54,1396,88.73,5,9
6112,Hyundai,780000,35000,Diesel,Individual,Manual,First Owner,22.54,1396,88.73,5,8
6113,Maruti,720000,60000,Diesel,Individual,Manual,First Owner,28.09,1248,88.5,5,9
6114,Maruti,610000,52000,Petrol,Dealer,Manual,First Owner,22.0,1197,81.8,5,8
6115,Volkswagen,600000,29000,Diesel,Individual,Manual,First Owner,22.0,1498,108.495,5,9
6116,Renault,535000,50000,Diesel,Individual,Manual,First Owner,19.87,1461,83.8,5,10
6117,Hyundai,142000,110000,Petrol,Individual,Manual,First Owner,20.36,1197,78.9,5,17
6118,Maruti,515000,23000,Petrol,Individual,Manual,First Owner,21.4,1197,83.1,5,9
6119,Others,335000,40000,Petrol,Dealer,Manual,First Owner,20.63,1198,67.0,5,10
6120,Hyundai,957000,60000,Diesel,Individual,Manual,First Owner,21.38,1396,88.7,5,9
6121,Maruti,605000,127000,Diesel,Individual,Manual,First Owner,28.4,1248,74.02,5,9
6122,Tata,316000,140000,Diesel,Individual,Manual,First Owner,21.02,1248,88.76,5,13
6123,Renault,675000,5000,Petrol,Individual,Manual,First Owner,20.0,999,72.0,7,7
6124,Maruti,520000,70000,Diesel,Individual,Manual,First Owner,26.59,1248,74.0,5,11
6125,Maruti,265000,60000,Diesel,Individual,Manual,First Owner,19.3,1248,73.9,5,15
6126,Volkswagen,395000,40000,Petrol,Individual,Manual,Second Owner,16.2,1199,74.0,5,10
6127,Volkswagen,385000,40000,Petrol,Individual,Manual,Second Owner,16.2,1199,74.0,5,10
6128,Maruti,142000,70000,Petrol,Individual,Manual,Second Owner,18.9,1061,67.0,5,17
6129,Hyundai,160000,35000,Petrol,Individual,Manual,First Owner,19.81,1086,68.05,5,17
6130,Tata,180000,50000,Diesel,Individual,Manual,Higher,19.09,1396,69.0,5,14
6131,Honda,480000,42462,Petrol,Dealer,Manual,First Owner,16.8,1497,116.3,5,13
6132,Maruti,470000,54723,Diesel,Dealer,Manual,First Owner,25.2,1248,74.0,5,11
6133,Maruti,480000,20375,Petrol,Dealer,Manual,First Owner,20.89,1197,81.8,5,8
6134,Maruti,450000,43978,Diesel,Dealer,Manual,Second Owner,28.4,1248,74.0,5,13
6135,Maruti,520000,28832,Diesel,Dealer,Manual,First Owner,23.4,1248,74.0,5,9
6136,Ford,700000,3177,Petrol,Dealer,Manual,First Owner,18.5,1194,94.93,5,7
6137,Hyundai,400000,39414,Petrol,Dealer,Manual,First Owner,18.9,1197,81.86,5,11
6138,Tata,200000,30078,Petrol,Dealer,Manual,First Owner,15.3,1396,70.0,5,14
6139,Hyundai,250000,44588,Petrol,Dealer,Manual,First Owner,21.1,814,55.2,5,14
6140,Maruti,400000,49907,Petrol,Dealer,Manual,First Owner,21.63,998,67.04,5,11
6141,Maruti,371000,67082,Petrol,Dealer,Manual,Second Owner,21.21,1197,81.8,5,13
6142,Hyundai,450000,40000,Petrol,Individual,Manual,First Owner,18.9,1197,82.0,5,10
6143,Ford,570000,112879,Diesel,Dealer,Manual,Second Owner,23.0,1498,98.96,5,10
6144,Honda,300000,80000,Petrol,Individual,Manual,Second Owner,19.4,1198,86.8,5,13
6145,Hyundai,620000,25000,Petrol,Individual,Manual,First Owner,18.6,1197,81.83,5,9
6146,Honda,949000,10200,Petrol,Individual,Manual,First Owner,17.4,1497,117.6,5,8
6147,Mahindra,750000,60000,Diesel,Individual,Manual,First Owner,16.5,1493,70.0,7,8
6148,Maruti,350000,20000,Petrol,Individual,Manual,Second Owner,23.1,998,67.04,5,9
6149,Mahindra,1250000,60000,Diesel,Individual,Manual,First Owner,16.0,2159,140.0,7,9
6150,Renault,270000,30000,Petrol,Individual,Manual,Higher,23.01,999,67.0,5,10
6151,Hyundai,235000,40000,Petrol,Individual,Manual,Second Owner,21.1,814,55.2,5,13
6152,Maruti,500000,60000,Petrol,Individual,Manual,First Owner,20.4,1197,81.8,5,10
6153,Maruti,220000,111000,Petrol,Individual,Manual,First Owner,19.7,796,46.3,5,14
6154,Maruti,380000,70000,Diesel,Individual,Manual,Second Owner,23.4,1248,74.0,5,12
6155,Maruti,160000,100000,Petrol,Individual,Manual,Higher,20.92,998,67.1,5,16
6156,Maruti,160000,100000,Petrol,Individual,Manual,Higher,20.92,998,67.1,5,16
6157,Hyundai,339000,25000,Petrol,Individual,Manual,First Owner,20.3,998,68.05,5,9
6158,Ford,229999,100000,Petrol,Individual,Manual,First Owner,15.3,1596,99.6,5,15
6159,Mahindra,400000,35000,Diesel,Individual,Manual,First Owner,25.32,1198,77.0,6,10
6160,Hyundai,470000,25000,Diesel,Individual,Manual,First Owner,25.4,1186,73.97,5,8
6161,Maruti,45000,58000,Petrol,Individual,Manual,First Owner,16.1,796,37.0,4,23
6162,Ford,575000,20000,Petrol,Individual,Manual,First Owner,19.4,1194,94.93,5,7
6163,Others,325000,1300,Petrol,Individual,Manual,First Owner,22.5,999,67.0,5,7
6164,Maruti,50000,120000,Petrol,Individual,Manual,Second Owner,16.1,796,37.0,4,29
6165,Maruti,350000,15000,Petrol,Individual,Manual,First Owner,20.51,998,67.04,5,12
6166,Others,1320000,9000,Diesel,Dealer,Automatic,First Owner,13.6,1999,152.925,5,9
6167,Others,1320000,20000,Petrol,Dealer,Automatic,First Owner,22.37,2159,152.925,5,7
6168,Others,1320000,45000,Diesel,Dealer,Automatic,First Owner,19.33,1999,152.925,5,9
6169,Tata,503000,110000,Diesel,Individual,Manual,First Owner,14.1,2159,147.94,7,11
6170,Others,1320000,20000,Diesel,Individual,Automatic,First Owner,18.0,1969,152.925,5,7
6171,Toyota,1320000,68089,Petrol,Dealer,Automatic,First Owner,19.16,2159,152.925,5,10
6172,Maruti,225000,58343,Petrol,Dealer,Manual,First Owner,21.79,998,67.05,5,13
6173,Maruti,740000,38817,Diesel,Dealer,Manual,First Owner,27.39,1248,74.0,5,8
6174,Honda,550000,56494,Petrol,Dealer,Manual,First Owner,18.2,1199,88.7,5,10
6175,Toyota,750000,79328,Diesel,Dealer,Manual,Second Owner,12.99,2159,100.6,7,13
6176,Maruti,650000,5621,Petrol,Dealer,Automatic,First Owner,22.0,1197,81.8,5,7
6177,Toyota,625000,25538,Petrol,Dealer,Manual,First Owner,16.78,1496,88.73,5,9
6178,Maruti,600000,69779,Petrol,Dealer,Automatic,First Owner,22.0,1197,81.8,5,8
6179,Hyundai,450000,56290,Diesel,Dealer,Manual,First Owner,24.0,1186,73.97,5,9
6180,Others,1320000,7500,Diesel,Dealer,Automatic,First Owner,16.78,1995,152.925,5,7
6181,Others,1320000,8500,Diesel,Dealer,Automatic,First Owner,16.78,1995,152.925,5,7
6182,Honda,779000,7032,Petrol,Dealer,Automatic,First Owner,19.0,1199,88.76,5,7
6183,Others,645000,11000,Petrol,Dealer,Automatic,First Owner,14.3,1598,103.5,5,10
6184,Others,1320000,2000,Diesel,Dealer,Automatic,First Owner,16.8,1984,150.0,5,8
6185,Renault,300000,25000,Petrol,Individual,Manual,First Owner,25.17,799,53.3,5,10
6186,Others,540000,150000,Diesel,Individual,Manual,First Owner,19.01,1461,108.5,5,12
6187,Maruti,580000,10000,Petrol,Individual,Manual,First Owner,23.1,998,67.04,5,8
6188,Hyundai,1000000,70000,Diesel,Individual,Manual,First Owner,19.67,1582,126.2,5,11
6189,Tata,459999,80000,Diesel,Individual,Manual,First Owner,22.95,1248,74.0,5,9
6190,Maruti,635000,50000,Diesel,Individual,Manual,First Owner,25.2,1248,74.0,5,11
6191,Hyundai,650000,83000,Diesel,Individual,Manual,Higher,22.32,1582,126.32,5,12
6192,Maruti,525000,116000,Diesel,Individual,Manual,Second Owner,23.4,1248,74.0,5,13
6193,Others,350000,60000,Petrol,Individual,Manual,Higher,15.8,1172,67.1,5,11
6194,Maruti,320000,175802,Diesel,Individual,Manual,Higher,19.3,1248,73.9,5,18
6195,Toyota,450000,186062,Diesel,Individual,Manual,Higher,12.8,2159,102.0,8,20
6196,Volkswagen,227000,73840,Petrol,Individual,Manual,First Owner,15.04,1598,103.6,5,15
6197,Mahindra,325000,162000,Diesel,Individual,Manual,Second Owner,13.6,2159,63.0,8,15
6198,Others,275000,20000,Petrol,Individual,Automatic,First Owner,23.0,999,67.0,5,8
6199,Hyundai,300000,75000,Petrol,Individual,Manual,Higher,18.9,1197,82.0,5,13
6200,Mahindra,400000,186062,Diesel,Individual,Manual,Higher,12.05,2159,120.0,8,15
6201,Volkswagen,550000,120000,Diesel,Individual,Manual,Second Owner,20.34,1498,103.2,5,11
6202,Maruti,550000,20000,Petrol,Individual,Manual,First Owner,20.4,1197,81.8,5,10
6203,Others,900000,40000,Diesel,Individual,Automatic,First Owner,21.66,1498,108.6,5,9
6204,Maruti,165000,20000,Petrol,Individual,Manual,First Owner,19.7,796,46.3,5,16
6205,Hyundai,210000,70000,Petrol,Individual,Manual,First Owner,21.1,814,55.2,5,12
6206,Renault,650000,30000,Diesel,Individual,Manual,First Owner,19.64,1461,108.45,5,10
6207,Mahindra,680000,120000,Diesel,Individual,Manual,First Owner,15.1,2159,140.0,7,12
6208,Renault,390000,25000,Petrol,Individual,Manual,First Owner,23.01,999,67.0,5,7
6209,Renault,260000,80000,Petrol,Individual,Manual,First Owner,25.17,799,53.3,5,10
6210,Maruti,450000,67000,Petrol,Individual,Manual,First Owner,19.1,1197,85.8,5,13
6211,Hyundai,130000,120000,Petrol,Individual,Manual,Second Owner,19.81,1086,68.05,5,18
6212,Maruti,890000,9000,Diesel,Individual,Manual,First Owner,24.3,1248,88.5,5,7
6213,Others,1320000,20000,Diesel,Individual,Automatic,First Owner,18.0,1969,152.925,5,7
6214,Volkswagen,225000,80000,Petrol,Individual,Manual,Second Owner,14.0,1595,102.0,5,16
6215,Toyota,1320000,60000,Diesel,Individual,Automatic,First Owner,15.04,2159,152.925,7,8
6216,Tata,210000,120000,Diesel,Individual,Manual,First Owner,21.12,1248,88.8,5,16
6217,Toyota,1320000,60000,Diesel,Individual,Automatic,First Owner,11.0,2159,152.925,7,12
6218,Honda,750000,80000,Diesel,Individual,Manual,Second Owner,25.1,1498,98.6,5,12
6219,Chevrolet,350000,120000,Diesel,Individual,Manual,Second Owner,12.2,2159,80.0,10,15
6220,Honda,1320000,24857,Petrol,Dealer,Automatic,Higher,16.5,1799,139.46,5,7
6221,Hyundai,270000,26442,Petrol,Individual,Manual,First Owner,20.3,998,68.05,5,9
6222,Maruti,700000,35000,Petrol,Individual,Manual,First Owner,17.5,1373,91.1,7,9
6223,Maruti,130000,28000,Petrol,Individual,Manual,Second Owner,19.7,796,46.3,5,16
6224,Maruti,650000,80000,Diesel,Individual,Manual,First Owner,20.77,1248,88.8,7,11
6225,Maruti,55000,39000,Petrol,Individual,Manual,First Owner,19.7,796,46.3,5,21
6226,Maruti,475000,20000,Petrol,Individual,Automatic,First Owner,20.51,998,67.0,5,9
6227,Others,325000,50000,Diesel,Individual,Manual,First Owner,21.64,1461,84.8,5,13
6228,Honda,615000,40000,Petrol,Individual,Automatic,First Owner,19.0,1199,88.7,5,9
6229,Hyundai,390000,15000,Petrol,Individual,Manual,First Owner,18.9,1197,82.0,5,11
6230,Maruti,650000,15000,Petrol,Individual,Automatic,First Owner,22.0,1197,81.8,5,7
6231,Maruti,440000,30000,Petrol,Individual,Manual,First Owner,20.4,1197,81.8,5,11
6232,Honda,600000,70000,Diesel,Individual,Manual,First Owner,26.0,1498,98.6,5,12
6233,Chevrolet,170000,80000,Petrol,Individual,Manual,First Owner,16.2,995,62.1,5,14
6234,Mahindra,499000,80000,Diesel,Individual,Manual,First Owner,15.96,2159,63.0,9,13
6235,Hyundai,525000,120000,Diesel,Individual,Manual,First Owner,22.54,1396,88.73,5,14
6236,Others,580000,90000,Diesel,Individual,Manual,First Owner,20.45,1461,83.8,5,11
6237,Chevrolet,420000,110000,Diesel,Individual,Manual,Second Owner,18.2,1248,73.74,7,10
6238,Toyota,1300000,120000,Diesel,Individual,Manual,First Owner,12.99,2159,100.6,7,11
6239,Hyundai,800000,80000,Diesel,Individual,Manual,First Owner,23.9,1582,126.2,5,10
6240,Maruti,600000,5000,Petrol,Individual,Manual,First Owner,21.21,1197,81.8,5,6
6241,Honda,400000,50000,Petrol,Individual,Manual,First Owner,18.5,1198,86.8,5,9
6242,Maruti,700000,65000,Diesel,Individual,Manual,First Owner,26.59,1248,74.0,5,9
6243,Maruti,800000,35000,Diesel,Individual,Manual,First Owner,27.39,1248,74.0,5,9
6244,Honda,600000,90000,Diesel,Individual,Manual,First Owner,27.3,1498,98.6,5,11
6245,Maruti,580000,100000,Diesel,Individual,Manual,First Owner,25.2,1248,74.0,5,10
6246,Renault,350000,15000,Petrol,Individual,Manual,First Owner,25.17,799,53.3,5,10
6247,Ford,204999,147000,Diesel,Individual,Manual,First Owner,20.0,1399,68.0,5,15
6248,Mahindra,1320000,20000,Diesel,Individual,Manual,First Owner,16.0,2159,140.0,7,9
6249,Hyundai,310000,120000,Diesel,Individual,Manual,Second Owner,23.0,1396,90.0,5,17
6250,Toyota,700000,186062,Diesel,Individual,Manual,Second Owner,12.8,2159,102.0,7,15
6251,Ford,459999,69000,Diesel,Individual,Manual,Second Owner,25.83,1498,99.0,5,10
6252,Maruti,860000,80000,Diesel,Individual,Manual,First Owner,28.09,1248,88.5,5,9
6253,Hyundai,275000,97000,Other,Individual,Manual,Higher,19.0,1086,68.1,5,14
6254,Renault,390000,15000,Petrol,Individual,Manual,First Owner,25.17,799,53.3,5,10
6255,Tata,1320000,50000,Diesel,Individual,Manual,First Owner,17.6,2159,152.925,7,8
6256,Maruti,110000,50800,Petrol,Dealer,Manual,Second Owner,19.7,796,46.3,5,21
6257,Maruti,484999,10000,Petrol,Dealer,Manual,First Owner,23.1,998,67.04,5,9
6258,Others,1320000,30000,Diesel,Individual,Automatic,First Owner,17.09,2159,152.925,4,8
6259,Maruti,185000,60000,Petrol,Individual,Manual,Second Owner,19.7,796,46.3,5,14
6260,Hyundai,665000,40142,Diesel,Dealer,Manual,First Owner,24.4,1120,71.0,5,8
6261,Hyundai,721000,9400,Petrol,Dealer,Manual,First Owner,18.6,1197,81.83,5,7
6262,Mahindra,390000,62000,Diesel,Dealer,Manual,First Owner,25.32,1198,77.0,5,10
6263,Tata,190000,90000,Diesel,Dealer,Manual,First Owner,18.8,1248,90.0,5,15
6264,Mahindra,975000,12584,Diesel,Dealer,Manual,First Owner,16.55,2159,105.0,6,7
6265,Others,275000,49000,Petrol,Dealer,Manual,First Owner,19.02,1198,67.05,5,10
6266,Maruti,315000,32000,Petrol,Dealer,Manual,First Owner,24.7,796,47.3,5,10
6267,Hyundai,685000,4300,Petrol,Dealer,Manual,First Owner,18.6,1197,81.86,5,7
6268,Maruti,595000,14548,Petrol,Dealer,Manual,First Owner,21.21,1197,81.8,5,7
6269,Ford,900000,44772,Diesel,Dealer,Manual,Second Owner,23.0,1498,98.96,5,8
6270,Maruti,950000,48500,Diesel,Dealer,Manual,First Owner,25.47,1248,88.5,7,8
6271,Maruti,275000,38000,Petrol,Dealer,Manual,First Owner,24.7,796,47.3,5,10
6272,Hyundai,570000,28782,Petrol,Dealer,Manual,First Owner,18.6,1197,81.83,5,9
6273,Hyundai,700000,28451,Petrol,Dealer,Manual,First Owner,18.6,1197,81.83,5,8
6274,Maruti,910000,36500,Diesel,Dealer,Manual,First Owner,24.3,1248,88.5,5,8
6275,Maruti,751000,44885,Diesel,Dealer,Manual,First Owner,26.59,1248,74.0,5,8
6276,Hyundai,225000,35000,Petrol,Individual,Manual,First Owner,21.1,814,55.2,5,12
6277,Tata,135000,110000,Diesel,Individual,Manual,Second Owner,17.0,1405,71.0,5,17
6278,Maruti,825000,79000,Diesel,Dealer,Manual,First Owner,25.47,1248,88.5,7,9
6279,Toyota,1320000,91000,Diesel,Dealer,Automatic,Second Owner,12.55,2159,152.925,7,11
6280,Maruti,875000,50000,Diesel,Dealer,Manual,First Owner,24.3,1248,88.5,5,8
6281,Maruti,650000,81000,Diesel,Dealer,Manual,Second Owner,28.09,1248,88.5,5,10
6282,Others,1320000,22000,Petrol,Dealer,Automatic,First Owner,16.0,1368,152.925,5,7
6283,Hyundai,975000,41000,Diesel,Dealer,Manual,First Owner,20.5,1582,126.2,5,9
6284,Maruti,925000,50000,Diesel,Dealer,Manual,First Owner,24.52,1248,88.5,7,7
6285,Maruti,725000,66000,Diesel,Dealer,Manual,First Owner,20.77,1248,88.8,7,10
6286,Maruti,550000,65000,Diesel,Dealer,Manual,First Owner,20.77,1248,88.76,7,13
6287,Hyundai,550000,76000,Diesel,Dealer,Manual,First Owner,22.54,1396,88.73,5,12
6288,Toyota,750000,95000,Diesel,Dealer,Manual,First Owner,12.8,2159,102.0,7,13
6289,Honda,475000,55000,Petrol,Dealer,Manual,Second Owner,17.0,1497,118.0,5,13
6290,Others,325000,65000,Petrol,Dealer,Manual,First Owner,19.02,1198,67.05,7,9
6291,Maruti,725000,76000,Diesel,Dealer,Manual,First Owner,25.47,1248,88.5,7,9
6292,Maruti,775000,47000,Petrol,Dealer,Manual,Second Owner,16.02,1373,93.7,7,8
6293,Maruti,625000,70000,Diesel,Dealer,Manual,First Owner,23.4,1248,74.0,5,9
6295,Maruti,470000,89000,Diesel,Dealer,Manual,First Owner,22.9,1248,74.0,5,12
6296,Toyota,1320000,98000,Diesel,Dealer,Manual,First Owner,13.68,2159,147.51,7,9
6297,Toyota,1320000,90000,Diesel,Dealer,Manual,First Owner,13.68,2159,147.51,7,10
6298,Hyundai,1050000,70000,Diesel,Individual,Manual,First Owner,21.38,1396,88.7,5,8
6299,Maruti,380000,57000,Diesel,Individual,Manual,First Owner,22.9,1248,74.0,5,13
6300,Maruti,650000,70000,Diesel,Individual,Manual,First Owner,26.59,1248,74.0,5,9
6301,Hyundai,275000,49200,Petrol,Individual,Manual,First Owner,21.1,814,55.2,5,10
6302,Honda,220000,125000,Petrol,Individual,Manual,Second Owner,13.5,1799,130.0,5,17
6303,Hyundai,200000,60000,Petrol,Individual,Manual,Second Owner,19.81,1086,68.05,5,18
6304,Maruti,315000,120000,Petrol,Individual,Manual,Second Owner,15.37,1196,73.0,5,11
6305,Maruti,90000,110000,Petrol,Individual,Manual,Higher,19.7,796,46.3,5,22
6306,Maruti,120000,70000,Petrol,Individual,Manual,Second Owner,18.9,1061,67.0,5,19
6307,Maruti,90000,168000,Petrol,Individual,Manual,Second Owner,18.9,998,67.1,5,20
6308,Mahindra,1320000,30000,Diesel,Individual,Manual,First Owner,16.0,2159,140.0,7,8
6309,Hyundai,370000,60000,Diesel,Individual,Manual,First Owner,24.0,1120,70.0,5,11
6310,Maruti,595000,131111,Diesel,Individual,Manual,First Owner,25.2,1248,74.0,5,10
6311,Mahindra,150000,120000,Diesel,Individual,Manual,Second Owner,19.2,1461,65.0,5,19
6312,Maruti,400000,58400,Diesel,Individual,Manual,Second Owner,19.3,1248,73.9,5,14
6313,Maruti,310000,23400,Petrol,Individual,Manual,Second Owner,23.95,998,67.1,5,10
6314,Maruti,385000,50000,Petrol,Individual,Manual,First Owner,23.1,998,67.04,5,8
6316,Mahindra,750000,90000,Diesel,Individual,Manual,First Owner,15.1,2159,140.0,7,12
6317,Hyundai,521000,3010,Petrol,Individual,Automatic,First Owner,20.3,1086,68.0,5,7
6318,Tata,180000,80000,Diesel,Individual,Manual,First Owner,21.12,1248,88.8,5,16
6319,Ford,220000,155000,Diesel,Individual,Manual,Second Owner,17.8,1399,68.0,5,15
6320,Maruti,40000,70000,Petrol,Individual,Manual,Second Owner,16.1,796,37.0,4,28
6321,Hyundai,540000,4000,Petrol,Individual,Manual,First Owner,18.9,1197,81.86,5,8
6322,Maruti,140000,35000,Petrol,Individual,Manual,Second Owner,19.7,796,46.3,5,19
6323,Maruti,200000,121000,Petrol,Individual,Manual,First Owner,17.3,993,60.0,5,23
6324,Ford,650000,110000,Diesel,Individual,Manual,Second Owner,22.77,1498,98.59,5,11
6325,Ford,229999,170000,Diesel,Individual,Manual,Second Owner,17.8,1399,68.0,5,16
6326,Maruti,305000,175000,Diesel,Individual,Manual,Higher,17.8,1248,75.0,5,16
6327,Mahindra,1320000,30000,Diesel,Individual,Manual,First Owner,16.0,1997,140.0,7,8
6328,Ford,200000,163000,Diesel,Individual,Manual,First Owner,17.8,1399,68.0,5,18
6329,Ford,200000,163000,Diesel,Individual,Manual,First Owner,17.8,1399,68.0,5,18
6330,Mahindra,465000,77088,Diesel,Individual,Manual,First Owner,14.0,2159,95.0,8,16
6331,Others,210000,110000,Diesel,Individual,Manual,Higher,23.08,1461,63.1,5,15
6332,Mahindra,570000,136511,Diesel,Individual,Manual,First Owner,15.96,2159,62.1,7,10
6333,Maruti,570000,80000,Petrol,Individual,Manual,First Owner,16.02,1373,93.7,7,11
6334,Maruti,650000,60000,Petrol,Individual,Manual,First Owner,16.02,1373,93.7,7,11
6335,Maruti,620000,36000,Petrol,Individual,Manual,First Owner,20.85,1197,83.14,5,10
6336,Maruti,250000,65000,Petrol,Individual,Manual,Second Owner,18.9,998,67.1,5,14
6337,Others,1000000,50000,Diesel,Individual,Automatic,First Owner,17.05,1995,152.925,5,15
6338,Maruti,300000,60000,Other,Individual,Manual,First Owner,26.2,998,58.2,5,14
6339,Others,300000,82500,Diesel,Individual,Manual,First Owner,20.3,1248,75.0,5,13
6340,Ford,810000,30000,Diesel,Individual,Manual,Second Owner,23.0,1498,98.96,5,8
6341,Chevrolet,270000,100000,Diesel,Individual,Manual,Higher,18.3,1991,147.9,5,15
6342,Maruti,470000,70000,Diesel,Individual,Manual,Second Owner,26.59,1248,74.0,5,11
6343,Tata,400000,85000,Diesel,Individual,Manual,First Owner,20.65,1248,88.7,5,9
6344,Maruti,300000,60000,Petrol,Individual,Manual,Second Owner,20.51,998,67.04,5,12
6345,Maruti,170000,20000,Petrol,Individual,Manual,Higher,22.74,796,47.3,5,11
6346,Renault,455999,80000,Diesel,Individual,Manual,First Owner,19.01,1461,108.45,5,12
6347,Mahindra,121000,100000,Diesel,Individual,Manual,Second Owner,13.0,2159,95.0,8,17
6350,Maruti,650000,80000,Diesel,Individual,Manual,Second Owner,24.3,1248,88.5,5,10
6351,Tata,350000,35000,Petrol,Individual,Manual,First Owner,17.57,1193,88.7,5,9
6352,Chevrolet,125000,139000,Diesel,Individual,Manual,First Owner,25.44,936,57.6,5,13
6353,Maruti,80000,90000,Petrol,Individual,Automatic,Second Owner,19.7,796,46.3,5,21
6355,Honda,250000,100000,Petrol,Individual,Manual,First Owner,17.7,1497,78.0,5,18
6356,Volkswagen,225000,90000,Diesel,Individual,Manual,First Owner,20.54,1598,103.6,5,15
6357,Mahindra,215000,105000,Diesel,Individual,Manual,Second Owner,13.6,2159,63.0,7,19
6358,Hyundai,450000,40000,Diesel,Individual,Manual,Second Owner,25.4,1186,73.97,5,9
6359,Hyundai,509999,90000,Petrol,Individual,Manual,First Owner,20.14,1197,81.86,5,9
6360,Maruti,245000,36710,Petrol,Individual,Manual,Second Owner,22.74,796,47.3,5,11
6361,Mahindra,400000,50000,Diesel,Individual,Manual,First Owner,23.5,909,45.0,8,8
6362,Maruti,620000,28180,Diesel,Dealer,Manual,First Owner,23.65,1248,88.5,5,10
6363,Maruti,650000,44000,Diesel,Dealer,Manual,First Owner,23.65,1248,88.5,5,9
6364,Tata,1320000,15000,Diesel,Individual,Manual,First Owner,17.0,1956,138.1,5,7
6365,Others,590000,4000,Petrol,Individual,Manual,First Owner,19.72,1198,67.0,7,7
6366,Maruti,370000,30000,Diesel,Individual,Manual,First Owner,23.2,1248,73.94,5,12
6367,Maruti,350000,15000,Petrol,Individual,Manual,First Owner,18.6,1197,85.8,5,13
6368,Maruti,580000,20000,Petrol,Individual,Manual,First Owner,21.4,1197,83.1,5,9
6369,Hyundai,450000,56000,Petrol,Individual,Manual,First Owner,18.9,1197,81.86,5,8
6370,Hyundai,600000,19000,Petrol,Individual,Manual,First Owner,17.19,1197,81.86,5,9
6371,Ford,1320000,30000,Diesel,Individual,Automatic,First Owner,12.62,2159,152.925,7,10
6372,Hyundai,450000,70000,Petrol,Individual,Manual,First Owner,18.6,1197,81.83,5,9
6373,Tata,150000,30000,Diesel,Individual,Manual,First Owner,19.09,1396,69.0,5,17
6374,Maruti,400000,15000,Petrol,Individual,Manual,First Owner,15.37,1196,73.0,5,7
6375,Maruti,185000,85000,Petrol,Individual,Manual,First Owner,22.74,796,47.3,5,13
6376,Maruti,625000,50000,Petrol,Individual,Automatic,First Owner,22.0,1197,81.8,5,8
6377,Hyundai,700000,20000,Petrol,Individual,Manual,First Owner,17.19,1197,81.86,5,7
6378,Maruti,390000,25000,Petrol,Individual,Manual,First Owner,20.51,998,67.04,5,9
6379,Tata,625000,25000,Petrol,Individual,Manual,First Owner,17.0,1198,108.5,5,8
6380,Maruti,400000,50000,Petrol,Individual,Manual,First Owner,19.1,1197,85.8,5,12
6381,Hyundai,380000,150000,Diesel,Individual,Manual,Higher,23.0,1396,90.0,5,15
6382,Toyota,400000,90000,Petrol,Individual,Automatic,First Owner,14.53,1794,138.1,5,17
6383,Tata,620000,100000,Petrol,Individual,Manual,First Owner,17.57,1193,88.7,5,7
6384,Ford,190000,180000,Diesel,Individual,Manual,Second Owner,17.8,1399,67.0,5,18
6385,Maruti,210000,50000,Petrol,Individual,Manual,Second Owner,22.74,796,47.3,5,13
6386,Maruti,270000,80000,Diesel,Individual,Manual,Higher,23.2,1248,73.94,5,14
6387,Maruti,45000,100000,Petrol,Individual,Manual,Higher,17.3,993,60.0,5,27
6388,Hyundai,220000,93000,Petrol,Individual,Manual,Second Owner,21.1,814,55.2,5,12
6389,Mahindra,550000,11500,Diesel,Individual,Manual,First Owner,15.96,2159,63.0,9,12
6390,Hyundai,370000,120000,Petrol,Individual,Manual,First Owner,18.5,1197,82.85,5,13
6392,Mahindra,650000,50000,Diesel,Individual,Manual,First Owner,14.95,2159,93.7,9,11
6393,Honda,550000,120000,Petrol,Individual,Manual,First Owner,16.8,1497,116.3,5,14
6394,Ford,225000,100000,Diesel,Individual,Manual,Second Owner,17.8,1399,68.0,5,16
6395,Maruti,40000,57000,Petrol,Individual,Manual,Second Owner,16.1,796,37.0,4,22
6396,Hyundai,280000,60000,Petrol,Individual,Manual,First Owner,21.1,814,55.2,5,10
6397,Ford,570000,44077,Petrol,Dealer,Automatic,First Owner,17.01,1499,110.5,5,9
6398,Maruti,290000,90000,Petrol,Individual,Manual,Second Owner,24.7,796,47.3,5,9
6399,Hyundai,720000,50000,Diesel,Individual,Manual,Second Owner,21.19,1396,88.73,5,8
6400,Ford,800000,60000,Diesel,Individual,Manual,First Owner,22.77,1498,98.59,5,9
6401,Hyundai,265000,20000,Petrol,Individual,Manual,Higher,19.81,1086,68.05,5,14
6402,Maruti,135000,90000,Petrol,Individual,Manual,Higher,19.7,796,46.3,5,16
6403,Ford,350000,70000,Diesel,Individual,Manual,Second Owner,25.83,1498,99.0,5,10
6405,Chevrolet,490000,80000,Diesel,Individual,Manual,First Owner,18.2,1248,73.74,8,10
6406,Hyundai,450000,72000,Diesel,Individual,Manual,Second Owner,22.32,1582,126.32,5,14
6407,Mahindra,950000,50000,Diesel,Individual,Manual,First Owner,15.4,1997,120.0,7,10
6408,Maruti,355000,90000,Petrol,Individual,Manual,Second Owner,17.5,1298,85.8,5,14
6409,Hyundai,700000,17000,Petrol,Individual,Manual,First Owner,18.6,1197,81.86,5,7
6410,Mahindra,459999,70000,Diesel,Individual,Manual,First Owner,12.05,2159,120.0,8,14
6411,Volkswagen,350000,74000,Diesel,Individual,Manual,Second Owner,22.07,1199,73.9,5,14
6412,Maruti,85000,60000,Petrol,Individual,Manual,Second Owner,19.7,796,46.3,5,20
6413,Maruti,290000,15000,Petrol,Individual,Manual,First Owner,22.74,796,47.3,5,10
6414,Honda,1000000,72000,Diesel,Individual,Manual,First Owner,25.5,1498,98.6,5,7
6415,Tata,85000,25000,Petrol,Individual,Manual,Second Owner,16.84,1193,64.4,5,18
6416,Maruti,65000,114000,Petrol,Individual,Manual,First Owner,19.7,796,46.3,5,23
6417,Honda,75000,120000,Petrol,Individual,Manual,First Owner,13.0,1493,100.0,5,21
6418,Others,100000,186062,Diesel,Individual,Manual,Second Owner,18.7,1896,66.0,5,23
6419,Tata,170000,55768,Diesel,Individual,Manual,First Owner,17.0,1405,71.0,5,17
6420,Hyundai,525000,40000,Petrol,Individual,Automatic,First Owner,18.9,1197,81.86,5,9
6421,Maruti,265000,70000,Petrol,Individual,Manual,Second Owner,21.79,998,67.05,5,6
6422,Tata,459999,50000,Petrol,Individual,Manual,First Owner,20.3,1199,84.0,5,8
6423,Maruti,250000,20000,Petrol,Individual,Manual,First Owner,23.95,998,67.05,5,9
6424,Maruti,395000,70000,Diesel,Individual,Manual,Second Owner,23.4,1248,74.0,5,13
6425,Hyundai,375000,60000,Petrol,Individual,Manual,First Owner,18.9,1197,82.0,5,12
6426,Tata,120000,120000,Diesel,Individual,Manual,First Owner,17.0,1405,71.0,5,17
6427,Maruti,290000,110000,Diesel,Individual,Manual,Second Owner,21.1,1248,73.9,5,15
6428,Tata,409999,60000,Petrol,Individual,Manual,First Owner,23.84,1199,84.0,5,9
6429,Chevrolet,200000,30000,Petrol,Individual,Manual,First Owner,16.5,995,63.0,5,17
6430,Others,900000,35000,Diesel,Individual,Manual,First Owner,21.13,1498,108.6,5,8
6431,Maruti,50000,50000,Petrol,Individual,Manual,Higher,16.1,796,37.0,4,23
6432,Renault,450000,100000,Diesel,Individual,Manual,First Owner,19.01,1461,108.45,5,14
6433,Mahindra,650000,80000,Diesel,Individual,Manual,Higher,15.1,2159,140.0,7,14
6434,Volkswagen,300000,84000,Diesel,Individual,Manual,Second Owner,20.14,1498,88.5,5,12
6435,Ford,425000,60000,Diesel,Individual,Manual,First Owner,25.01,1498,89.75,5,12
6436,Maruti,55000,50000,Petrol,Individual,Manual,Second Owner,17.3,993,60.0,5,28
6437,Hyundai,200000,60000,Petrol,Individual,Manual,Second Owner,20.36,1197,78.9,5,15
6438,Mahindra,975000,100000,Diesel,Individual,Manual,First Owner,16.0,2159,140.0,7,11
6439,Mahindra,450000,70000,Diesel,Individual,Manual,First Owner,15.96,2159,62.1,7,13
6440,Mahindra,600000,82500,Diesel,Individual,Manual,Second Owner,15.96,2159,62.1,7,12
6441,Mahindra,550000,76000,Diesel,Individual,Manual,First Owner,15.96,2159,62.1,9,12
6442,Tata,180000,87000,Diesel,Individual,Manual,First Owner,18.0,1248,75.0,5,15
6443,Mahindra,300000,120000,Diesel,Individual,Manual,First Owner,14.0,2159,112.0,7,16
6444,Tata,350000,70000,Petrol,Individual,Manual,Second Owner,17.57,1193,88.7,5,10
6445,Maruti,465000,90000,Diesel,Individual,Manual,First Owner,23.4,1248,74.0,5,12
6446,Tata,200000,186062,Diesel,Individual,Manual,Second Owner,21.12,1248,88.8,5,16
6447,Chevrolet,350000,120000,Diesel,Individual,Manual,Second Owner,18.2,1248,73.8,8,12
6448,Honda,650000,80000,Petrol,Individual,Manual,First Owner,17.4,1497,117.3,5,11
6449,Hyundai,150000,123278,Petrol,Individual,Manual,Second Owner,20.36,1197,78.9,5,16
6450,Honda,560000,100000,Diesel,Individual,Manual,Second Owner,26.0,1498,98.6,5,12
6451,Hyundai,625000,90000,Diesel,Individual,Manual,First Owner,21.19,1396,88.73,5,11
6452,Ford,220000,110000,Diesel,Individual,Manual,First Owner,20.0,1399,68.0,5,14
6453,Ford,250000,110000,Diesel,Individual,Manual,First Owner,20.0,1399,68.1,5,13
6454,Tata,575000,70000,Diesel,Individual,Manual,First Owner,20.65,1248,88.7,5,8
6455,Mahindra,1050000,65000,Diesel,Individual,Manual,First Owner,15.1,2159,140.0,7,11
6456,Others,1320000,70000,Diesel,Individual,Automatic,Second Owner,16.36,2159,152.925,5,11
6457,Tata,200000,90000,Diesel,Individual,Manual,Higher,11.57,2159,138.1,7,14
6458,Maruti,262000,50000,Petrol,Individual,Manual,First Owner,22.74,796,47.3,5,10
6459,Hyundai,299000,33000,Petrol,Individual,Manual,First Owner,21.1,814,55.2,5,8
6460,Maruti,250000,26500,Petrol,Individual,Manual,First Owner,22.74,796,47.3,5,11
6461,Hyundai,140000,60000,Petrol,Individual,Manual,Higher,17.92,1086,62.1,5,15
6462,Maruti,360000,70000,Diesel,Individual,Manual,Higher,23.4,1248,74.0,5,13
6463,Others,210000,80000,Petrol,Individual,Manual,First Owner,20.63,1198,67.06,5,11
6464,Hyundai,600000,60000,Diesel,Individual,Manual,First Owner,22.54,1396,88.73,5,9
6465,Others,210000,100000,Diesel,Individual,Manual,First Owner,19.5,1199,75.0,5,15
6466,Volkswagen,300000,80000,Diesel,Individual,Manual,Second Owner,20.54,1598,103.6,5,15
6467,Hyundai,450000,35000,Petrol,Individual,Manual,First Owner,18.9,1197,82.0,5,10
6468,Ford,1320000,35000,Diesel,Individual,Automatic,First Owner,10.91,2159,152.925,7,8
6469,Hyundai,550000,10000,Petrol,Individual,Manual,First Owner,18.9,1197,81.86,5,7
6470,Tata,100000,80000,Diesel,Individual,Manual,First Owner,18.0,1248,75.0,5,15
6471,Hyundai,185000,50000,Petrol,Individual,Manual,Second Owner,21.1,814,55.2,5,14
6472,Maruti,80000,90000,Petrol,Individual,Manual,Second Owner,17.3,1061,64.0,5,20
6473,Maruti,295000,80000,Petrol,Individual,Manual,First Owner,24.7,796,47.3,5,9
6474,Renault,360000,25000,Petrol,Individual,Manual,First Owner,23.01,999,67.0,5,9
6475,Maruti,210000,70000,Petrol,Individual,Manual,First Owner,20.92,998,67.1,5,12
6476,Hyundai,585000,80000,Petrol,Individual,Automatic,First Owner,17.4,1197,81.86,5,7
6477,Volkswagen,560000,50000,Diesel,Individual,Manual,First Owner,20.14,1498,88.7,5,10
6478,Honda,600000,70000,Diesel,Individual,Manual,First Owner,26.0,1498,98.6,5,11
6479,Others,330000,60000,Petrol,Individual,Manual,First Owner,20.63,1198,67.0,5,9
6480,Hyundai,990000,15000,Petrol,Individual,Manual,First Owner,17.0,1591,121.3,5,7
6481,Toyota,300000,90000,Diesel,Individual,Manual,First Owner,23.59,1364,67.1,5,14
6482,Tata,650000,28000,Petrol,Individual,Manual,First Owner,17.0,1198,108.5,5,8
6483,Hyundai,695000,20000,Petrol,Individual,Automatic,First Owner,17.4,1197,81.86,5,7
6484,Hyundai,300000,60000,Diesel,Individual,Manual,First Owner,24.0,1120,70.0,5,12
6485,Maruti,270000,22000,Petrol,Individual,Manual,First Owner,22.74,796,47.3,5,11
6486,Tata,185000,70000,Diesel,Individual,Manual,Second Owner,11.57,2159,138.1,7,16
6487,Chevrolet,200000,80000,Diesel,Individual,Manual,First Owner,22.1,1248,76.9,5,13
6488,Maruti,459999,35000,Other,Individual,Manual,First Owner,26.6,998,58.16,5,7
6489,Tata,860000,60000,Diesel,Individual,Manual,First Owner,21.5,1497,108.5,5,8
6490,Tata,400000,20000,Petrol,Individual,Manual,First Owner,23.84,1199,84.0,5,8
6491,Maruti,240000,142000,Diesel,Individual,Manual,Second Owner,23.2,1248,73.94,5,13
6492,Maruti,570000,72000,Diesel,Individual,Manual,First Owner,26.59,1248,74.0,5,11
6493,Ford,850000,90000,Diesel,Individual,Manual,First Owner,23.0,1498,98.96,5,8
6494,Ford,155000,80000,Diesel,Individual,Manual,Higher,20.0,1399,68.0,5,15
6495,Hyundai,270000,125000,Diesel,Individual,Manual,First Owner,23.0,1396,90.0,5,15
6496,Maruti,610000,33000,Petrol,Individual,Manual,First Owner,20.73,1373,91.1,5,11
6497,Hyundai,1000000,50000,Diesel,Individual,Manual,First Owner,19.67,1582,126.2,5,11
6498,Mahindra,450000,120000,Diesel,Individual,Manual,Second Owner,12.05,2159,120.0,9,14
6499,Hyundai,500000,35000,Diesel,Individual,Manual,First Owner,25.4,1186,73.97,5,8
6500,Honda,700000,43000,Diesel,Individual,Manual,First Owner,27.4,1498,98.63,5,8
6501,Maruti,135000,60000,Petrol,Individual,Manual,First Owner,19.7,796,46.3,5,19
6502,Mahindra,430000,148000,Diesel,Individual,Manual,Second Owner,12.05,2159,120.0,9,14
6503,Hyundai,625000,70000,Diesel,Individual,Manual,Second Owner,22.32,1582,126.32,5,12
6504,Others,280000,96000,Petrol,Individual,Manual,First Owner,16.95,1498,97.7,5,15
6505,Mahindra,800000,70000,Diesel,Individual,Manual,First Owner,15.4,1997,120.0,7,11
6506,Maruti,220000,70000,Diesel,Individual,Manual,Second Owner,23.2,1248,73.94,5,14
6507,Maruti,620000,18484,Petrol,Individual,Manual,First Owner,20.89,1197,81.8,5,9
6508,Tata,300000,70000,Diesel,Individual,Manual,First Owner,13.93,2159,138.03,7,15
6509,Maruti,180000,25000,Petrol,Individual,Manual,Second Owner,19.7,796,46.3,5,16
6510,Volkswagen,250000,120000,Diesel,Individual,Manual,Higher,22.07,1199,73.9,5,13
6511,Maruti,480000,55000,Petrol,Individual,Manual,First Owner,20.85,1197,83.14,5,9
6512,Ford,885000,10000,Petrol,Individual,Manual,Second Owner,17.0,1497,121.31,5,7
6513,Mahindra,550000,60000,Diesel,Individual,Manual,First Owner,25.32,1198,77.0,6,6
6514,Maruti,800000,30000,Diesel,Individual,Manual,First Owner,28.4,1248,74.02,5,8
6515,Hyundai,180000,65000,Petrol,Individual,Manual,First Owner,17.92,1086,62.1,5,13
6517,Hyundai,380000,50000,Diesel,Individual,Manual,Second Owner,21.9,1396,88.76,5,14
6518,Tata,520000,2560,Petrol,Individual,Automatic,First Owner,24.0,1199,83.81,5,7
6519,Maruti,90000,60000,Petrol,Individual,Manual,First Owner,19.7,796,46.3,5,22
6520,Maruti,330000,80000,Petrol,Individual,Manual,Second Owner,20.51,998,67.04,5,10
6521,Maruti,40000,50000,Petrol,Individual,Manual,Second Owner,16.1,796,37.0,4,27
6522,Chevrolet,370000,120000,Diesel,Individual,Manual,First Owner,18.2,1248,73.8,8,11
6523,Honda,290000,120000,Petrol,Individual,Manual,Second Owner,16.8,1497,116.3,5,17
6524,Hyundai,215000,47000,Petrol,Individual,Manual,Second Owner,21.1,814,55.2,5,13
6525,Tata,1282000,45000,Diesel,Individual,Manual,First Owner,17.6,2159,152.925,7,9
6526,Toyota,610000,90000,Diesel,Individual,Manual,First Owner,12.8,2159,102.0,8,14
6527,Hyundai,380000,110000,Diesel,Individual,Manual,Second Owner,21.27,1396,88.76,5,13
6528,Mahindra,1250000,95000,Diesel,Individual,Manual,First Owner,15.4,1997,120.0,7,9
6529,Hyundai,400000,103655,Diesel,Individual,Manual,Second Owner,22.32,1582,126.3,5,14
6530,Hyundai,700000,25000,Petrol,Individual,Automatic,Second Owner,17.4,1197,81.86,5,8
6531,Renault,650000,80000,Diesel,Individual,Manual,First Owner,19.01,1461,108.45,5,12
6532,Tata,95000,50000,Petrol,Individual,Manual,Second Owner,25.4,624,37.5,4,12
6533,Mahindra,1147000,56975,Diesel,Individual,Manual,First Owner,16.0,2159,140.0,7,11
6534,Hyundai,150000,110000,Petrol,Individual,Manual,First Owner,8.470000000000002,1086,62.0,5,16
6535,Maruti,120000,80000,Petrol,Individual,Manual,Higher,19.7,796,46.3,5,18
6537,Ford,180000,186062,Diesel,Dealer,Manual,Second Owner,17.8,1399,68.0,5,16
6538,Ford,325000,69000,Diesel,Dealer,Manual,First Owner,18.6,1388,67.0,5,13
6539,Ford,550000,186062,Diesel,Dealer,Manual,First Owner,22.77,1498,98.59,5,11
6540,Ford,950000,27000,Diesel,Dealer,Manual,First Owner,22.77,1498,98.59,5,8
6541,Ford,500000,132000,Diesel,Dealer,Manual,Second Owner,22.7,1498,89.84,5,12
6542,Ford,725000,75000,Diesel,Dealer,Manual,First Owner,26.1,1498,99.23,5,9
6543,Ford,500000,18000,Petrol,Dealer,Manual,Second Owner,18.5,1194,94.93,5,11
6544,Mahindra,180000,186062,Diesel,Individual,Manual,First Owner,21.0,1461,64.1,5,15
6545,Hyundai,650000,10000,Diesel,Individual,Manual,First Owner,22.54,1396,88.73,5,10
6546,Maruti,285000,80000,Diesel,Individual,Manual,First Owner,17.8,1248,75.0,5,16
6547,Mahindra,210000,186062,Diesel,Individual,Manual,First Owner,21.0,1461,64.1,5,15
6548,Ford,200000,137000,Diesel,Individual,Manual,First Owner,17.8,1399,67.0,5,14
6549,Volkswagen,295000,65000,Diesel,Individual,Manual,Second Owner,20.54,1598,103.6,5,15
6550,Honda,160000,120000,Petrol,Individual,Manual,Higher,17.7,1497,78.0,5,19
6551,Maruti,450000,10000,Petrol,Individual,Automatic,First Owner,23.1,998,67.04,5,9
6552,Others,385000,20000,Petrol,Individual,Manual,First Owner,20.62,1198,67.0,7,10
6553,Ford,350000,93500,Diesel,Individual,Manual,Second Owner,18.6,1388,67.0,5,15
6554,Others,1320000,9000,Diesel,Dealer,Automatic,First Owner,13.6,1999,152.925,5,9
6555,Others,1320000,20000,Petrol,Dealer,Automatic,First Owner,22.37,2159,152.925,5,7
6556,Others,1320000,45000,Diesel,Dealer,Automatic,First Owner,19.33,1999,152.925,5,9
6557,Tata,503000,110000,Diesel,Individual,Manual,First Owner,14.1,2159,147.94,7,11
6558,Others,1320000,20000,Diesel,Individual,Automatic,First Owner,18.0,1969,152.925,5,7
6559,Toyota,1320000,68089,Petrol,Dealer,Automatic,First Owner,19.16,2159,152.925,5,10
6560,Maruti,225000,58343,Petrol,Dealer,Manual,First Owner,21.79,998,67.05,5,13
6561,Maruti,740000,38817,Diesel,Dealer,Manual,First Owner,27.39,1248,74.0,5,8
6562,Honda,550000,56494,Petrol,Dealer,Manual,First Owner,18.2,1199,88.7,5,10
6563,Toyota,750000,79328,Diesel,Dealer,Manual,Second Owner,12.99,2159,100.6,7,13
6564,Maruti,650000,5621,Petrol,Dealer,Automatic,First Owner,22.0,1197,81.8,5,7
6565,Toyota,625000,25538,Petrol,Dealer,Manual,First Owner,16.78,1496,88.73,5,9
6566,Maruti,600000,69779,Petrol,Dealer,Automatic,First Owner,22.0,1197,81.8,5,8
6567,Hyundai,450000,56290,Diesel,Dealer,Manual,First Owner,24.0,1186,73.97,5,9
6568,Others,1320000,7500,Diesel,Dealer,Automatic,First Owner,16.78,1995,152.925,5,7
6569,Others,1320000,8500,Diesel,Dealer,Automatic,First Owner,16.78,1995,152.925,5,7
6570,Honda,779000,7032,Petrol,Dealer,Automatic,First Owner,19.0,1199,88.76,5,7
6571,Others,645000,11000,Petrol,Dealer,Automatic,First Owner,14.3,1598,103.5,5,10
6572,Others,1320000,2000,Diesel,Dealer,Automatic,First Owner,16.8,1984,150.0,5,8
6573,Others,1320000,9000,Diesel,Dealer,Automatic,First Owner,13.6,1999,152.925,5,9
6574,Others,1320000,20000,Petrol,Dealer,Automatic,First Owner,22.37,2159,152.925,5,7
6575,Others,1320000,45000,Diesel,Dealer,Automatic,First Owner,19.33,1999,152.925,5,9
6576,Tata,503000,110000,Diesel,Individual,Manual,First Owner,14.1,2159,147.94,7,11
6577,Others,1320000,20000,Diesel,Individual,Automatic,First Owner,18.0,1969,152.925,5,7
6578,Toyota,1320000,68089,Petrol,Dealer,Automatic,First Owner,19.16,2159,152.925,5,10
6579,Maruti,225000,58343,Petrol,Dealer,Manual,First Owner,21.79,998,67.05,5,13
6580,Maruti,740000,38817,Diesel,Dealer,Manual,First Owner,27.39,1248,74.0,5,8
6581,Honda,550000,56494,Petrol,Dealer,Manual,First Owner,18.2,1199,88.7,5,10
6582,Toyota,750000,79328,Diesel,Dealer,Manual,Second Owner,12.99,2159,100.6,7,13
6583,Maruti,650000,5621,Petrol,Dealer,Automatic,First Owner,22.0,1197,81.8,5,7
6584,Toyota,625000,25538,Petrol,Dealer,Manual,First Owner,16.78,1496,88.73,5,9
6585,Maruti,600000,69779,Petrol,Dealer,Automatic,First Owner,22.0,1197,81.8,5,8
6586,Hyundai,450000,56290,Diesel,Dealer,Manual,First Owner,24.0,1186,73.97,5,9
6587,Others,1320000,7500,Diesel,Dealer,Automatic,First Owner,16.78,1995,152.925,5,7
6588,Others,1320000,8500,Diesel,Dealer,Automatic,First Owner,16.78,1995,152.925,5,7
6589,Honda,779000,7032,Petrol,Dealer,Automatic,First Owner,19.0,1199,88.76,5,7
6590,Others,645000,11000,Petrol,Dealer,Automatic,First Owner,14.3,1598,103.5,5,10
6591,Others,1320000,2000,Diesel,Dealer,Automatic,First Owner,16.8,1984,150.0,5,8
6592,Maruti,558000,70000,Diesel,Individual,Manual,First Owner,28.4,1248,74.02,5,7
6593,Hyundai,165000,56000,Petrol,Individual,Manual,Higher,17.92,1086,62.1,5,16
6594,Hyundai,300000,80000,Diesel,Individual,Manual,Second Owner,21.9,1396,88.76,5,14
6595,Hyundai,500000,5000,Petrol,Individual,Manual,First Owner,20.3,1086,68.0,5,7
6596,Mahindra,900000,100000,Diesel,Individual,Manual,First Owner,15.1,2159,140.0,7,14
6597,Others,830000,60000,Diesel,Individual,Automatic,Higher,11.0,2159,152.925,5,18
6599,Others,640000,65000,Diesel,Individual,Manual,Second Owner,21.14,1498,103.52,5,12
6600,Mahindra,900000,70000,Diesel,Individual,Manual,Higher,15.4,2159,120.0,7,11
6601,Chevrolet,450000,60000,Diesel,Individual,Manual,First Owner,18.2,1248,73.8,7,13
6602,Maruti,825000,82000,Diesel,Individual,Manual,First Owner,28.09,1248,88.5,5,8
6603,Tata,500000,80000,Diesel,Individual,Manual,Second Owner,13.7,2159,138.1,7,13
6604,Mahindra,325000,5000,Petrol,Individual,Manual,Second Owner,18.15,1198,82.0,6,9
6605,Renault,450000,133000,Diesel,Individual,Manual,First Owner,19.01,1461,108.45,5,12
6606,Honda,675000,25000,Petrol,Individual,Manual,Second Owner,17.5,1199,88.7,5,9
6607,Tata,415000,15000,Petrol,Individual,Manual,First Owner,17.57,1193,88.7,5,9
6608,Hyundai,1100000,40000,Diesel,Individual,Manual,First Owner,21.38,1396,88.7,5,9
6609,Volkswagen,500000,35000,Petrol,Individual,Manual,First Owner,17.0,1198,73.75,5,10
6610,Mahindra,509999,70000,Diesel,Individual,Manual,Second Owner,15.96,2159,62.1,7,12
6611,Mahindra,200000,152000,Diesel,Individual,Manual,Higher,10.5,2159,120.0,9,19
6612,Maruti,60000,100000,Petrol,Individual,Manual,Second Owner,16.1,796,37.0,4,19
6613,Hyundai,500000,80000,Diesel,Individual,Manual,Second Owner,22.32,1582,126.3,5,13
6614,Tata,45000,100000,Diesel,Individual,Manual,Second Owner,17.2,1396,53.5,5,17
6615,Renault,270000,50000,Petrol,Individual,Manual,First Owner,25.17,799,53.3,5,9
6616,Hyundai,550000,40000,Petrol,Individual,Manual,First Owner,17.19,1197,81.86,5,9
6617,Renault,235000,60000,Petrol,Individual,Manual,First Owner,23.01,999,67.0,5,10
6618,Hyundai,600000,40000,Petrol,Individual,Manual,First Owner,18.6,1197,81.83,5,8
6619,Honda,525000,60000,Diesel,Individual,Manual,First Owner,27.3,1498,98.6,5,11
6620,Maruti,325000,90000,Diesel,Individual,Manual,First Owner,22.9,1248,74.0,5,14
6621,Maruti,420000,90000,Diesel,Individual,Manual,First Owner,23.4,1248,74.0,5,12
6622,Maruti,229999,60000,Petrol,Individual,Manual,Second Owner,20.92,998,67.1,5,12
6623,Maruti,375000,80000,Diesel,Individual,Manual,Higher,23.4,1248,74.0,5,13
6624,Mahindra,750000,120000,Diesel,Individual,Manual,First Owner,12.05,2159,120.0,8,14
6625,Tata,400000,40000,Petrol,Individual,Manual,First Owner,23.84,1199,84.0,5,8
6626,Mahindra,600000,91000,Diesel,Individual,Manual,First Owner,15.1,2159,140.0,7,13
6627,Hyundai,110000,80000,Petrol,Individual,Manual,Higher,17.8,1086,63.0,5,18
6628,Maruti,45000,73257,Petrol,Individual,Manual,First Owner,16.1,796,37.0,4,19
6629,Mahindra,722000,80000,Diesel,Individual,Manual,First Owner,8.470000000000002,2159,70.0,2,7
6630,Tata,500000,15000,Petrol,Individual,Manual,First Owner,23.84,1199,83.83,5,6
6631,Hyundai,250000,110000,Diesel,Individual,Manual,Second Owner,18.1,1493,110.0,5,19
6632,Others,950000,40000,Diesel,Individual,Manual,First Owner,21.13,1498,108.6,5,8
6633,Others,375000,186062,Diesel,Individual,Manual,First Owner,21.64,1461,84.8,5,13
6634,Maruti,780000,30000,Diesel,Individual,Manual,First Owner,28.4,1248,74.02,5,8
6635,Hyundai,575000,30000,Petrol,Individual,Manual,First Owner,20.3,1086,68.0,5,8
6636,Hyundai,563000,30000,Petrol,Individual,Manual,Second Owner,18.6,1197,81.83,5,9
6637,Tata,450000,15000,Petrol,Individual,Manual,First Owner,23.84,1199,84.0,5,9
6638,Toyota,1320000,1000,Diesel,Individual,Automatic,First Owner,13.68,2159,147.51,7,6
6639,Maruti,80000,26320,Petrol,Individual,Manual,First Owner,16.1,796,37.0,4,27
6640,Hyundai,320000,135000,Diesel,Individual,Manual,Second Owner,23.0,1396,90.0,5,16
6641,Honda,375000,100000,Petrol,Individual,Manual,Higher,13.5,1799,130.0,5,18
6642,Maruti,400000,120000,Petrol,Individual,Manual,First Owner,15.37,1196,73.0,5,9
6643,Mahindra,600000,186062,Diesel,Individual,Manual,First Owner,14.0,2159,112.0,7,15
6644,Renault,315000,60000,Petrol,Individual,Manual,Second Owner,23.01,999,67.0,5,10
6645,Others,1100000,80000,Diesel,Individual,Automatic,Second Owner,16.07,1995,152.925,5,14
6646,Maruti,350000,186062,Diesel,Individual,Manual,Second Owner,19.3,1248,73.9,5,16
6647,Maruti,375000,120000,Petrol,Individual,Manual,First Owner,15.37,1196,73.0,5,10
6648,Toyota,1050000,186062,Diesel,Individual,Manual,Second Owner,12.99,2159,100.6,8,13
6650,Maruti,350000,29000,Petrol,Individual,Manual,First Owner,23.1,998,67.04,5,11
6652,Maruti,120000,120000,Petrol,Individual,Manual,Higher,18.9,1061,67.0,5,16
6653,Mahindra,819999,90000,Diesel,Individual,Manual,First Owner,16.0,2159,140.0,7,11
6654,Hyundai,700000,30000,Petrol,Individual,Manual,First Owner,18.6,1197,81.83,5,8
6655,Maruti,451999,30000,Petrol,Individual,Automatic,Second Owner,23.1,998,67.04,5,8
6656,Hyundai,500000,56000,Petrol,Individual,Manual,Higher,18.9,1197,82.0,5,10
6657,Toyota,1250000,90000,Diesel,Individual,Manual,First Owner,12.99,2159,100.6,8,11
6658,Mahindra,500000,120000,Diesel,Individual,Manual,First Owner,18.49,1493,100.0,7,11
6659,Maruti,490000,60000,Diesel,Individual,Manual,First Owner,25.2,1248,74.0,5,11
6660,Maruti,200000,147000,Diesel,Individual,Manual,Second Owner,19.3,1248,73.9,5,18
6661,Maruti,240000,35000,Petrol,Individual,Manual,First Owner,18.9,998,67.1,5,14
6662,Hyundai,655000,19500,Petrol,Individual,Manual,First Owner,18.6,1197,81.83,5,8
6663,Hyundai,620000,38426,Petrol,Individual,Manual,First Owner,17.19,1197,81.86,5,8
6664,Maruti,450000,35000,Petrol,Individual,Manual,Second Owner,20.4,1197,83.11,5,11
6665,Maruti,310000,35000,Petrol,Individual,Manual,Second Owner,20.51,998,67.04,5,12
6666,Maruti,150000,50000,Petrol,Individual,Manual,Higher,19.7,796,46.3,5,19
6667,Chevrolet,180000,120000,Diesel,Individual,Manual,First Owner,25.44,936,57.6,5,14
6668,Tata,150000,120000,Diesel,Individual,Manual,First Owner,19.4,1405,70.0,5,15
6669,Ford,160000,112000,Diesel,Individual,Manual,Second Owner,20.0,1399,68.0,5,15
6670,Mahindra,600000,70000,Diesel,Individual,Manual,Higher,14.0,2159,75.0,8,13
6671,Others,380000,145000,Diesel,Individual,Manual,First Owner,20.5,1598,103.5,5,14
6672,Tata,120000,135000,Diesel,Individual,Manual,First Owner,17.0,1405,70.0,5,19
6673,Toyota,350000,186062,Diesel,Individual,Manual,Second Owner,12.99,2159,100.57,7,15
6674,Tata,135000,146000,Diesel,Individual,Manual,First Owner,19.61,1405,70.0,5,14
6675,Hyundai,610000,10000,Petrol,Individual,Manual,First Owner,18.9,1197,81.86,5,8
6676,Volkswagen,260000,50000,Diesel,Individual,Manual,First Owner,20.14,1498,88.5,5,6
6677,Hyundai,500000,25000,Petrol,Individual,Manual,First Owner,20.14,1197,81.86,5,9
6678,Renault,220000,20000,Petrol,Individual,Manual,First Owner,23.01,999,67.0,5,10
6679,Honda,121000,70000,Petrol,Individual,Manual,Second Owner,13.5,1799,130.0,5,20
6680,Tata,350000,50000,Diesel,Individual,Manual,First Owner,25.0,1396,69.01,5,9
6681,Others,1320000,25000,Diesel,Individual,Automatic,Second Owner,15.17,1968,152.925,5,8
6682,Hyundai,280000,100000,Diesel,Individual,Manual,Second Owner,23.0,1396,90.0,5,15
6683,Tata,919999,20000,Petrol,Individual,Manual,First Owner,17.0,1198,108.5,5,6
6684,Hyundai,320000,155000,Diesel,Individual,Manual,First Owner,23.0,1396,90.0,5,15
6685,Ford,140000,70000,Diesel,Individual,Manual,Higher,20.0,1399,68.0,5,14
6686,Maruti,310000,25000,Diesel,Individual,Manual,Second Owner,21.5,1248,88.8,5,14
6687,Maruti,65000,120000,Petrol,Individual,Manual,Second Owner,16.1,796,37.0,4,20
6688,Chevrolet,300000,90000,Diesel,Individual,Manual,First Owner,18.2,1248,73.8,7,13
6689,Others,1320000,9000,Diesel,Dealer,Automatic,First Owner,13.6,1999,152.925,5,9
6690,Others,1320000,20000,Petrol,Dealer,Automatic,First Owner,22.37,2159,152.925,5,7
6691,Others,1320000,45000,Diesel,Dealer,Automatic,First Owner,19.33,1999,152.925,5,9
6692,Tata,503000,110000,Diesel,Individual,Manual,First Owner,14.1,2159,147.94,7,11
6693,Others,1320000,20000,Diesel,Individual,Automatic,First Owner,18.0,1969,152.925,5,7
6694,Toyota,1320000,68089,Petrol,Dealer,Automatic,First Owner,19.16,2159,152.925,5,10
6695,Maruti,225000,58343,Petrol,Dealer,Manual,First Owner,21.79,998,67.05,5,13
6696,Maruti,740000,38817,Diesel,Dealer,Manual,First Owner,27.39,1248,74.0,5,8
6697,Honda,550000,56494,Petrol,Dealer,Manual,First Owner,18.2,1199,88.7,5,10
6698,Toyota,750000,79328,Diesel,Dealer,Manual,Second Owner,12.99,2159,100.6,7,13
6699,Maruti,650000,5621,Petrol,Dealer,Automatic,First Owner,22.0,1197,81.8,5,7
6700,Toyota,625000,25538,Petrol,Dealer,Manual,First Owner,16.78,1496,88.73,5,9
6701,Maruti,600000,69779,Petrol,Dealer,Automatic,First Owner,22.0,1197,81.8,5,8
6702,Hyundai,450000,56290,Diesel,Dealer,Manual,First Owner,24.0,1186,73.97,5,9
6703,Others,1320000,7500,Diesel,Dealer,Automatic,First Owner,16.78,1995,152.925,5,7
6704,Others,1320000,8500,Diesel,Dealer,Automatic,First Owner,16.78,1995,152.925,5,7
6705,Honda,779000,7032,Petrol,Dealer,Automatic,First Owner,19.0,1199,88.76,5,7
6706,Others,645000,11000,Petrol,Dealer,Automatic,First Owner,14.3,1598,103.5,5,10
6707,Others,1320000,2000,Diesel,Dealer,Automatic,First Owner,16.8,1984,150.0,5,8
6708,Mahindra,575000,110000,Diesel,Individual,Manual,Second Owner,15.1,2159,140.0,7,15
6709,Tata,440000,110000,Diesel,Individual,Manual,Second Owner,13.49,2159,138.03,5,12
6710,Maruti,380000,100000,Diesel,Individual,Manual,Second Owner,22.9,1248,74.0,5,14
6711,Tata,140000,116700,Petrol,Individual,Manual,Higher,15.0,1368,90.0,5,16
6712,Tata,475000,25000,Diesel,Individual,Manual,First Owner,22.95,1248,74.0,5,11
6713,Mahindra,200000,186062,Diesel,Individual,Manual,Higher,13.0,2159,95.0,8,15
6714,Maruti,400000,176062,Diesel,Individual,Manual,First Owner,17.8,1248,75.0,5,16
6715,Toyota,425000,186062,Diesel,Individual,Manual,Higher,12.8,2159,102.0,8,18
6717,Honda,509999,82000,Diesel,Individual,Manual,First Owner,25.8,1498,98.6,5,11
6718,Hyundai,275000,80000,Petrol,Individual,Manual,First Owner,19.81,1086,68.05,5,16
6719,Chevrolet,650000,40000,Diesel,Individual,Manual,Second Owner,18.2,1248,73.74,7,9
6720,Others,1320000,14000,Diesel,Individual,Manual,First Owner,17.1,1956,152.925,5,7
6721,Renault,650000,129000,Diesel,Individual,Manual,First Owner,19.72,1461,108.45,5,12
6722,Others,360000,60000,Diesel,Individual,Manual,Second Owner,20.5,1248,91.7,5,10
6723,Volkswagen,650000,82000,Diesel,Individual,Automatic,First Owner,21.73,1498,108.62,5,8
6724,Others,1320000,77500,Diesel,Individual,Automatic,Higher,12.7,2159,152.925,5,13
6725,Chevrolet,675000,50000,Diesel,Individual,Manual,Second Owner,18.2,1248,73.74,7,9
6726,Maruti,50000,40000,Petrol,Individual,Manual,Higher,16.1,796,37.0,4,20
6727,Maruti,445000,39500,Petrol,Individual,Manual,First Owner,20.52,1197,81.8,5,9
6728,Hyundai,750000,40000,Diesel,Individual,Manual,First Owner,22.54,1396,88.76,5,8
6729,Maruti,425000,56000,Diesel,Individual,Manual,Second Owner,22.9,1248,74.0,5,14
6731,Hyundai,850000,54000,Diesel,Individual,Manual,First Owner,22.54,1396,88.73,5,9
6732,Maruti,400000,20000,Petrol,Individual,Manual,Second Owner,20.51,998,67.04,5,10
6733,Tata,200000,55896,Diesel,Individual,Manual,Second Owner,25.0,1396,69.0,5,12
6734,Honda,550000,35000,Diesel,Individual,Manual,First Owner,25.8,1498,98.6,5,10
6735,Honda,250000,97000,Petrol,Individual,Manual,Second Owner,19.4,1198,86.8,5,14
6736,Maruti,206000,120000,Petrol,Individual,Manual,Second Owner,22.74,796,47.3,5,12
6737,Hyundai,290000,50000,Petrol,Individual,Manual,First Owner,21.1,814,55.2,5,12
6738,Tata,45000,30400,Petrol,Individual,Manual,Higher,26.0,624,35.0,4,16
6739,Mahindra,1200000,15000,Diesel,Individual,Manual,First Owner,20.0,1497,115.0,5,7
6740,Others,220000,110000,Diesel,Individual,Manual,Higher,21.64,1461,84.8,5,14
6741,Others,515000,120000,Diesel,Individual,Automatic,Second Owner,14.84,2143,152.925,5,18
6742,Maruti,170000,100000,Petrol,Individual,Manual,First Owner,19.7,796,46.3,5,16
6743,Maruti,260000,120000,Diesel,Individual,Manual,Second Owner,17.8,1248,75.0,5,16
6744,Volkswagen,315000,130000,Diesel,Individual,Manual,Second Owner,20.54,1598,103.6,5,14
6745,Maruti,225000,76000,Petrol,Individual,Manual,Second Owner,20.92,998,67.1,5,15
6746,Volkswagen,420000,110000,Diesel,Individual,Manual,Higher,19.33,1968,138.1,5,14
6747,Mahindra,525000,96000,Diesel,Individual,Manual,First Owner,12.05,2159,120.0,8,15
6748,Maruti,670000,90000,Diesel,Individual,Automatic,First Owner,28.4,1248,74.0,5,8
6749,Others,220000,110000,Diesel,Individual,Manual,Higher,21.64,1461,84.8,5,14
6750,Ford,250000,25000,Diesel,Individual,Manual,First Owner,20.0,1399,68.1,5,13
6751,Maruti,229999,90000,Diesel,Individual,Manual,Second Owner,19.3,1248,73.9,5,17
6752,Maruti,229999,164000,Diesel,Individual,Manual,Second Owner,19.3,1248,73.9,5,17
6753,Honda,300000,120000,Petrol,Individual,Manual,Second Owner,18.0,1198,86.7,5,13
6754,Maruti,165000,66000,Petrol,Individual,Manual,Second Owner,19.0,998,66.1,5,16
6755,Tata,295000,186062,Diesel,Individual,Manual,First Owner,13.93,2159,138.0,7,16
6756,Hyundai,360000,157000,Diesel,Individual,Manual,Second Owner,22.32,1582,126.3,5,15
6757,Hyundai,380000,157000,Diesel,Individual,Manual,Second Owner,22.32,1582,126.3,5,15
6758,Renault,300000,35000,Petrol,Individual,Manual,First Owner,23.01,999,67.0,5,9
6759,Mahindra,320000,100000,Diesel,Individual,Manual,Second Owner,12.7,2159,116.6,9,18
6760,Others,325000,70000,Petrol,Individual,Manual,Second Owner,19.44,1198,67.0,7,10
6761,Tata,160000,30000,Diesel,Individual,Manual,Second Owner,21.12,1248,88.8,5,16
6762,Mahindra,630000,40000,Diesel,Individual,Manual,First Owner,16.5,1493,70.0,7,8
6763,Maruti,600000,5000,Petrol,Individual,Manual,First Owner,21.21,1197,81.8,5,6
6764,Maruti,229999,30000,Petrol,Individual,Manual,Second Owner,22.74,796,47.3,5,12
6765,Maruti,440000,70000,Diesel,Individual,Manual,Second Owner,22.9,1248,74.0,5,12
6766,Chevrolet,90000,60000,Petrol,Individual,Manual,Second Owner,18.0,995,62.0,5,19
6767,Maruti,750000,60000,Diesel,Individual,Manual,First Owner,28.09,1248,88.5,5,9
6768,Honda,330000,80000,Petrol,Individual,Manual,Second Owner,16.8,1497,116.3,5,14
6769,Maruti,715000,70000,Diesel,Individual,Manual,Second Owner,28.09,1248,88.5,5,10
6770,Others,250000,150000,Diesel,Individual,Manual,Second Owner,20.86,1199,75.0,5,13
6771,Maruti,120000,150000,Petrol,Individual,Manual,Second Owner,18.2,1061,64.0,5,19
6772,Ford,100000,25000,Petrol,Individual,Manual,Higher,14.2,1597,92.0,5,22
6773,Others,850000,35000,Diesel,Individual,Automatic,Second Owner,21.72,1498,108.6,5,9
6774,Hyundai,450000,48000,Diesel,Individual,Manual,First Owner,25.4,1186,73.97,5,8
6775,Volkswagen,240000,186062,Diesel,Individual,Manual,First Owner,22.07,1199,73.9,5,14
6777,Maruti,600000,135000,Diesel,Individual,Manual,First Owner,26.59,1248,74.0,5,11
6778,Chevrolet,280000,110000,Diesel,Individual,Manual,Second Owner,18.2,1248,73.74,7,10
6779,Hyundai,465000,146000,Diesel,Individual,Manual,Second Owner,22.32,1582,126.32,5,14
6780,Maruti,350000,44000,Petrol,Individual,Manual,First Owner,24.7,796,47.3,5,8
6781,Hyundai,325000,70000,Petrol,Individual,Manual,First Owner,20.36,1197,78.9,5,13
6782,Tata,50000,186062,Diesel,Individual,Manual,First Owner,16.8,1405,62.0,5,22
6783,Maruti,110000,120000,Petrol,Individual,Manual,Higher,19.7,796,46.3,5,20
6784,Tata,220000,80000,Diesel,Individual,Manual,First Owner,23.03,1396,69.0,5,13
6785,Mahindra,515000,60000,Diesel,Individual,Manual,First Owner,15.96,2159,62.1,7,11
6786,Maruti,750000,40000,Petrol,Individual,Manual,First Owner,20.73,1373,91.1,5,8
6787,Hyundai,350000,25000,Petrol,Individual,Manual,First Owner,21.1,814,55.2,5,8
6788,Hyundai,488999,15000,Petrol,Individual,Manual,First Owner,18.9,1197,81.86,5,7
6789,Maruti,300000,27000,Petrol,Individual,Manual,First Owner,24.7,796,47.3,5,9
6790,Maruti,650000,35000,Diesel,Individual,Manual,Second Owner,27.39,1248,74.0,5,9
6791,Maruti,250000,40000,Petrol,Individual,Manual,First Owner,19.0,998,66.1,5,12
6792,Maruti,200000,40000,Petrol,Individual,Manual,Higher,22.74,796,47.3,5,12
6793,Mahindra,950000,75262,Diesel,Individual,Manual,First Owner,15.4,2159,120.0,7,11
6794,Tata,200000,120000,Diesel,Individual,Manual,First Owner,23.03,1396,69.0,5,14
6795,Hyundai,276000,60000,Petrol,Individual,Manual,First Owner,20.3,998,68.05,5,10
6796,Hyundai,250000,40000,Petrol,Individual,Manual,First Owner,21.1,814,55.2,5,12
6797,Maruti,95000,80000,Petrol,Individual,Manual,Second Owner,19.7,796,46.3,5,18
6798,Tata,200000,70000,Diesel,Individual,Manual,Second Owner,23.57,1396,70.0,5,15
6799,Hyundai,450000,100000,Diesel,Individual,Manual,Second Owner,22.32,1582,126.32,5,14
6800,Mahindra,900000,18000,Diesel,Individual,Manual,First Owner,15.1,2159,140.0,7,13
6801,Tata,200000,175000,Diesel,Individual,Manual,First Owner,19.09,1396,69.0,5,16
6802,Hyundai,200000,70000,Petrol,Individual,Manual,Second Owner,20.36,1197,78.9,5,16
6803,Mahindra,370000,91863,Diesel,Individual,Manual,Second Owner,15.96,2159,62.1,7,15
6804,Tata,250000,100000,Petrol,Individual,Manual,First Owner,15.2,1193,65.0,5,18
6805,Renault,290000,10000,Petrol,Individual,Manual,First Owner,25.17,799,53.3,5,10
6806,Maruti,900000,35000,Diesel,Individual,Manual,First Owner,24.52,1248,88.5,7,8
6807,Ford,325000,120000,Diesel,Individual,Manual,Second Owner,20.0,1399,68.1,5,13
6808,Hyundai,425000,30000,Petrol,Individual,Manual,First Owner,18.9,1197,82.0,5,10
6809,Renault,315000,60000,Petrol,Individual,Manual,First Owner,25.17,799,53.3,5,10
6810,Maruti,300000,70000,Petrol,Individual,Manual,First Owner,23.95,998,67.05,5,12
6811,Hyundai,325000,70000,Petrol,Individual,Manual,Second Owner,20.36,1197,78.9,5,13
6812,Hyundai,900000,130000,Diesel,Individual,Manual,First Owner,21.38,1396,88.7,5,10
6813,Hyundai,950000,133000,Diesel,Individual,Manual,First Owner,21.38,1396,88.7,5,10
6814,Volkswagen,320000,120000,Diesel,Individual,Manual,Higher,20.54,1598,103.6,5,16
6815,Volkswagen,500000,20000,Petrol,Individual,Manual,First Owner,19.44,999,75.0,5,7
6816,Ford,290000,25000,Petrol,Individual,Manual,First Owner,15.6,1196,70.0,5,14
6817,Tata,60000,90000,Petrol,Individual,Manual,First Owner,25.4,624,37.48,4,14
6818,Maruti,120000,140000,Petrol,Individual,Manual,Higher,19.0,998,66.1,5,17
6819,Honda,850000,103000,Diesel,Dealer,Manual,First Owner,25.6,1498,97.9,5,9
6820,Toyota,1320000,23000,Diesel,Dealer,Manual,First Owner,13.68,2159,147.8,7,9
6821,Honda,600000,128000,Diesel,Dealer,Manual,First Owner,26.0,1498,98.6,5,11
6822,Volkswagen,620000,33000,Diesel,Individual,Manual,First Owner,20.14,1498,88.8,5,11
6823,Maruti,150000,70000,Petrol,Individual,Manual,Second Owner,19.7,796,46.3,5,17
6824,Hyundai,150000,40000,Petrol,Individual,Manual,Higher,8.470000000000002,1086,62.0,5,15
6825,Tata,135000,40000,Petrol,Individual,Manual,Higher,12.85,1396,99.6,5,18
6826,Tata,200000,80000,Diesel,Individual,Manual,First Owner,17.0,1405,71.0,5,15
6827,Maruti,730000,70000,Diesel,Individual,Manual,First Owner,26.21,1248,88.5,5,11
6828,Toyota,800000,100000,Diesel,Individual,Manual,First Owner,12.99,2159,100.6,8,13
6829,Mahindra,300000,90000,Diesel,Individual,Manual,Second Owner,14.0,2159,112.0,8,17
6830,Ford,190000,112000,Diesel,Individual,Manual,Second Owner,20.0,1399,68.0,5,14
6831,Honda,350000,50000,Petrol,Individual,Manual,First Owner,15.5,1799,132.0,5,15
6832,Hyundai,509999,62000,Diesel,Individual,Manual,Second Owner,24.4,1120,71.0,5,11
6833,Maruti,400000,90000,Diesel,Individual,Manual,First Owner,20.77,1248,88.76,7,14
6834,Toyota,800000,80000,Diesel,Individual,Manual,First Owner,12.99,2159,100.0,7,13
6835,Tata,250000,50000,Diesel,Individual,Manual,First Owner,21.02,1248,88.8,5,13
6836,Hyundai,930000,47552,Diesel,Individual,Manual,Second Owner,19.67,1582,126.2,5,10
6837,Maruti,720000,40000,Diesel,Individual,Manual,Second Owner,24.3,1248,88.5,5,10
6838,Ford,225000,15000,Petrol,Individual,Manual,First Owner,15.6,1196,70.0,5,15
6839,Ford,950000,20000,Diesel,Individual,Manual,First Owner,23.0,1498,98.96,5,7
6840,Hyundai,530000,52000,Petrol,Individual,Manual,First Owner,17.19,1197,81.86,5,8
6841,Hyundai,470000,70000,Petrol,Individual,Manual,First Owner,18.6,1197,81.83,5,10
6842,Mahindra,650000,110000,Diesel,Individual,Manual,First Owner,15.96,2159,63.0,9,9
6843,Tata,540000,77500,Diesel,Individual,Manual,Second Owner,14.0,2159,138.1,7,12
6844,Maruti,459999,100000,Diesel,Individual,Manual,Second Owner,25.2,1248,74.0,5,11
6845,Renault,325000,14700,Petrol,Individual,Manual,First Owner,25.17,799,53.3,5,7
6846,Maruti,240000,40000,Petrol,Individual,Manual,First Owner,16.8,796,34.2,5,10
6847,Mahindra,400000,32000,Petrol,Individual,Manual,Second Owner,18.15,1198,82.0,6,9
6848,Maruti,70000,70000,Petrol,Individual,Manual,Second Owner,19.7,796,46.3,5,22
6849,Maruti,250000,80000,Petrol,Individual,Manual,First Owner,17.5,1298,85.8,5,17
6850,Toyota,910000,80000,Diesel,Individual,Manual,Second Owner,12.99,2159,100.6,8,12
6851,Maruti,720000,25000,Diesel,Individual,Manual,First Owner,28.4,1248,74.02,5,8
6852,Maruti,590000,50000,Diesel,Individual,Manual,First Owner,26.59,1248,74.0,5,11
6853,Chevrolet,434000,120000,Diesel,Individual,Manual,First Owner,13.58,2159,72.4,10,11
6854,Mahindra,145000,170000,Diesel,Individual,Manual,First Owner,13.6,2159,63.0,7,20
6855,Mahindra,445000,19700,Petrol,Individual,Manual,First Owner,18.15,1198,82.0,5,8
6856,Hyundai,191000,70000,Other,Individual,Manual,First Owner,13.45,1086,62.1,5,15
6857,Ford,372000,50000,Diesel,Individual,Manual,Higher,25.83,1498,99.0,5,8
6858,Maruti,65000,90000,Petrol,Individual,Manual,Second Owner,18.9,998,67.1,5,21
6860,Ford,300000,140000,Diesel,Individual,Manual,First Owner,20.0,1399,68.05,5,11
6861,Mahindra,125000,120000,Diesel,Individual,Manual,Higher,12.7,2159,116.6,8,23
6862,Tata,520000,40000,Petrol,Individual,Manual,First Owner,20.3,1199,84.0,5,9
6863,Maruti,190000,70000,Petrol,Individual,Manual,Higher,22.74,796,47.3,5,12
6864,Others,310000,7000,Petrol,Individual,Manual,First Owner,22.5,999,67.0,5,8
6865,Toyota,750000,90000,Diesel,Individual,Manual,First Owner,12.8,2159,102.0,8,14
6866,Mahindra,750000,110000,Diesel,Individual,Automatic,First Owner,18.49,1493,100.0,7,10
6867,Maruti,350000,15000,Petrol,Individual,Manual,First Owner,23.95,998,67.05,5,7
6868,Maruti,360000,5000,Petrol,Individual,Manual,First Owner,22.05,796,47.3,5,6
6869,Renault,285000,5000,Petrol,Individual,Manual,First Owner,25.17,799,53.3,5,9
6870,Maruti,160000,70000,Petrol,Individual,Manual,Second Owner,22.74,796,47.3,5,13
6871,Others,229999,60000,Petrol,Individual,Manual,Second Owner,19.44,1198,67.0,7,11
6872,Maruti,85000,120000,Petrol,Individual,Manual,Higher,19.7,796,46.3,5,19
6873,Others,300000,7000,Petrol,Individual,Manual,First Owner,22.5,999,67.0,5,8
6874,Mahindra,675000,120000,Diesel,Individual,Manual,First Owner,12.05,2159,120.0,7,12
6875,Mahindra,700000,145241,Diesel,Individual,Manual,First Owner,12.05,2159,120.0,7,12
6876,Mahindra,400000,110000,Diesel,Individual,Manual,First Owner,12.7,2159,116.6,8,18
6877,Renault,254999,30000,Petrol,Individual,Manual,Higher,25.17,799,53.3,5,10
6878,Mahindra,1050000,80000,Diesel,Individual,Manual,Second Owner,15.4,2159,120.0,7,11
6879,Maruti,390000,100000,Diesel,Individual,Manual,First Owner,23.4,1248,74.0,5,13
6880,Toyota,450000,80000,Diesel,Individual,Manual,First Owner,23.59,1364,67.04,5,11
6881,Toyota,1320000,40000,Diesel,Individual,Automatic,Second Owner,11.36,2159,152.925,7,10
6882,Maruti,725000,50000,Diesel,Individual,Manual,First Owner,24.3,1248,88.5,5,9
6883,Tata,466000,95500,Diesel,Individual,Manual,Second Owner,14.0,2159,138.1,7,13
6884,Ford,370000,40000,Petrol,Individual,Manual,Second Owner,18.16,1196,86.8,5,9
6885,Maruti,150000,70000,Petrol,Individual,Manual,Higher,18.2,1061,64.0,5,19
6886,Maruti,483000,15000,Petrol,Individual,Manual,First Owner,23.1,998,67.04,5,9
6887,Hyundai,470000,10000,Petrol,Individual,Manual,First Owner,18.9,1197,82.0,5,10
6888,Maruti,950000,25000,Diesel,Individual,Manual,First Owner,24.3,1248,88.5,5,8
6889,Hyundai,450000,50000,Petrol,Individual,Manual,Higher,17.01,1591,121.3,5,13
6890,Toyota,345000,70000,Petrol,Individual,Manual,First Owner,17.6,1496,88.7,5,15
6891,Maruti,300000,60000,Petrol,Individual,Manual,First Owner,19.0,998,66.1,5,17
6892,Maruti,160000,74800,Petrol,Individual,Manual,Second Owner,18.2,998,67.1,5,19
6893,Maruti,120000,80000,Petrol,Individual,Manual,Second Owner,16.1,796,37.0,4,22
6894,Tata,500000,40000,Petrol,Individual,Manual,First Owner,17.57,1193,88.7,5,6
6895,Mahindra,1320000,40000,Diesel,Individual,Manual,First Owner,16.0,2159,138.0,7,8
6896,Hyundai,455000,50000,Diesel,Individual,Manual,First Owner,24.0,1186,73.97,5,9
6897,Hyundai,165000,45000,Petrol,Individual,Manual,Second Owner,21.1,814,55.2,5,13
6898,Maruti,470000,23700,Petrol,Individual,Manual,First Owner,20.4,1197,81.8,5,10
6899,Maruti,470000,23700,Petrol,Individual,Manual,First Owner,20.4,1197,81.8,5,10
6900,Others,1320000,10000,Petrol,Individual,Manual,First Owner,16.0,1368,152.925,5,7
6901,Maruti,229999,53473,Petrol,Individual,Manual,First Owner,23.95,998,67.05,5,12
6902,Mahindra,250000,100000,Diesel,Individual,Manual,Second Owner,15.96,2159,63.0,9,15
6903,Mahindra,1320000,25000,Diesel,Individual,Manual,First Owner,16.0,2159,140.0,7,10
6904,Hyundai,220000,80000,Petrol,Individual,Manual,First Owner,17.92,1086,62.1,5,13
6905,Hyundai,360000,120000,Diesel,Individual,Manual,First Owner,24.4,1120,71.0,5,11
6906,Maruti,350000,40000,Petrol,Individual,Manual,First Owner,23.95,998,67.05,5,8
6907,Hyundai,500000,70000,Diesel,Individual,Manual,First Owner,22.32,1582,126.32,5,14
6908,Chevrolet,145000,90000,Diesel,Individual,Manual,Higher,25.44,936,57.6,5,13
6909,Chevrolet,300000,51000,Petrol,Individual,Manual,First Owner,18.2,1199,82.5,5,12
6911,Hyundai,180000,87000,Petrol,Individual,Manual,Second Owner,13.2,1495,94.0,5,17
6913,Maruti,530000,40000,Diesel,Individual,Manual,First Owner,23.4,1248,74.0,5,13
6914,Renault,620000,90000,Diesel,Individual,Manual,Second Owner,19.01,1461,108.45,5,12
6915,Toyota,360000,110000,Petrol,Individual,Manual,Higher,16.78,1496,88.73,5,11
6916,Hyundai,245000,86000,Petrol,Individual,Manual,Second Owner,17.92,1086,62.1,5,16
6918,Ford,130000,80000,Petrol,Individual,Manual,Higher,14.2,1597,92.0,5,23
6919,Maruti,70000,65000,Petrol,Individual,Manual,Higher,15.9,1298,85.0,5,27
6920,Maruti,70000,70000,Petrol,Individual,Manual,Higher,15.9,1298,85.0,5,27
6921,Ford,650000,140000,Diesel,Individual,Manual,Second Owner,25.01,1498,89.75,5,12
6922,Maruti,610000,18000,Petrol,Individual,Manual,First Owner,21.21,1197,81.8,5,7
6923,Maruti,300000,24000,Petrol,Individual,Manual,First Owner,23.95,998,67.05,5,11
6924,Hyundai,425000,60000,Diesel,Individual,Manual,First Owner,24.0,1120,70.0,5,12
6925,Hyundai,450000,150000,Diesel,Individual,Manual,Higher,22.32,1582,126.32,5,14
6926,Hyundai,450000,108000,Diesel,Individual,Manual,First Owner,22.32,1582,126.3,5,15
6927,Hyundai,340000,60000,Petrol,Individual,Automatic,Higher,16.95,1197,78.9,5,15
6928,Maruti,650000,90000,Diesel,Individual,Manual,First Owner,20.77,1248,88.76,7,13
6929,Tata,160000,70000,Diesel,Individual,Manual,First Owner,19.09,1396,69.0,5,17
6930,Tata,250000,120000,Diesel,Individual,Manual,First Owner,19.1,1405,70.0,5,12
6931,Chevrolet,225000,100000,Diesel,Individual,Manual,Higher,25.44,936,57.6,5,14
6932,Tata,55000,75958,Diesel,Individual,Manual,Second Owner,17.88,1396,52.8,5,19
6933,Maruti,42000,70000,Petrol,Individual,Manual,Higher,16.1,796,37.0,4,30
6935,Hyundai,282000,128000,Diesel,Individual,Manual,Higher,12.6,1991,112.0,7,20
6936,Tata,80000,110000,Diesel,Individual,Manual,Higher,16.8,1405,62.0,5,19
6937,Maruti,500000,40000,Petrol,Individual,Manual,First Owner,20.85,1197,83.14,5,10
6938,Ford,500000,70000,Diesel,Individual,Manual,First Owner,25.83,1498,99.0,5,10
6939,Maruti,400000,60000,Diesel,Individual,Manual,First Owner,22.9,1248,74.0,5,15
6940,Mahindra,550000,90000,Diesel,Individual,Manual,First Owner,15.96,2159,62.1,7,13
6941,Tata,200000,70000,Diesel,Individual,Manual,Second Owner,13.93,2159,138.1,7,19
6942,Hyundai,280000,65000,Petrol,Individual,Manual,First Owner,20.36,1197,78.9,5,14
6943,Maruti,580000,88000,Diesel,Individual,Manual,First Owner,23.4,1248,74.0,5,12
6944,Tata,100000,80000,Diesel,Individual,Manual,Higher,18.8,1248,90.0,5,17
6945,Mahindra,550000,60000,Diesel,Individual,Manual,First Owner,14.0,2159,75.0,8,12
6946,Mahindra,700000,38000,Diesel,Individual,Manual,First Owner,18.49,1493,100.0,7,9
6947,Tata,150000,80000,Petrol,Individual,Manual,Higher,15.0,1368,90.0,5,16
6948,Hyundai,190000,60000,Petrol,Individual,Manual,Second Owner,21.1,814,55.2,5,12
6949,Mahindra,500000,110000,Diesel,Individual,Manual,First Owner,15.96,2159,62.1,7,13
6950,Maruti,640000,110000,Diesel,Individual,Manual,First Owner,25.2,1248,74.0,5,9
6951,Others,340000,145000,Diesel,Individual,Manual,First Owner,20.86,1199,75.0,5,15
6952,Hyundai,811000,43000,Diesel,Individual,Manual,First Owner,22.54,1396,88.76,5,7
6953,Maruti,409999,120000,Diesel,Individual,Manual,First Owner,23.2,1248,73.94,5,10
6954,Maruti,220000,136000,Petrol,Individual,Manual,Second Owner,16.1,1298,88.2,5,19
6955,Tata,170000,120000,Diesel,Individual,Manual,Second Owner,17.88,1405,48.21,5,13
6956,Hyundai,700000,25000,Petrol,Individual,Manual,First Owner,18.6,1197,81.86,5,8
6957,Mahindra,950000,80000,Diesel,Individual,Manual,Second Owner,15.4,2159,120.0,7,11
6958,Hyundai,80000,40000,Petrol,Individual,Manual,Second Owner,14.4,1599,94.0,5,23
6959,Others,1320000,9000,Diesel,Dealer,Automatic,First Owner,13.6,1999,152.925,5,9
6960,Others,1320000,20000,Petrol,Dealer,Automatic,First Owner,22.37,2159,152.925,5,7
6961,Others,1320000,45000,Diesel,Dealer,Automatic,First Owner,19.33,1999,152.925,5,9
6962,Tata,503000,110000,Diesel,Individual,Manual,First Owner,14.1,2159,147.94,7,11
6963,Others,1320000,20000,Diesel,Individual,Automatic,First Owner,18.0,1969,152.925,5,7
6964,Toyota,1320000,68089,Petrol,Dealer,Automatic,First Owner,19.16,2159,152.925,5,10
6965,Maruti,225000,58343,Petrol,Dealer,Manual,First Owner,21.79,998,67.05,5,13
6966,Maruti,740000,38817,Diesel,Dealer,Manual,First Owner,27.39,1248,74.0,5,8
6967,Honda,550000,56494,Petrol,Dealer,Manual,First Owner,18.2,1199,88.7,5,10
6968,Toyota,750000,79328,Diesel,Dealer,Manual,Second Owner,12.99,2159,100.6,7,13
6969,Maruti,650000,5621,Petrol,Dealer,Automatic,First Owner,22.0,1197,81.8,5,7
6970,Toyota,625000,25538,Petrol,Dealer,Manual,First Owner,16.78,1496,88.73,5,9
6971,Maruti,600000,69779,Petrol,Dealer,Automatic,First Owner,22.0,1197,81.8,5,8
6972,Hyundai,450000,56290,Diesel,Dealer,Manual,First Owner,24.0,1186,73.97,5,9
6973,Others,1320000,7500,Diesel,Dealer,Automatic,First Owner,16.78,1995,152.925,5,7
6974,Others,1320000,8500,Diesel,Dealer,Automatic,First Owner,16.78,1995,152.925,5,7
6975,Honda,779000,7032,Petrol,Dealer,Automatic,First Owner,19.0,1199,88.76,5,7
6976,Others,645000,11000,Petrol,Dealer,Automatic,First Owner,14.3,1598,103.5,5,10
6977,Others,1320000,2000,Diesel,Dealer,Automatic,First Owner,16.8,1984,150.0,5,8
6978,Maruti,420000,120000,Diesel,Individual,Manual,Second Owner,23.4,1248,74.0,5,12
6979,Maruti,899000,35000,Diesel,Individual,Manual,First Owner,25.1,1248,88.5,5,8
6980,Others,459999,35000,Petrol,Individual,Manual,First Owner,19.83,1198,67.0,5,7
6981,Hyundai,150000,120000,Diesel,Individual,Manual,Second Owner,18.1,1493,110.0,5,18
6982,Renault,350000,25000,Petrol,Individual,Manual,First Owner,23.01,999,67.0,5,9
6983,Toyota,509999,100000,Diesel,Individual,Manual,Second Owner,23.59,1364,67.05,5,11
6984,Mahindra,500000,120000,Diesel,Individual,Manual,Higher,15.96,2159,62.1,9,13
6985,Tata,370000,35000,Petrol,Individual,Manual,First Owner,17.57,1193,88.7,5,9
6986,Maruti,240000,44000,Petrol,Individual,Manual,Second Owner,20.92,998,67.1,5,13
6987,Hyundai,530000,100000,Diesel,Individual,Manual,Second Owner,22.54,1396,88.73,5,11
6988,Mahindra,1000000,133000,Diesel,Individual,Manual,Second Owner,15.4,2159,120.0,7,11
6989,Toyota,1320000,35000,Diesel,Individual,Manual,Second Owner,13.68,2159,147.8,7,8
6990,Hyundai,350000,64000,Petrol,Individual,Manual,First Owner,20.36,1197,78.9,5,12
6991,Mahindra,1100000,70000,Diesel,Individual,Automatic,First Owner,16.0,2159,140.0,7,11
6992,Hyundai,220000,70000,Petrol,Individual,Manual,First Owner,18.5,1197,80.0,5,15
6993,Hyundai,350000,100000,Petrol,Individual,Manual,First Owner,18.9,1197,82.0,5,11
6994,Maruti,370000,90000,Diesel,Individual,Manual,Second Owner,22.9,1248,74.0,5,13
6995,Maruti,220000,50000,Petrol,Individual,Manual,First Owner,17.5,1298,85.8,5,12
6996,Chevrolet,200000,80000,Diesel,Individual,Manual,First Owner,22.1,1248,76.9,5,13
6997,Mahindra,400000,50000,Diesel,Individual,Manual,First Owner,25.32,1198,77.0,6,9
6998,Others,150000,55000,Petrol,Individual,Manual,First Owner,14.6,1368,88.7,5,17
6999,Toyota,1320000,40000,Petrol,Individual,Automatic,First Owner,10.75,2159,152.925,8,6
7000,Maruti,130000,70000,Petrol,Individual,Manual,Second Owner,14.0,796,35.0,5,15
7001,Maruti,185000,80000,Petrol,Individual,Manual,Second Owner,22.74,796,47.3,5,13
7002,Hyundai,110000,80000,Petrol,Individual,Manual,Second Owner,8.470000000000002,1086,62.1,5,16
7003,Mahindra,450000,120000,Diesel,Individual,Manual,First Owner,15.96,2159,62.1,7,14
7004,Hyundai,500000,20000,Petrol,Individual,Manual,Second Owner,18.9,1197,81.86,5,8
7005,Ford,570000,31596,Petrol,Dealer,Manual,First Owner,17.0,1497,121.36,5,9
7006,Mahindra,650000,85710,Diesel,Dealer,Manual,First Owner,15.1,2159,140.0,7,13
7007,Toyota,1320000,129627,Diesel,Dealer,Manual,First Owner,11.5,2159,152.925,7,14
7008,Others,250000,10000,Petrol,Individual,Manual,First Owner,22.7,799,53.64,5,8
7009,Hyundai,320000,15000,Petrol,Individual,Manual,First Owner,20.36,1197,78.9,5,12
7010,Maruti,440000,35000,Petrol,Individual,Automatic,First Owner,20.51,998,67.0,5,9
7011,Hyundai,315000,49000,Petrol,Individual,Manual,Second Owner,18.5,1197,82.85,5,13
7013,Tata,202999,158000,Diesel,Individual,Manual,First Owner,18.8,1248,90.0,5,16
7014,Hyundai,179000,30000,Petrol,Individual,Manual,Second Owner,21.1,814,55.2,5,14
7015,Hyundai,140000,60000,Petrol,Individual,Manual,Second Owner,20.36,1197,78.9,5,18
7016,Maruti,150000,40000,Petrol,Individual,Manual,Second Owner,18.2,1061,64.0,5,18
7017,Mahindra,440000,60000,Diesel,Individual,Manual,Second Owner,13.6,2159,63.0,7,15
7018,Ford,250000,55130,Diesel,Dealer,Manual,Second Owner,20.0,1399,68.0,5,15
7019,Maruti,330000,22000,Petrol,Individual,Manual,First Owner,20.51,998,67.04,5,12
7020,Ford,250000,48000,Petrol,Individual,Manual,First Owner,15.6,1196,70.0,5,16
7021,Hyundai,335000,45000,Petrol,Individual,Manual,First Owner,18.5,1197,82.85,5,14
7022,Mahindra,1025000,22522,Diesel,Dealer,Manual,First Owner,16.0,2159,140.0,7,10
7023,Hyundai,320000,51856,Petrol,Dealer,Manual,Higher,18.5,1197,80.0,5,14
7024,Maruti,550000,29434,Petrol,Individual,Manual,First Owner,20.73,1373,91.1,5,11
7025,Honda,800000,25000,Diesel,Individual,Manual,First Owner,25.5,1498,98.6,5,8
7026,Tata,380000,28000,Petrol,Individual,Manual,Second Owner,23.84,1199,84.0,5,9
7027,Renault,400000,44500,Diesel,Individual,Manual,Second Owner,20.46,1461,83.8,5,13
7028,Maruti,375000,34500,Petrol,Individual,Manual,First Owner,20.51,998,67.04,5,10
7029,Honda,1100000,20000,Petrol,Individual,Automatic,First Owner,18.0,1497,117.6,5,9
7030,Hyundai,650000,15000,Petrol,Individual,Manual,First Owner,18.6,1197,81.83,5,8
7031,Others,361000,26000,Petrol,Individual,Automatic,First Owner,19.34,1198,76.0,5,12
7032,Hyundai,140000,20000,Petrol,Individual,Manual,First Owner,21.1,814,55.2,5,14
7033,Hyundai,550000,3000,Petrol,Individual,Manual,First Owner,20.14,1197,81.86,5,7
7034,Honda,670000,20000,Petrol,Individual,Manual,First Owner,19.5,1199,88.76,5,7
7035,Maruti,880000,25000,Diesel,Individual,Manual,First Owner,24.3,1248,88.5,5,9
7036,Ford,950000,35000,Diesel,Individual,Manual,First Owner,23.0,1498,98.96,5,8
7037,Chevrolet,300000,60000,Diesel,Individual,Manual,First Owner,18.3,1991,147.9,5,16
7038,Honda,1150000,6825,Petrol,Individual,Automatic,First Owner,18.0,1497,117.6,5,9
7039,Chevrolet,450000,155000,Diesel,Individual,Automatic,First Owner,14.81,1998,152.925,5,11
7040,Maruti,375000,50000,Other,Individual,Manual,First Owner,21.94,1196,61.7,5,8
7041,Maruti,600000,13500,Petrol,Individual,Manual,First Owner,17.5,1373,91.1,7,10
7042,Toyota,700000,186062,Diesel,Individual,Manual,First Owner,12.8,2159,102.0,8,18
7043,Hyundai,600000,65000,Diesel,Individual,Manual,First Owner,25.4,1186,73.97,5,8
7044,Mahindra,630000,95000,Diesel,Individual,Manual,Second Owner,14.02,2159,118.3,8,12
7045,Maruti,590000,40000,Petrol,Individual,Manual,Second Owner,20.73,1373,91.1,5,10
7046,Hyundai,420000,30000,Petrol,Individual,Manual,First Owner,20.3,1086,68.0,5,7
7047,Others,1320000,120000,Diesel,Individual,Manual,First Owner,13.5,2159,152.925,7,10
7048,Tata,541000,112011,Diesel,Individual,Manual,First Owner,13.93,2159,138.1,7,13
7049,Toyota,900000,125000,Diesel,Individual,Manual,First Owner,12.99,2159,100.6,7,11
7050,Toyota,900000,125000,Diesel,Individual,Manual,First Owner,12.99,2159,100.6,7,11
7051,Tata,250000,43000,Diesel,Individual,Manual,First Owner,18.8,1248,90.0,5,17
7052,Mahindra,670000,53534,Diesel,Individual,Manual,First Owner,15.96,2159,62.1,7,7
7053,Tata,530000,20000,Petrol,Individual,Manual,First Owner,20.3,1199,83.81,5,7
7054,Chevrolet,150000,70000,Diesel,Individual,Manual,Second Owner,25.44,936,57.6,5,14
7055,Mahindra,550000,70000,Diesel,Individual,Manual,Higher,15.1,2159,140.0,7,13
7056,Mahindra,650000,150000,Diesel,Individual,Manual,First Owner,15.4,1997,120.0,7,11
7057,Tata,180000,100000,Diesel,Individual,Manual,Second Owner,19.4,1405,70.0,5,14
7058,Mahindra,585000,50000,Diesel,Individual,Manual,First Owner,16.55,2159,105.0,7,11
7059,Hyundai,345000,120000,Petrol,Individual,Manual,Second Owner,18.5,1197,82.85,5,13
7060,Maruti,350000,110000,Diesel,Individual,Manual,Higher,22.9,1248,74.0,5,13
7061,Honda,725000,140000,Petrol,Individual,Manual,First Owner,15.4,1497,117.3,7,10
7062,Tata,250000,120000,Diesel,Individual,Manual,First Owner,15.42,1405,70.0,7,14
7063,Maruti,45000,70000,Petrol,Individual,Manual,Second Owner,16.1,796,37.0,4,24
7064,Toyota,409999,186062,Diesel,Individual,Manual,Higher,12.8,2159,102.0,8,19
7065,Renault,325000,16500,Petrol,Individual,Manual,Second Owner,23.01,999,67.0,5,9
7066,Maruti,350000,9900,Petrol,Individual,Manual,First Owner,23.95,998,67.05,5,10
7067,Maruti,180000,80000,Petrol,Individual,Manual,Higher,19.7,796,46.3,5,14
7068,Others,150000,100000,Petrol,Individual,Manual,Second Owner,16.0,1368,90.0,5,16
7069,Maruti,700000,20000,Petrol,Individual,Manual,First Owner,23.26,1197,88.5,5,6
7070,Maruti,795000,90000,Diesel,Individual,Manual,First Owner,28.09,1248,88.5,5,10
7071,Mahindra,950000,15000,Diesel,Individual,Manual,First Owner,16.55,2159,105.0,6,7
7072,Volkswagen,885000,75000,Diesel,Individual,Automatic,First Owner,21.5,1498,108.5,5,8
7073,Maruti,160000,140000,Diesel,Individual,Manual,First Owner,21.1,1248,73.9,5,15
7074,Hyundai,300000,120000,Diesel,Individual,Manual,Second Owner,23.0,1396,90.0,5,14
7075,Volkswagen,950000,75000,Diesel,Individual,Automatic,First Owner,21.5,1498,108.5,5,8
7076,Maruti,549000,90000,Diesel,Individual,Manual,First Owner,20.77,1248,88.76,7,11
7077,Others,1320000,20000,Diesel,Individual,Automatic,First Owner,20.38,1968,143.0,5,8
7078,Toyota,1200000,61000,Diesel,Individual,Manual,First Owner,12.99,2159,100.6,7,11
7079,Renault,570000,100000,Diesel,Individual,Manual,Second Owner,21.8,1461,78.0,5,14
7080,Mahindra,800000,60000,Diesel,Individual,Manual,Second Owner,16.55,2159,105.0,6,9
7081,Hyundai,375000,100000,Diesel,Individual,Manual,First Owner,18.1,1493,110.0,5,17
7082,Mahindra,300000,170000,Diesel,Individual,Manual,Higher,13.6,2159,63.0,7,17
7083,Toyota,350000,100000,Petrol,Individual,Manual,Second Owner,16.78,1496,88.73,5,13
7084,Mahindra,400000,120000,Diesel,Individual,Manual,Second Owner,13.6,2159,63.0,7,15
7085,Volkswagen,434999,50000,Diesel,Individual,Manual,First Owner,20.14,1498,88.8,5,11
7087,Maruti,260000,25000,Petrol,Individual,Manual,First Owner,22.74,796,47.3,5,11
7088,Maruti,450000,24019,Diesel,Individual,Manual,First Owner,22.9,1248,74.0,5,13
7089,Hyundai,459999,80000,Diesel,Individual,Manual,Second Owner,22.32,1582,126.32,5,13
7090,Maruti,210000,100000,Diesel,Individual,Manual,Second Owner,21.1,1248,73.9,5,15
7091,Maruti,540000,93000,Petrol,Individual,Manual,Second Owner,20.85,1197,83.14,5,11
7092,Maruti,710000,50000,Diesel,Individual,Manual,First Owner,24.52,1248,88.5,7,9
7093,Maruti,285000,22000,Petrol,Individual,Manual,First Owner,24.7,796,47.3,5,8
7094,Hyundai,990000,19600,Diesel,Individual,Manual,First Owner,22.1,1396,88.7,5,7
7095,Tata,362000,104000,Petrol,Individual,Manual,First Owner,15.64,1193,64.1,5,9
7096,Ford,880000,33000,Diesel,Individual,Manual,First Owner,23.0,1498,98.96,5,9
7097,Mahindra,700000,60000,Diesel,Individual,Manual,First Owner,18.49,1493,100.0,7,9
7098,Mahindra,600000,60000,Diesel,Individual,Manual,First Owner,15.96,2159,63.0,9,10
7099,Others,700000,40000,Petrol,Individual,Manual,First Owner,13.24,1598,102.5,5,11
7100,Tata,400000,60000,Diesel,Individual,Manual,First Owner,27.28,1047,69.0,5,10
7101,Hyundai,165000,80000,Other,Individual,Manual,First Owner,13.2,1495,93.7,5,16
7102,Toyota,350000,186062,Diesel,Individual,Manual,Second Owner,12.8,2159,102.0,8,19
7103,Maruti,425000,80000,Petrol,Individual,Manual,Higher,16.02,1373,93.7,7,12
7104,Hyundai,180000,70000,Petrol,Individual,Manual,First Owner,17.92,1086,62.1,5,14
7105,Maruti,170000,90000,Petrol,Individual,Manual,Higher,20.92,998,67.1,5,14
7106,Mahindra,370000,183000,Diesel,Individual,Manual,First Owner,15.96,2159,63.0,9,12
7107,Maruti,800000,27000,Diesel,Individual,Manual,First Owner,24.3,1248,88.5,5,8
7108,Ford,900000,35000,Diesel,Individual,Manual,First Owner,23.0,1498,98.96,5,9
7109,Maruti,390000,120000,Diesel,Individual,Manual,First Owner,22.9,1248,74.0,5,13
7110,Maruti,445000,80000,Diesel,Individual,Manual,Second Owner,23.4,1248,74.0,5,12
7111,Maruti,459999,70000,Diesel,Individual,Manual,Higher,23.4,1248,74.0,5,12
7112,Maruti,275000,55000,Other,Individual,Manual,First Owner,14.4,998,61.7,5,13
7113,Maruti,200000,120000,Diesel,Individual,Manual,Second Owner,21.1,1248,73.9,5,17
7114,Maruti,350000,72000,Petrol,Individual,Manual,Second Owner,17.5,1197,85.8,5,14
7115,Tata,95000,120000,Diesel,Individual,Manual,Second Owner,12.0,2092,127.0,7,19
7116,Toyota,550000,186062,Diesel,Individual,Manual,First Owner,23.59,1364,67.04,5,12
7117,Chevrolet,900000,100000,Diesel,Individual,Manual,First Owner,13.58,2159,72.4,9,10
7118,Tata,350000,120000,Diesel,Individual,Manual,Second Owner,15.3,2159,83.83,7,13
7119,Others,325000,50000,Petrol,Individual,Automatic,First Owner,19.34,1198,76.0,5,11
7120,Hyundai,455999,32000,Petrol,Individual,Manual,First Owner,18.9,1197,82.0,5,12
7121,Maruti,129000,60000,Petrol,Individual,Manual,First Owner,19.7,796,46.3,5,18
7122,Maruti,254000,40000,Petrol,Individual,Manual,First Owner,24.7,796,47.3,5,9
7123,Ford,570000,48000,Diesel,Individual,Manual,First Owner,21.7,1498,98.96,5,12
7124,Others,840000,30000,Diesel,Individual,Manual,First Owner,19.87,1461,83.14,5,8
7125,Tata,235000,100000,Diesel,Individual,Manual,Second Owner,13.93,2159,138.1,7,16
7126,Mahindra,700000,50000,Diesel,Individual,Manual,First Owner,18.49,1493,100.0,7,10
7128,Hyundai,528000,5000,Petrol,Individual,Manual,First Owner,18.9,1197,81.86,5,8
7129,Others,1320000,12000,Diesel,Individual,Manual,First Owner,17.1,1956,152.925,5,9
7130,Mahindra,560000,72000,Diesel,Individual,Manual,First Owner,15.96,2159,63.0,9,10
7131,Mahindra,600000,70000,Diesel,Individual,Manual,First Owner,15.96,2159,63.0,9,10
7132,Chevrolet,102000,50000,Petrol,Individual,Manual,Second Owner,15.26,1150,74.9,5,19
7133,Mahindra,750000,70000,Diesel,Individual,Manual,Second Owner,15.1,2159,140.0,7,12
7134,Chevrolet,148000,70000,Petrol,Individual,Manual,Higher,14.7,1150,76.0,5,16
7135,Maruti,650000,50000,Petrol,Individual,Manual,First Owner,21.4,1197,83.1,5,11
7136,Volkswagen,310000,40000,Petrol,Individual,Manual,First Owner,16.47,1198,73.9,5,14
7137,Hyundai,480000,30000,Petrol,Individual,Manual,First Owner,19.1,1197,82.0,5,12
7138,Maruti,320000,15000,Petrol,Individual,Manual,First Owner,24.7,796,47.3,5,8
7139,Honda,750000,40000,Petrol,Individual,Manual,First Owner,17.4,1497,117.3,5,11
7140,Others,370000,40000,Petrol,Individual,Manual,First Owner,19.49,1198,67.04,5,9
7141,Maruti,320000,60000,Petrol,Individual,Manual,Higher,18.6,1197,85.8,5,13
7142,Maruti,420000,67000,Petrol,Individual,Manual,First Owner,18.6,1197,85.8,5,13
7143,Maruti,240000,60000,Petrol,Individual,Manual,Second Owner,17.5,1298,85.8,5,16
7144,Others,220000,60000,Petrol,Individual,Manual,First Owner,22.5,999,67.0,5,9
7145,Tata,350000,30000,Petrol,Individual,Manual,First Owner,23.84,1199,84.0,5,10
7146,Honda,675000,40000,Diesel,Individual,Manual,First Owner,25.8,1498,98.6,5,8
7147,Toyota,434999,50000,Petrol,Individual,Manual,Second Owner,18.16,1197,78.8,5,10
7148,Honda,125000,186062,Petrol,Individual,Automatic,Higher,13.1,1997,141.1,5,20
7149,Mahindra,400000,14000,Petrol,Individual,Manual,Second Owner,18.15,1198,82.0,6,10
7150,Chevrolet,425000,70000,Diesel,Individual,Manual,First Owner,13.58,2159,72.4,9,11
7151,Maruti,311000,94000,Diesel,Individual,Manual,Second Owner,21.1,1248,75.0,5,16
7152,Chevrolet,509999,186062,Diesel,Individual,Manual,First Owner,13.58,2159,72.4,10,11
7153,Ford,530000,79000,Diesel,Individual,Manual,Second Owner,25.83,1498,99.0,5,11
7154,Others,210000,120000,Diesel,Individual,Manual,Second Owner,18.7,1896,66.0,5,18
7155,Mahindra,977000,30000,Diesel,Individual,Manual,First Owner,17.3,1497,121.0,8,7
7156,Maruti,440000,20000,Petrol,Individual,Manual,First Owner,20.51,998,67.04,5,8
7157,Maruti,440000,17000,Petrol,Individual,Manual,First Owner,20.51,998,67.04,5,8
7158,Hyundai,655000,20000,Petrol,Individual,Manual,First Owner,18.6,1197,81.83,5,8
7159,Renault,295000,60000,Petrol,Individual,Manual,First Owner,25.17,799,53.3,5,10
7160,Hyundai,655000,20000,Petrol,Individual,Manual,First Owner,18.6,1197,81.83,5,8
7161,Hyundai,65000,70000,Petrol,Individual,Manual,Higher,15.0,1086,66.6,5,19
7162,Tata,1200000,150000,Diesel,Individual,Manual,First Owner,17.6,2159,152.925,7,9
7163,Tata,1251000,35000,Diesel,Individual,Manual,First Owner,17.6,2159,152.925,7,9
7164,Tata,200000,60000,Diesel,Individual,Manual,First Owner,23.03,1396,69.0,5,16
7165,Hyundai,750000,40000,Diesel,Individual,Manual,First Owner,21.19,1396,88.73,5,10
7166,Maruti,400000,60000,Other,Individual,Manual,First Owner,26.6,998,58.16,5,8
7167,Honda,475000,57000,Petrol,Individual,Manual,First Owner,17.8,1198,86.7,5,9
7168,Tata,110000,120000,Diesel,Individual,Manual,Second Owner,17.8,1405,70.0,5,14
7169,Renault,350000,30000,Petrol,Individual,Manual,First Owner,23.01,999,67.0,5,9
7170,Maruti,450000,175000,Diesel,Individual,Manual,First Owner,23.4,1248,74.0,5,10
7171,Tata,150000,90000,Diesel,Individual,Manual,First Owner,17.0,1405,70.0,5,16
7172,Tata,80000,110000,Diesel,Individual,Manual,Second Owner,17.2,1396,53.5,5,17
7173,Hyundai,430000,35000,Petrol,Individual,Manual,Second Owner,18.6,1197,81.83,5,11
7174,Toyota,1320000,81000,Diesel,Individual,Manual,First Owner,13.68,2159,147.8,7,9
7175,Chevrolet,360000,100000,Diesel,Individual,Manual,First Owner,18.3,1991,147.9,5,15
7176,Tata,1320000,60000,Diesel,Individual,Automatic,First Owner,17.6,2159,152.925,7,9
7177,Honda,670000,60000,Diesel,Individual,Manual,First Owner,26.0,1498,98.6,5,10
7178,Others,1320000,70000,Petrol,Individual,Automatic,First Owner,13.7,1991,152.925,5,10
7180,Honda,440000,50000,Diesel,Individual,Manual,First Owner,25.8,1498,98.6,5,11
7181,Hyundai,254999,90000,Diesel,Individual,Manual,First Owner,23.0,1396,90.0,5,14
7182,Others,530000,65000,Petrol,Individual,Manual,First Owner,19.02,1198,67.05,7,8
7183,Mahindra,890000,40000,Diesel,Individual,Manual,Second Owner,16.0,1997,140.0,7,10
7184,Volkswagen,280000,80000,Diesel,Individual,Manual,Second Owner,22.07,1199,73.9,5,13
7185,Maruti,725000,35000,Petrol,Individual,Automatic,First Owner,21.21,1197,81.8,5,9
7186,Mahindra,700000,30000,Diesel,Individual,Manual,First Owner,18.49,1493,100.0,7,10
7187,Maruti,90000,70000,Petrol,Individual,Manual,First Owner,18.2,998,67.1,5,19
7188,Hyundai,287000,100000,Petrol,Individual,Manual,Second Owner,19.81,1086,68.05,5,11
7189,Hyundai,1320000,55000,Petrol,Individual,Automatic,First Owner,14.8,1591,121.3,5,8
7190,Toyota,750000,80000,Diesel,Individual,Manual,Second Owner,12.99,2159,100.6,7,13
7191,Hyundai,650000,40000,Petrol,Individual,Manual,First Owner,17.43,1396,105.5,5,10
7192,Maruti,240000,108916,Petrol,Individual,Manual,Second Owner,20.51,998,67.04,5,13
7193,Hyundai,290000,40000,Petrol,Individual,Manual,Second Owner,21.1,814,55.2,5,13
7194,Hyundai,229999,80000,Petrol,Individual,Manual,First Owner,21.1,814,55.2,5,12
7195,Honda,1000000,50000,Diesel,Individual,Manual,Second Owner,26.0,1498,98.6,5,10
7196,Hyundai,200000,90000,Petrol,Individual,Manual,Second Owner,17.92,1086,62.1,5,14
7197,Maruti,90000,70000,Petrol,Individual,Manual,Higher,19.7,796,46.3,5,22
7198,Hyundai,330000,90000,Diesel,Individual,Manual,First Owner,23.0,1396,90.0,5,14
7199,Maruti,200000,70000,Diesel,Individual,Manual,First Owner,21.1,1248,73.9,5,17
7200,Mahindra,420000,31000,Diesel,Individual,Manual,First Owner,25.32,1198,77.0,6,8
7201,Maruti,260000,120000,Diesel,Individual,Manual,Second Owner,19.3,1248,73.9,5,17
7202,Hyundai,590000,40000,Petrol,Individual,Manual,First Owner,18.6,1197,81.83,5,10
7203,Maruti,545000,180000,Diesel,Individual,Manual,First Owner,25.2,1248,74.0,5,11
7204,Maruti,210000,90000,Petrol,Individual,Manual,Second Owner,18.9,998,67.1,5,15
7205,Honda,185000,110000,Petrol,Individual,Manual,Second Owner,17.7,1497,78.0,5,18
7206,Maruti,125000,59000,Petrol,Individual,Manual,Second Owner,18.9,998,67.1,5,20
7207,Hyundai,280000,60000,Petrol,Individual,Manual,Second Owner,21.1,814,55.2,5,12
7209,Maruti,98000,70000,Petrol,Individual,Manual,Second Owner,18.9,998,67.1,5,21
7210,Tata,100000,186062,Diesel,Individual,Manual,First Owner,17.0,1405,71.0,5,17
7211,Mahindra,250000,180000,Diesel,Individual,Manual,First Owner,20.8,1461,64.1,5,13
7212,Toyota,750000,150000,Diesel,Individual,Manual,Second Owner,11.5,2159,152.925,7,16
7213,Chevrolet,160000,130000,Diesel,Individual,Manual,Second Owner,16.52,1991,123.7,5,19
7214,Hyundai,509999,120000,Diesel,Individual,Automatic,Second Owner,22.32,1582,126.3,5,13
7215,Tata,95000,80000,Diesel,Individual,Manual,Second Owner,17.88,1396,52.8,5,17
7216,Hyundai,525000,80000,Diesel,Individual,Manual,Second Owner,22.32,1582,126.32,5,12
7217,Others,278000,20000,Petrol,Individual,Manual,First Owner,22.5,999,67.0,5,9
7218,Maruti,50000,60000,Petrol,Individual,Manual,Second Owner,16.1,796,37.0,4,29
7219,Volkswagen,254999,120000,Diesel,Individual,Manual,Higher,22.07,1199,73.9,5,15
7220,Maruti,675000,10000,Petrol,Individual,Manual,First Owner,21.21,1197,81.8,5,7
7221,Maruti,600000,147000,Diesel,Individual,Manual,Second Owner,26.59,1248,74.0,5,10
7222,Maruti,950000,51000,Diesel,Individual,Manual,First Owner,25.1,1248,88.5,5,8
7223,Honda,229999,60000,Petrol,Individual,Manual,Higher,17.7,1497,78.0,5,19
7224,Toyota,600000,186062,Diesel,Individual,Manual,First Owner,12.8,2159,102.0,8,17
7225,Maruti,330000,20000,Petrol,Individual,Manual,First Owner,24.7,796,47.3,5,9
7226,Maruti,350000,40000,Petrol,Individual,Manual,First Owner,23.95,998,67.05,5,9
7227,Volkswagen,560000,35000,Petrol,Individual,Manual,First Owner,16.2,1199,74.0,5,10
7228,Maruti,440000,30000,Petrol,Individual,Manual,First Owner,20.51,998,67.04,5,9
7229,Maruti,220000,90000,Petrol,Individual,Manual,Second Owner,19.0,998,66.1,5,15
7230,Maruti,750000,110000,Diesel,Individual,Manual,Second Owner,28.4,1248,74.02,5,9
7231,Mahindra,800000,140000,Diesel,Individual,Manual,First Owner,15.1,2159,140.0,7,11
7232,Tata,59259,104000,Diesel,Individual,Manual,Second Owner,17.2,1396,53.5,5,19
7233,Maruti,740000,9000,Petrol,Individual,Automatic,First Owner,21.4,1197,83.1,5,8
7234,Maruti,570000,19000,Petrol,Individual,Automatic,Second Owner,20.89,1197,81.8,5,7
7235,Maruti,430000,20000,Petrol,Individual,Automatic,First Owner,20.51,998,67.0,5,9
7236,Maruti,800000,70000,Diesel,Individual,Manual,First Owner,24.3,1248,88.5,5,10
7237,Hyundai,450000,53000,Diesel,Individual,Manual,First Owner,24.0,1120,70.0,5,11
7238,Maruti,420000,105000,Diesel,Individual,Manual,Second Owner,23.4,1248,74.0,5,13
7239,Mahindra,750000,16000,Diesel,Individual,Manual,First Owner,18.06,2159,63.0,7,11
7240,Maruti,780000,7200,Petrol,Individual,Manual,First Owner,21.1,998,100.5,5,7
7241,Volkswagen,320000,77000,Diesel,Individual,Manual,Second Owner,22.07,1199,73.9,5,15
7242,Mahindra,690000,40000,Diesel,Individual,Manual,First Owner,25.32,1198,77.0,6,9
7243,Maruti,375000,70000,Diesel,Individual,Manual,Second Owner,19.3,1248,73.9,5,14
7244,Ford,620000,50000,Petrol,Individual,Manual,First Owner,18.12,1196,86.8,5,9
7245,Hyundai,300000,85000,Other,Individual,Manual,First Owner,13.45,1086,62.1,5,11
7246,Maruti,370000,58000,Petrol,Individual,Manual,Second Owner,15.37,1196,73.0,7,10
7247,Mahindra,770000,85000,Diesel,Individual,Manual,First Owner,16.55,2159,105.0,7,13
7248,Hyundai,500000,65000,Petrol,Individual,Manual,First Owner,19.1,1197,81.86,5,12
7249,Mahindra,450000,120000,Diesel,Individual,Manual,First Owner,25.32,1198,77.0,6,9
7250,Hyundai,195000,50000,Petrol,Individual,Manual,Second Owner,17.92,1086,62.1,5,13
7251,Maruti,472000,30000,Petrol,Individual,Automatic,First Owner,20.51,998,67.0,5,8
7252,Maruti,250000,58000,Petrol,Individual,Manual,Second Owner,23.95,998,67.05,5,12
7253,Chevrolet,165000,70000,Diesel,Individual,Manual,Second Owner,25.44,936,57.6,5,15
7254,Tata,525000,110000,Diesel,Individual,Manual,Second Owner,20.65,1248,88.7,5,8
7255,Maruti,145000,65000,Petrol,Individual,Manual,Higher,18.9,998,67.1,5,23
7256,Tata,325000,100000,Diesel,Individual,Manual,First Owner,22.3,1248,88.8,5,13
7257,Mahindra,660000,60000,Diesel,Individual,Manual,Second Owner,16.5,1493,70.0,7,9
7258,Ford,310000,90000,Diesel,Individual,Manual,Second Owner,19.68,1399,67.0,5,12
7259,Mahindra,250000,186062,Diesel,Individual,Manual,First Owner,13.6,2159,63.0,7,18
7260,Ford,330000,100000,Diesel,Individual,Manual,Second Owner,19.68,1399,67.0,5,12
7261,Ford,250000,80000,Diesel,Individual,Manual,Second Owner,20.0,1399,68.0,5,14
7262,Mahindra,650000,60000,Diesel,Individual,Automatic,First Owner,17.45,1493,100.0,7,9
7263,Maruti,305000,40000,Petrol,Individual,Manual,First Owner,23.95,998,67.05,5,10
7264,Maruti,600000,50000,Diesel,Individual,Manual,First Owner,26.21,1248,88.5,5,11
7265,Maruti,280000,110000,Petrol,Individual,Manual,First Owner,20.51,998,67.04,5,11
7266,Tata,153000,50000,Diesel,Individual,Manual,Second Owner,23.57,1396,70.0,5,15
7267,Mahindra,700000,30000,Diesel,Individual,Manual,First Owner,18.49,1493,100.0,7,8
7268,Renault,325000,40000,Petrol,Individual,Manual,First Owner,25.17,799,53.3,5,9
7269,Maruti,305000,40000,Petrol,Individual,Manual,First Owner,23.95,998,67.05,5,10
7270,Maruti,155000,70000,Petrol,Individual,Manual,Second Owner,16.1,796,37.0,4,20
7271,Maruti,235000,80000,Petrol,Individual,Manual,Higher,20.92,998,67.1,5,14
7273,Maruti,500000,15000,Petrol,Individual,Manual,First Owner,20.4,1197,81.8,5,10
7274,Mahindra,120000,150000,Diesel,Individual,Manual,Second Owner,13.6,2159,63.0,7,22
7276,Others,675000,88000,Diesel,Dealer,Automatic,First Owner,21.66,1498,103.52,5,10
7277,Toyota,950000,80000,Diesel,Dealer,Manual,First Owner,12.99,2159,100.6,7,12
7278,Mahindra,1051000,59865,Diesel,Dealer,Manual,First Owner,15.1,2159,152.87,7,8
7279,Volkswagen,591000,60000,Diesel,Dealer,Manual,First Owner,21.49,1498,108.5,5,10
7280,Hyundai,585000,72000,Diesel,Dealer,Manual,First Owner,22.54,1396,88.73,5,11
7281,Honda,1025000,68140,Petrol,Dealer,Automatic,First Owner,18.0,1497,117.6,5,9
7282,Maruti,450000,53190,Diesel,Dealer,Manual,First Owner,28.4,1248,74.0,5,12
7283,Hyundai,484999,70100,Diesel,Dealer,Manual,First Owner,22.54,1396,88.73,5,12
7284,Honda,650000,47725,Diesel,Dealer,Manual,First Owner,27.3,1498,98.6,5,8
7285,Maruti,434999,70195,Diesel,Dealer,Manual,Second Owner,28.4,1248,74.02,5,12
7286,Ford,195000,77395,Diesel,Dealer,Manual,Second Owner,20.0,1399,68.0,5,15
7287,Mahindra,1000000,17000,Diesel,Dealer,Manual,First Owner,17.3,1497,121.0,8,7
7288,Hyundai,650000,64000,Diesel,Dealer,Automatic,First Owner,14.62,1498,113.42,5,13
7289,Chevrolet,190000,74321,Diesel,Dealer,Manual,First Owner,25.44,936,56.3,5,12
7290,Maruti,409999,80235,Diesel,Dealer,Manual,Second Owner,28.4,1248,74.02,5,13
7291,Hyundai,1050000,77150,Diesel,Dealer,Automatic,First Owner,17.01,1582,126.2,5,10
7292,Volkswagen,651000,69000,Diesel,Dealer,Automatic,First Owner,22.15,1498,108.6,5,11
7293,Maruti,650000,57000,Diesel,Dealer,Manual,First Owner,23.65,1248,88.5,5,11
7294,Others,750000,89000,Diesel,Dealer,Manual,First Owner,21.14,1498,103.6,5,9
7295,Volkswagen,799000,61100,Diesel,Dealer,Automatic,First Owner,14.3,1968,140.0,5,14
7296,Others,355000,116000,Diesel,Individual,Manual,First Owner,18.7,1896,66.0,5,16
7297,Hyundai,600000,80000,Diesel,Individual,Manual,First Owner,23.9,1582,126.32,5,11
7298,Maruti,685000,26000,Diesel,Individual,Manual,First Owner,28.4,1248,74.0,5,8
7299,Maruti,509999,100000,Diesel,Individual,Manual,First Owner,28.4,1248,74.0,5,8
7300,Maruti,150000,82300,Other,Individual,Manual,Second Owner,26.83,796,38.4,5,14
7301,Maruti,650000,82050,Diesel,Individual,Manual,First Owner,19.3,1248,73.9,5,9
7303,Mahindra,675000,120000,Diesel,Individual,Manual,Second Owner,15.1,2159,140.0,7,14
7304,Renault,319000,30000,Petrol,Individual,Automatic,First Owner,24.04,999,67.0,5,8
7305,Honda,640000,6000,Petrol,Individual,Manual,First Owner,19.5,1199,88.76,5,7
7306,Hyundai,650000,30000,Petrol,Individual,Manual,First Owner,18.6,1197,81.83,5,9
7307,Maruti,650000,70000,Diesel,Individual,Manual,First Owner,20.77,1248,88.76,7,11
7308,Maruti,155000,70000,Other,Individual,Manual,Second Owner,26.83,796,38.4,5,16
7309,Maruti,650000,70000,Diesel,Individual,Manual,First Owner,20.77,1248,88.76,7,11
7310,Maruti,175000,120000,Diesel,Individual,Manual,First Owner,17.8,1248,75.0,5,18
7311,Hyundai,375000,76000,Diesel,Individual,Manual,Higher,24.0,1120,70.0,5,12
7312,Hyundai,430000,80000,Diesel,Individual,Manual,Second Owner,24.0,1120,70.0,5,12
7313,Tata,65000,110000,Diesel,Individual,Manual,Second Owner,17.2,1396,53.5,5,18
7314,Hyundai,150000,70000,Petrol,Individual,Manual,Higher,13.2,1495,94.0,5,17
7315,Hyundai,620000,13000,Petrol,Individual,Manual,First Owner,17.19,1197,81.86,5,7
7316,Ford,250000,60000,Petrol,Individual,Manual,Second Owner,14.09,1596,99.6,5,13
7317,Maruti,275000,165000,Diesel,Individual,Manual,First Owner,21.1,1248,73.9,5,15
7318,Chevrolet,454000,120000,Diesel,Individual,Manual,Second Owner,13.58,2159,72.4,10,13
7319,Mahindra,600000,30000,Diesel,Individual,Manual,Second Owner,18.49,1493,100.0,7,9
7320,Volkswagen,400000,100000,Diesel,Individual,Manual,Second Owner,20.54,1598,103.6,5,15
7321,Mahindra,180000,186062,Diesel,Individual,Manual,Second Owner,19.2,1461,65.0,5,19
7322,Maruti,750000,70000,Diesel,Individual,Manual,First Owner,24.3,1248,88.5,5,10
7323,Maruti,500000,40000,Petrol,Individual,Manual,First Owner,20.4,1197,81.8,5,10
7324,Others,1320000,22000,Diesel,Dealer,Automatic,First Owner,15.73,1968,152.925,5,9
7325,Honda,1320000,5500,Diesel,Dealer,Manual,First Owner,26.8,1597,118.0,5,6
7326,Others,1320000,18000,Diesel,Dealer,Automatic,First Owner,19.62,1998,152.925,5,8
7327,Honda,840000,1500,Petrol,Individual,Automatic,First Owner,18.2,1199,88.7,5,7
7328,Honda,1000000,46000,Diesel,Individual,Manual,First Owner,24.5,1498,98.6,7,11
7329,Maruti,740000,24400,Diesel,Individual,Manual,First Owner,27.39,1248,74.0,5,9
7330,Volkswagen,1290000,29899,Diesel,Dealer,Automatic,First Owner,22.15,1498,108.6,5,8
7331,Toyota,1320000,20000,Diesel,Dealer,Automatic,First Owner,11.36,2159,152.925,8,8
7332,Hyundai,775000,2000,Petrol,Dealer,Manual,First Owner,20.7,1197,81.86,5,6
7333,Renault,695000,34000,Diesel,Dealer,Manual,First Owner,21.04,1461,83.8,8,9
7334,Hyundai,730000,31000,Petrol,Dealer,Automatic,First Owner,17.4,1197,81.86,5,8
7335,Chevrolet,1295000,46000,Diesel,Dealer,Automatic,Second Owner,11.45,2159,152.925,7,10
7336,Others,1160000,121000,Diesel,Dealer,Automatic,First Owner,12.08,2159,152.925,7,10
7337,Others,1320000,60000,Diesel,Dealer,Automatic,First Owner,8.470000000000002,1950,152.925,5,9
7338,Hyundai,540000,7000,Petrol,Dealer,Manual,First Owner,20.3,1086,68.0,5,8
7339,Maruti,434999,10000,Petrol,Dealer,Automatic,First Owner,23.1,998,67.04,5,10
7340,Others,1320000,6000,Diesel,Dealer,Automatic,First Owner,17.9,2143,152.925,5,8
7341,Others,910000,20000,Diesel,Dealer,Manual,First Owner,17.0,2159,80.8,5,8
7342,Hyundai,850000,59235,Diesel,Dealer,Manual,First Owner,19.67,1582,126.2,5,11
7343,Others,1320000,21000,Diesel,Dealer,Automatic,First Owner,16.78,1995,152.925,5,7
7344,Honda,520000,48000,Diesel,Individual,Manual,First Owner,25.8,1498,98.6,5,12
7345,Mahindra,650000,114000,Diesel,Individual,Manual,First Owner,14.95,2159,93.7,7,8
7346,Maruti,430000,120000,Diesel,Individual,Manual,Second Owner,19.3,1248,73.9,5,15
7347,Hyundai,360000,144000,Diesel,Individual,Manual,First Owner,21.9,1396,88.8,5,13
7348,Hyundai,350000,144000,Diesel,Individual,Manual,First Owner,21.9,1396,88.8,5,13
7349,Maruti,791000,186062,Diesel,Individual,Manual,First Owner,24.3,1248,88.5,5,10
7350,Toyota,950000,186062,Diesel,Individual,Manual,Second Owner,12.99,2159,100.6,7,11
7351,Maruti,690000,20000,Diesel,Individual,Manual,First Owner,28.4,1248,74.0,5,7
7352,Hyundai,860000,40000,Diesel,Individual,Manual,Second Owner,22.0,1582,126.2,5,9
7353,Maruti,371000,100000,Diesel,Individual,Manual,First Owner,19.3,1248,73.9,5,14
7354,Tata,45000,60000,Diesel,Individual,Manual,Second Owner,16.8,1405,68.0,5,18
7355,Ford,55000,186062,Diesel,Individual,Manual,First Owner,17.8,1399,68.0,5,20
7356,Volkswagen,240000,110000,Diesel,Individual,Manual,First Owner,20.54,1598,103.6,5,15
7357,Maruti,495000,77215,Diesel,Individual,Manual,Second Owner,25.2,1248,74.0,5,12
7359,Honda,671000,48228,Petrol,Dealer,Manual,First Owner,18.7,1199,88.7,5,11
7360,Maruti,693000,58559,Diesel,Dealer,Manual,First Owner,25.2,1248,74.0,5,9
7362,Honda,802999,50856,Diesel,Dealer,Manual,First Owner,26.0,1498,98.6,5,10
7363,Honda,890000,18300,Petrol,Individual,Manual,First Owner,17.8,1497,117.3,5,9
7364,Maruti,495000,59292,Diesel,Dealer,Manual,First Owner,28.4,1248,74.0,5,11
7365,Maruti,545000,10000,Petrol,Dealer,Automatic,First Owner,23.1,998,67.04,5,8
7366,Maruti,775000,21147,Petrol,Dealer,Automatic,First Owner,21.4,1197,83.1,5,8
7367,Honda,925000,69000,Diesel,Dealer,Manual,First Owner,25.6,1498,97.9,5,9
7368,Mahindra,1320000,10000,Diesel,Individual,Manual,First Owner,17.3,1497,121.0,7,7
7369,Maruti,790000,16000,Diesel,Dealer,Automatic,First Owner,28.4,1248,74.0,5,8
7370,Toyota,1320000,36000,Diesel,Dealer,Manual,First Owner,13.68,2159,147.8,8,9
7371,Maruti,620000,37000,Petrol,Dealer,Manual,First Owner,21.01,1197,81.8,5,9
7372,Maruti,375000,61173,Diesel,Dealer,Manual,First Owner,27.62,793,47.0,5,10
7374,Others,1320000,30000,Diesel,Dealer,Automatic,First Owner,18.25,1968,152.925,5,10
7375,Mahindra,850000,75000,Diesel,Dealer,Manual,First Owner,15.1,2159,140.0,7,12
7376,Maruti,750000,51000,Petrol,Dealer,Automatic,First Owner,19.56,1197,81.8,5,9
7377,Maruti,775000,17000,Petrol,Dealer,Manual,First Owner,21.01,1197,81.8,5,8
7378,Maruti,260000,100000,Diesel,Individual,Manual,Second Owner,17.8,1248,75.0,5,18
7379,Others,1320000,35000,Diesel,Individual,Automatic,Second Owner,17.68,1968,152.925,5,13
7380,Hyundai,300000,10000,Petrol,Individual,Manual,First Owner,21.1,814,55.2,5,9
7381,Mahindra,1300000,91567,Diesel,Individual,Automatic,Higher,16.0,2159,140.0,7,10
7382,Maruti,380000,50000,Petrol,Individual,Manual,First Owner,23.1,998,67.04,5,9
7383,Hyundai,480000,60000,Petrol,Individual,Manual,First Owner,18.9,1197,81.86,5,9
7384,Maruti,240000,35000,Petrol,Individual,Manual,Second Owner,22.74,796,47.3,5,10
7385,Hyundai,500000,33400,Petrol,Individual,Manual,First Owner,17.43,1396,105.5,5,12
7386,Maruti,420000,36000,Petrol,Individual,Manual,First Owner,20.4,1197,83.11,5,11
7387,Ford,130000,180000,Diesel,Individual,Manual,Second Owner,20.0,1399,68.0,5,15
7388,Maruti,110000,80000,Petrol,Individual,Manual,First Owner,20.92,998,67.1,5,14
7389,Maruti,120000,120000,Petrol,Individual,Manual,Second Owner,19.7,796,46.3,5,19
7390,Maruti,700000,80000,Diesel,Individual,Automatic,First Owner,28.4,1248,74.02,5,9
7391,Maruti,550000,120000,Diesel,Individual,Manual,First Owner,28.4,1248,74.02,5,8
7392,Tata,190000,110000,Diesel,Individual,Manual,Second Owner,19.09,1405,69.01,5,12
7393,Toyota,665000,70000,Diesel,Individual,Manual,First Owner,23.59,1364,67.04,5,8
7394,Mahindra,445000,120000,Diesel,Individual,Manual,Second Owner,14.95,2159,93.7,7,12
7395,Hyundai,340000,92686,Diesel,Dealer,Manual,Second Owner,21.9,1396,88.76,5,14
7396,Hyundai,330000,180000,Diesel,Individual,Manual,First Owner,13.6,1991,142.0,5,17
7397,Tata,270000,80000,Diesel,Individual,Manual,First Owner,21.02,1248,88.76,5,14
7398,Mahindra,1044999,70000,Diesel,Individual,Automatic,First Owner,16.0,2159,140.0,7,11
7399,Maruti,279000,117000,Diesel,Individual,Manual,First Owner,17.8,1248,75.0,5,17
7400,Ford,620000,15000,Petrol,Individual,Manual,First Owner,20.4,1194,94.93,5,8
7401,Others,250000,100000,Diesel,Individual,Manual,Second Owner,16.6,1896,122.4,5,19
7402,Hyundai,475000,83000,Petrol,Individual,Automatic,First Owner,15.74,1591,121.3,5,14
7403,Chevrolet,750000,67600,Diesel,Individual,Automatic,First Owner,14.81,1998,152.925,5,10
7404,Others,1250000,160000,Diesel,Individual,Manual,Second Owner,13.5,2159,152.925,7,11
7405,Hyundai,250000,80000,Petrol,Individual,Manual,Second Owner,21.1,814,55.2,5,12
7406,Honda,445000,100000,Diesel,Individual,Manual,First Owner,25.8,1498,98.6,5,13
7407,Volkswagen,400000,100000,Diesel,Individual,Manual,First Owner,15.0,1896,105.0,5,16
7408,Hyundai,350000,90000,Diesel,Individual,Manual,Second Owner,23.0,1396,90.0,5,16
7409,Others,295000,140000,Diesel,Individual,Manual,First Owner,20.5,1598,103.5,5,14
7410,Maruti,600000,25000,Petrol,Individual,Manual,First Owner,21.21,1197,81.8,5,8
7411,Toyota,1320000,20000,Diesel,Individual,Manual,First Owner,13.68,2159,147.8,8,8
7412,Maruti,100000,30000,Petrol,Individual,Manual,First Owner,16.1,796,37.0,4,14
7413,Ford,690000,13000,Petrol,Individual,Manual,First Owner,20.4,1194,94.93,5,8
7414,Hyundai,710000,42000,Petrol,Individual,Manual,First Owner,18.6,1197,81.83,5,8
7415,Hyundai,350000,10000,Petrol,Individual,Manual,Second Owner,20.3,998,68.05,5,8
7416,Maruti,220000,13000,Petrol,Individual,Manual,First Owner,20.92,998,67.1,5,14
7417,Renault,700000,6500,Petrol,Individual,Manual,First Owner,20.0,999,72.0,7,7
7418,Hyundai,198000,49500,Petrol,Individual,Manual,Second Owner,21.1,814,55.2,5,13
7419,Hyundai,350000,50000,Diesel,Individual,Manual,First Owner,23.0,1396,90.0,5,15
7420,Tata,210000,175000,Diesel,Individual,Manual,Second Owner,23.57,1396,70.0,5,15
7421,Tata,210000,175000,Diesel,Individual,Manual,Second Owner,23.03,1396,69.0,5,15
7423,Maruti,375000,110000,Diesel,Individual,Manual,Higher,23.2,1248,73.94,5,12
7424,Maruti,380000,112048,Petrol,Individual,Manual,Second Owner,17.5,1298,85.8,5,14
7425,Honda,360000,98000,Petrol,Individual,Manual,Higher,17.0,1497,118.0,5,16
7426,Mahindra,944999,41000,Diesel,Individual,Manual,First Owner,15.1,2159,140.0,7,11
7427,Chevrolet,620000,120000,Diesel,Individual,Manual,First Owner,13.58,2159,72.4,10,10
7428,Toyota,780000,116000,Diesel,Individual,Manual,First Owner,23.59,1364,67.05,5,8
7429,Maruti,445000,1000,Petrol,Individual,Manual,First Owner,21.21,1197,81.8,5,6
7430,Hyundai,575000,15000,Petrol,Individual,Automatic,First Owner,17.36,1197,81.86,5,8
7431,Maruti,975000,5000,Diesel,Individual,Manual,First Owner,25.1,1248,88.5,5,8
7432,Tata,450000,3500,Petrol,Individual,Manual,First Owner,23.84,1199,83.83,5,7
7434,Ford,495000,56000,Diesel,Individual,Manual,First Owner,25.83,1498,99.0,5,9
7435,Toyota,830000,186062,Diesel,Individual,Manual,First Owner,12.99,2159,100.0,7,13
7436,Mahindra,800000,40000,Diesel,Individual,Manual,First Owner,15.1,2159,140.0,7,14
7438,Maruti,300000,120000,Diesel,Individual,Manual,Second Owner,23.2,1248,73.94,5,13
7439,Mahindra,200000,120000,Diesel,Individual,Manual,Second Owner,10.5,2159,120.0,7,23
7440,Honda,480000,30400,Petrol,Dealer,Manual,First Owner,18.5,1198,86.8,5,9
7441,Honda,950000,24000,Diesel,Dealer,Manual,First Owner,21.9,1498,98.6,7,9
7442,Honda,840000,30646,Petrol,Dealer,Manual,First Owner,15.4,1497,117.3,7,9
7443,Hyundai,800000,15000,Diesel,Individual,Manual,First Owner,23.9,1582,126.2,5,9
7444,Volkswagen,750000,50000,Diesel,Individual,Manual,First Owner,22.27,1498,108.6,5,9
7445,Hyundai,254999,34000,Petrol,Individual,Manual,First Owner,21.1,814,55.2,5,9
7446,Maruti,725000,54000,Diesel,Individual,Manual,Second Owner,24.52,1248,88.5,7,10
7447,Others,1320000,40000,Diesel,Individual,Automatic,Second Owner,19.7,2143,134.1,5,10
7448,Chevrolet,145000,120000,Petrol,Individual,Manual,First Owner,18.6,1199,79.4,5,14
7449,Tata,750000,15000,Petrol,Individual,Manual,First Owner,17.0,1198,108.5,5,8
7450,Volkswagen,655000,50000,Diesel,Individual,Automatic,First Owner,22.0,1498,108.495,5,9
7451,Ford,210000,84000,Diesel,Individual,Manual,Second Owner,20.0,1399,68.0,5,15
7452,Honda,450000,50000,Petrol,Individual,Manual,First Owner,17.0,1497,118.0,5,15
7453,Hyundai,466000,25000,Petrol,Individual,Automatic,Higher,20.3,1086,68.0,5,7
7455,Ford,580000,52000,Diesel,Individual,Manual,First Owner,25.83,1498,99.0,5,11
7456,Hyundai,430000,18500,Petrol,Individual,Manual,First Owner,20.3,1086,68.0,5,7
7457,Tata,155000,50000,Diesel,Individual,Manual,First Owner,23.03,1396,69.0,5,14
7458,Others,240000,35000,Petrol,Individual,Manual,First Owner,22.5,999,67.0,5,9
7459,Toyota,540000,15500,Petrol,Individual,Manual,First Owner,16.78,1496,88.73,5,10
7460,Tata,250000,120000,Diesel,Individual,Manual,First Owner,19.09,1396,69.0,5,13
7461,Tata,260000,60000,Diesel,Individual,Manual,First Owner,25.0,1396,69.0,5,14
7462,Mahindra,550000,80000,Diesel,Individual,Manual,Second Owner,12.05,2159,120.0,9,15
7463,Ford,550000,43011,Petrol,Dealer,Manual,First Owner,18.88,999,123.37,5,12
7464,Renault,600000,136000,Diesel,Individual,Manual,First Owner,19.01,1461,108.45,5,11
7465,Ford,550000,15000,Diesel,Individual,Manual,First Owner,25.83,1498,99.0,5,9
7466,Mahindra,370000,110000,Diesel,Individual,Manual,Second Owner,13.6,2159,63.0,7,15
7467,Hyundai,250000,100000,Petrol,Individual,Manual,Second Owner,19.81,1086,68.05,5,18
7468,Maruti,125000,70000,Petrol,Individual,Manual,Higher,19.7,796,46.3,5,21
7469,Tata,200000,110000,Diesel,Individual,Manual,First Owner,17.0,1405,71.0,5,16
7470,Honda,675000,127991,Diesel,Dealer,Manual,First Owner,25.5,1498,98.6,5,9
7471,Others,150000,186062,Diesel,Individual,Manual,Second Owner,14.8,1998,68.0,5,27
7472,Tata,290000,65000,Petrol,Individual,Manual,First Owner,15.64,1193,64.1,5,16
7474,Maruti,889000,20000,Diesel,Individual,Manual,First Owner,28.09,1248,88.5,5,8
7475,Volkswagen,400000,60000,Petrol,Individual,Manual,First Owner,17.0,1198,73.75,5,10
7476,Renault,390000,13120,Petrol,Individual,Manual,First Owner,25.17,799,53.3,5,8
7477,Others,1320000,87500,Diesel,Individual,Manual,First Owner,17.1,1956,152.925,5,9
7478,Hyundai,600000,125000,Diesel,Individual,Manual,First Owner,22.32,1582,126.32,5,12
7479,Hyundai,800000,25000,Petrol,Individual,Automatic,First Owner,17.4,1197,81.86,5,8
7480,Maruti,600000,120000,Diesel,Individual,Manual,Higher,20.77,1248,88.8,7,13
7481,Hyundai,795000,35000,Petrol,Individual,Manual,First Owner,17.01,1591,121.3,5,11
7482,Hyundai,735000,25000,Diesel,Individual,Manual,First Owner,22.54,1396,88.73,5,10
7483,Others,250000,120000,Diesel,Individual,Manual,Higher,16.4,1896,90.0,5,21
7484,Renault,400000,25000,Petrol,Individual,Automatic,First Owner,24.04,999,67.0,5,8
7485,Hyundai,130000,79000,Diesel,Individual,Manual,Second Owner,13.1,1493,82.0,5,21
7486,Renault,600000,125000,Diesel,Individual,Manual,First Owner,21.04,1461,83.8,8,11
7487,Mahindra,395000,140000,Diesel,Individual,Manual,First Owner,14.0,2159,95.0,8,12
7488,Hyundai,720000,80000,Diesel,Individual,Manual,First Owner,21.19,1396,88.73,5,10
7489,Honda,450000,110000,Petrol,Individual,Manual,Higher,16.8,1497,116.4,5,15
7490,Ford,700000,25000,Petrol,Individual,Manual,First Owner,18.16,1196,86.8,5,8
7491,Honda,1000000,46000,Diesel,Individual,Manual,First Owner,24.5,1498,98.6,7,11
7492,Hyundai,500000,1000,Petrol,Individual,Manual,First Owner,20.3,1086,68.07,5,6
7493,Maruti,125000,60000,Petrol,Individual,Manual,Second Owner,16.1,796,37.0,4,19
7494,Renault,690000,80000,Diesel,Individual,Manual,First Owner,21.04,1461,83.8,8,11
7495,Others,1320000,120000,Diesel,Individual,Manual,First Owner,17.1,1956,152.925,5,9
7496,Tata,170000,110000,Petrol,Individual,Manual,Second Owner,15.3,1193,65.3,5,13
7497,Others,275000,110000,Diesel,Individual,Manual,Higher,20.4,1248,91.7,5,16
7498,Toyota,500000,186062,Diesel,Individual,Manual,Higher,12.8,2159,102.0,8,19
7499,Volkswagen,950000,80000,Diesel,Individual,Manual,Second Owner,19.33,1968,138.1,5,13
7500,Maruti,802999,24000,Diesel,Individual,Manual,First Owner,28.4,1248,74.02,5,7
7501,Maruti,470000,150000,Diesel,Individual,Manual,First Owner,23.4,1248,74.0,5,13
7502,Renault,300000,60000,Petrol,Individual,Manual,First Owner,25.17,799,53.3,5,11
7503,Renault,600000,116000,Diesel,Individual,Manual,First Owner,19.01,1461,108.45,5,12
7504,Ford,275000,104300,Diesel,Individual,Manual,First Owner,20.0,1399,68.1,5,13
7505,Mahindra,700000,30000,Diesel,Individual,Manual,First Owner,25.32,1198,77.0,6,8
7506,Others,1320000,33000,Diesel,Individual,Automatic,First Owner,11.3,2159,152.925,7,12
7507,Volkswagen,800000,25000,Diesel,Individual,Manual,First Owner,21.66,1498,108.62,5,6
7508,Others,1320000,60000,Diesel,Individual,Automatic,First Owner,17.68,1968,152.925,5,12
7509,Hyundai,245000,121000,Diesel,Individual,Manual,Second Owner,18.1,1493,110.0,5,19
7510,Hyundai,310000,120000,Diesel,Individual,Manual,Second Owner,16.8,1493,110.0,5,16
7511,Hyundai,245000,120000,Diesel,Individual,Manual,Second Owner,18.1,1493,110.0,5,19
7512,Volkswagen,450000,110000,Petrol,Individual,Manual,First Owner,16.47,1198,73.9,5,15
7513,Volkswagen,850000,84000,Diesel,Individual,Automatic,Second Owner,16.96,1968,138.03,5,13
7514,Honda,325000,120000,Petrol,Individual,Automatic,Higher,10.1,2159,152.0,5,22
7515,Maruti,409999,100000,Diesel,Individual,Manual,Higher,22.9,1248,74.0,5,13
7516,Others,1320000,50000,Diesel,Individual,Automatic,First Owner,11.2,1969,152.925,5,8
7517,Hyundai,1000000,73500,Diesel,Individual,Manual,First Owner,19.67,1582,126.2,5,11
7518,Hyundai,590000,34000,Diesel,Individual,Manual,Second Owner,24.4,1120,71.0,5,10
7519,Others,1200000,23000,Diesel,Individual,Manual,First Owner,20.45,1461,108.5,5,7
7520,Ford,175000,163000,Diesel,Individual,Manual,Higher,17.8,1399,68.0,5,18
7521,Chevrolet,300000,119000,Diesel,Individual,Manual,Second Owner,16.52,1991,123.7,5,15
7522,Toyota,1320000,50000,Diesel,Individual,Automatic,First Owner,11.36,2159,152.925,7,9
7523,Honda,1110000,10500,Diesel,Individual,Manual,First Owner,25.6,1498,97.9,5,7
7524,Others,150000,186062,Diesel,Individual,Manual,Second Owner,14.8,1998,68.0,5,26
7525,Volkswagen,325000,155000,Diesel,Individual,Manual,Second Owner,20.54,1598,103.6,5,13
7526,Ford,325000,163000,Diesel,Individual,Manual,First Owner,17.8,1399,68.0,5,16
7527,Honda,280000,75000,Petrol,Individual,Manual,First Owner,17.7,1497,78.0,5,18
7529,Honda,765000,80000,Diesel,Individual,Manual,First Owner,26.0,1498,98.6,5,10
7530,Honda,640000,120000,Diesel,Individual,Manual,Second Owner,26.0,1498,98.6,5,12
7531,Tata,65000,120000,Diesel,Individual,Manual,Higher,17.88,1396,52.8,5,19
7532,Others,195000,175000,Diesel,Individual,Manual,Second Owner,18.7,1896,66.0,5,19
7533,Maruti,295000,15000,Petrol,Individual,Manual,First Owner,24.7,796,47.3,5,9
7534,Maruti,625000,100000,Diesel,Individual,Manual,Second Owner,23.4,1248,74.0,5,14
7535,Maruti,160000,80000,Petrol,Individual,Manual,Second Owner,18.9,998,67.1,5,17
7536,Maruti,330000,84000,Petrol,Individual,Manual,Second Owner,23.1,998,67.04,5,11
7537,Ford,180000,50000,Petrol,Individual,Manual,Second Owner,15.6,1196,70.0,5,16
7539,Maruti,150000,35000,Petrol,Individual,Manual,Second Owner,14.0,796,35.0,5,14
7540,Hyundai,300000,30000,Petrol,Individual,Manual,First Owner,19.81,1086,68.05,5,15
7541,Hyundai,730000,2388,Petrol,Individual,Manual,First Owner,18.6,1197,81.83,5,8
7542,Maruti,650000,16200,Diesel,Individual,Manual,First Owner,24.3,1248,88.5,5,9
7543,Maruti,330000,10000,Other,Individual,Manual,Second Owner,30.63,796,40.3,4,7
7544,Maruti,366000,15000,Petrol,Individual,Manual,First Owner,23.95,998,67.1,5,7
7545,Hyundai,1149000,5000,Petrol,Individual,Manual,First Owner,17.0,1591,121.3,5,7
7546,Others,150000,42000,Petrol,Individual,Manual,First Owner,20.63,1198,67.0,5,10
7547,Hyundai,187000,120000,Petrol,Individual,Manual,Second Owner,17.92,1086,62.1,5,13
7548,Tata,425000,60000,Diesel,Individual,Manual,Second Owner,13.93,2159,138.03,7,15
7549,Maruti,150000,76000,Petrol,Individual,Manual,First Owner,16.1,796,37.0,4,14
7550,Ford,620000,15000,Petrol,Individual,Manual,First Owner,20.4,1194,94.93,5,8
7551,Others,250000,100000,Diesel,Individual,Manual,Second Owner,16.6,1896,122.4,5,19
7552,Hyundai,475000,83000,Petrol,Individual,Automatic,First Owner,15.74,1591,121.3,5,14
7553,Chevrolet,750000,67600,Diesel,Individual,Automatic,First Owner,14.81,1998,152.925,5,10
7554,Others,1250000,160000,Diesel,Individual,Manual,Second Owner,13.5,2159,152.925,7,11
7555,Hyundai,250000,80000,Petrol,Individual,Manual,Second Owner,21.1,814,55.2,5,12
7556,Honda,445000,100000,Diesel,Individual,Manual,First Owner,25.8,1498,98.6,5,13
7557,Volkswagen,400000,100000,Diesel,Individual,Manual,First Owner,15.0,1896,105.0,5,16
7558,Hyundai,350000,90000,Diesel,Individual,Manual,Second Owner,23.0,1396,90.0,5,16
7559,Others,295000,140000,Diesel,Individual,Manual,First Owner,20.5,1598,103.5,5,14
7560,Maruti,600000,25000,Petrol,Individual,Manual,First Owner,21.21,1197,81.8,5,8
7561,Toyota,1320000,20000,Diesel,Individual,Manual,First Owner,13.68,2159,147.8,8,8
7562,Maruti,100000,30000,Petrol,Individual,Manual,First Owner,16.1,796,37.0,4,14
7563,Ford,690000,13000,Petrol,Individual,Manual,First Owner,20.4,1194,94.93,5,8
7564,Hyundai,710000,42000,Petrol,Individual,Manual,First Owner,18.6,1197,81.83,5,8
7565,Hyundai,350000,10000,Petrol,Individual,Manual,Second Owner,20.3,998,68.05,5,8
7566,Maruti,220000,13000,Petrol,Individual,Manual,First Owner,20.92,998,67.1,5,14
7567,Renault,700000,6500,Petrol,Individual,Manual,First Owner,20.0,999,72.0,7,7
7568,Hyundai,198000,49500,Petrol,Individual,Manual,Second Owner,21.1,814,55.2,5,13
7569,Hyundai,350000,50000,Diesel,Individual,Manual,First Owner,23.0,1396,90.0,5,15
7570,Maruti,650000,35000,Petrol,Individual,Manual,Second Owner,21.4,1197,83.1,5,10
7571,Mahindra,380000,120000,Diesel,Individual,Manual,Second Owner,21.03,1461,65.0,5,11
7572,Tata,360000,50000,Petrol,Individual,Manual,Second Owner,17.57,1193,88.7,5,12
7573,Others,385000,116000,Petrol,Individual,Manual,First Owner,15.0,1598,103.5,5,14
7574,Hyundai,590000,110000,Diesel,Individual,Manual,Second Owner,22.32,1582,126.32,5,14
7575,Mahindra,750000,70000,Diesel,Individual,Manual,Second Owner,15.1,2159,140.0,7,13
7576,Others,254999,100000,Diesel,Individual,Manual,Higher,20.3,1248,75.0,5,15
7577,Hyundai,499000,20000,Petrol,Individual,Manual,First Owner,18.9,1197,81.86,5,11
7578,Maruti,730000,60000,Diesel,Individual,Automatic,First Owner,28.4,1248,74.02,5,8
7579,Honda,650000,30000,Diesel,Individual,Manual,Second Owner,27.3,1498,98.6,5,10
7580,Renault,220000,75000,Diesel,Individual,Manual,First Owner,23.08,1461,63.12,5,14
7583,Tata,100000,110000,Diesel,Individual,Manual,Higher,16.8,1405,62.0,5,20
7584,Hyundai,110000,120000,Petrol,Individual,Manual,Higher,14.4,1599,94.0,5,22
7585,Tata,152000,48000,Diesel,Individual,Manual,Second Owner,17.0,1405,71.0,5,17
7586,Maruti,600000,5000,Petrol,Individual,Automatic,First Owner,20.89,1197,81.8,5,6
7587,Chevrolet,620000,120000,Diesel,Individual,Manual,First Owner,13.58,2159,72.4,10,10
7588,Toyota,780000,116000,Diesel,Individual,Manual,First Owner,23.59,1364,67.05,5,8
7589,Maruti,445000,1000,Petrol,Individual,Manual,First Owner,21.21,1197,81.8,5,6
7590,Hyundai,575000,15000,Petrol,Individual,Automatic,First Owner,17.36,1197,81.86,5,8
7591,Maruti,975000,5000,Diesel,Individual,Manual,First Owner,25.1,1248,88.5,5,8
7592,Tata,450000,3500,Petrol,Individual,Manual,First Owner,23.84,1199,83.83,5,7
7593,Ford,480000,80000,Diesel,Individual,Manual,First Owner,25.83,1498,99.0,5,11
7594,Maruti,110000,48676,Petrol,Individual,Manual,First Owner,19.7,796,35.0,8,18
7596,Others,1320000,30000,Diesel,Individual,Automatic,First Owner,17.09,2159,152.925,4,8
7597,Hyundai,415000,72000,Petrol,Dealer,Manual,First Owner,18.6,1197,81.83,5,12
7598,Maruti,475000,51000,Petrol,Dealer,Manual,First Owner,22.0,1197,81.8,5,11
7599,Maruti,525000,29000,Petrol,Dealer,Manual,First Owner,20.89,1197,81.8,5,9
7600,Maruti,365000,28000,Petrol,Dealer,Manual,First Owner,20.52,1197,81.8,5,11
7601,Maruti,375000,97000,Diesel,Dealer,Manual,First Owner,25.2,1248,74.0,5,15
7602,Maruti,765000,59000,Diesel,Dealer,Manual,First Owner,28.4,1248,74.02,5,8
7603,Maruti,770000,27000,Diesel,Individual,Manual,First Owner,28.4,1248,74.02,5,7
7604,Renault,350000,30000,Petrol,Individual,Manual,First Owner,25.17,799,53.3,5,8
7605,Mahindra,875000,70000,Diesel,Individual,Manual,First Owner,15.4,1997,120.0,7,11
7606,Mahindra,780000,69000,Diesel,Dealer,Manual,First Owner,15.1,2159,140.0,7,12
7607,Maruti,990000,15000,Diesel,Individual,Manual,First Owner,25.1,1248,88.5,5,8
7608,Maruti,800000,35700,Diesel,Dealer,Manual,First Owner,28.4,1248,74.02,5,7
7609,Hyundai,350000,120000,Diesel,Individual,Manual,Higher,22.32,1582,126.32,5,14
7610,Volkswagen,325000,120000,Diesel,Individual,Manual,First Owner,22.07,1199,73.9,5,13
7611,Volkswagen,360000,80000,Diesel,Individual,Manual,First Owner,22.07,1199,73.9,5,13
7612,Maruti,148000,120000,Petrol,Individual,Manual,First Owner,20.92,998,67.1,5,16
7613,Maruti,670000,36000,Diesel,Individual,Manual,First Owner,27.39,1248,74.0,5,9
7614,Toyota,430999,120000,Diesel,Individual,Manual,First Owner,23.59,1364,67.04,5,12
7615,Maruti,260000,9000,Petrol,Individual,Manual,First Owner,16.8,796,34.2,8,9
7616,Tata,70000,50000,Petrol,Individual,Manual,Second Owner,25.4,624,37.48,4,14
7617,Renault,300000,35000,Petrol,Individual,Manual,First Owner,23.01,999,67.0,5,7
7618,Mahindra,150000,130000,Diesel,Individual,Manual,Second Owner,14.0,2159,112.0,7,15
7619,Ford,260000,70000,Diesel,Individual,Manual,First Owner,20.0,1399,68.0,5,16
7620,Maruti,320000,90000,Diesel,Individual,Manual,Higher,19.3,1248,73.9,5,14
7621,Tata,700000,35000,Petrol,Individual,Manual,First Owner,17.0,1198,108.5,5,8
7622,Volkswagen,415000,80000,Petrol,Individual,Manual,First Owner,16.47,1198,73.9,5,14
7623,Maruti,260000,120000,Diesel,Individual,Manual,Second Owner,17.8,1248,75.0,5,18
7624,Tata,70000,80000,Petrol,Individual,Manual,First Owner,26.0,624,35.0,4,15
7625,Toyota,515000,30000,Petrol,Individual,Manual,First Owner,17.71,1197,78.9,5,11
7626,Hyundai,803999,60000,Diesel,Individual,Manual,First Owner,23.9,1582,126.2,5,10
7627,Others,275000,186062,Diesel,Individual,Manual,Second Owner,16.6,1896,122.4,5,19
7628,Ford,934000,101000,Diesel,Individual,Manual,First Owner,22.77,1498,98.59,5,9
7629,Ford,210000,110000,Diesel,Individual,Manual,First Owner,17.8,1399,68.0,5,19
7630,Toyota,1050000,136000,Diesel,Individual,Manual,Higher,12.99,2159,100.6,8,12
7631,Chevrolet,650000,186062,Diesel,Individual,Manual,Second Owner,14.8,2159,80.0,7,15
7632,Chevrolet,550000,74000,Diesel,Individual,Manual,Higher,17.3,1998,152.925,5,14
7633,Chevrolet,285000,186062,Diesel,Individual,Manual,Higher,14.8,2159,80.0,9,16
7634,Honda,700000,22700,Petrol,Individual,Manual,First Owner,18.7,1199,88.7,5,11
7635,Hyundai,525000,45000,Petrol,Individual,Manual,First Owner,18.9,1197,82.0,5,10
7636,Maruti,250000,36000,Petrol,Individual,Manual,Second Owner,15.37,1196,73.0,5,15
7637,Maruti,575000,57000,Diesel,Individual,Manual,Second Owner,26.59,1248,74.0,5,11
7638,Tata,540000,33000,Diesel,Individual,Manual,First Owner,27.28,1047,69.0,5,8
7639,Maruti,560000,59000,Petrol,Individual,Manual,First Owner,16.02,1373,93.7,7,14
7640,Volkswagen,380000,186062,Diesel,Individual,Manual,First Owner,20.54,1598,103.6,5,14
7641,Ford,240000,80000,Petrol,Individual,Manual,Second Owner,15.6,1196,70.0,5,15
7642,Chevrolet,300000,70000,Other,Individual,Manual,First Owner,13.2,995,60.2,5,14
7643,Others,280000,50000,Petrol,Individual,Manual,First Owner,22.7,799,53.64,5,8
7644,Maruti,350000,118000,Diesel,Individual,Manual,Second Owner,21.1,1248,73.9,5,15
7645,Tata,110000,186062,Diesel,Individual,Manual,Second Owner,19.1,1405,70.0,5,12
7646,Tata,980000,20000,Diesel,Individual,Manual,First Owner,21.5,1497,108.5,5,8
7647,Tata,969999,21871,Diesel,Individual,Manual,First Owner,21.5,1497,108.5,5,8
7648,Mahindra,357000,120000,Diesel,Individual,Manual,First Owner,25.32,1198,77.0,6,10
7649,Tata,280000,100000,Diesel,Individual,Manual,First Owner,19.1,1405,70.0,5,12
7650,Mahindra,430000,50000,Diesel,Individual,Manual,First Owner,15.96,2159,62.1,7,14
7652,Maruti,250000,70000,Petrol,Individual,Manual,First Owner,22.74,796,47.3,5,11
7653,Chevrolet,525000,80000,Diesel,Individual,Manual,First Owner,18.2,1248,73.74,8,10
7654,Tata,500000,25000,Petrol,Individual,Manual,First Owner,23.84,1199,84.0,5,8
7655,Mahindra,1000000,60000,Diesel,Individual,Manual,First Owner,16.36,2159,120.0,7,7
7656,Maruti,316000,25000,Petrol,Individual,Manual,First Owner,24.7,796,47.3,5,9
7657,Maruti,350000,50000,Petrol,Individual,Manual,First Owner,24.7,796,47.3,5,8
7658,Tata,950000,14000,Diesel,Individual,Manual,First Owner,21.5,1497,108.5,5,8
7659,Maruti,45000,55425,Petrol,Individual,Manual,Second Owner,16.1,796,37.0,4,21
7660,Mahindra,475000,76000,Diesel,Individual,Manual,First Owner,15.96,2159,62.1,7,13
7661,Toyota,1320000,3000,Diesel,Individual,Automatic,First Owner,15.04,2159,152.925,7,6
7662,Mahindra,600000,139000,Diesel,Individual,Manual,First Owner,18.49,1493,100.0,7,10
7663,Volkswagen,430000,100000,Petrol,Individual,Manual,First Owner,15.04,1598,103.2,5,12
7664,Hyundai,965000,60000,Diesel,Individual,Manual,First Owner,19.67,1582,126.2,5,11
7665,Others,395000,35000,Petrol,Individual,Automatic,Second Owner,14.3,1598,103.5,5,13
7666,Tata,150000,120000,Diesel,Individual,Manual,First Owner,12.2,1948,68.0,9,18
7667,Maruti,700000,37659,Diesel,Individual,Manual,First Owner,20.77,1248,88.8,7,13
7668,Maruti,250000,89000,Diesel,Individual,Manual,Second Owner,23.2,1248,73.94,5,14
7669,Maruti,680000,37500,Diesel,Individual,Manual,Second Owner,20.77,1248,88.8,7,13
7670,Tata,500000,5000,Petrol,Individual,Automatic,First Owner,23.84,1199,84.0,5,8
7671,Hyundai,420000,21000,Petrol,Individual,Manual,First Owner,18.9,1197,81.86,5,13
7672,Maruti,290000,10000,Petrol,Individual,Manual,Second Owner,23.95,998,67.05,5,9
7673,Maruti,750000,30000,Diesel,Individual,Manual,First Owner,28.4,1248,74.02,5,9
7674,Maruti,300000,19800,Petrol,Individual,Manual,First Owner,15.37,1196,73.0,7,11
7675,Maruti,250000,90000,Diesel,Individual,Manual,Higher,21.1,1248,73.9,5,15
7676,Honda,335000,33033,Petrol,Dealer,Manual,First Owner,19.4,1198,86.8,5,12
7677,Hyundai,465000,63063,Petrol,Dealer,Automatic,First Owner,18.9,1197,82.0,5,11
7678,Maruti,100000,70000,Petrol,Individual,Manual,Second Owner,18.9,1061,67.0,5,19
7679,Maruti,100000,80000,Petrol,Individual,Manual,Second Owner,17.3,1061,64.0,5,19
7680,Maruti,550000,120000,Diesel,Individual,Manual,Higher,20.77,1248,88.76,7,13
7681,Maruti,341000,120000,Diesel,Individual,Manual,First Owner,19.3,1248,73.9,5,14
7682,Hyundai,600000,50000,Diesel,Individual,Manual,First Owner,24.0,1186,73.97,5,9
7683,Honda,650000,167000,Diesel,Individual,Manual,First Owner,25.1,1498,98.6,5,12
7684,Chevrolet,75527,80000,Petrol,Individual,Manual,First Owner,16.0,995,63.0,5,18
7685,Tata,215000,100000,Diesel,Individual,Manual,Second Owner,25.0,1396,69.01,5,12
7686,Maruti,650000,60000,Diesel,Individual,Manual,First Owner,28.09,1248,88.5,5,9
7687,Renault,900000,50000,Diesel,Individual,Manual,First Owner,20.37,1461,108.45,5,9
7688,Hyundai,500000,17000,Petrol,Individual,Manual,First Owner,18.6,1197,81.83,5,12
7689,Maruti,550000,46000,Petrol,Individual,Manual,First Owner,21.4,1197,83.1,5,9
7690,Maruti,475000,60000,Diesel,Individual,Manual,First Owner,25.2,1248,74.0,5,11
7691,Maruti,65000,186062,Petrol,Individual,Manual,Second Owner,18.9,998,67.1,5,20
7692,Hyundai,425000,60000,Diesel,Individual,Manual,First Owner,24.4,1120,71.0,5,11
7693,Toyota,476999,90000,Diesel,Individual,Manual,Higher,21.43,1364,87.2,5,14
7694,Chevrolet,150000,40000,Petrol,Individual,Manual,Second Owner,18.0,995,62.0,5,15
7695,Maruti,225000,90000,Petrol,Individual,Manual,First Owner,19.7,796,46.3,5,15
7696,Maruti,190000,80000,Petrol,Individual,Manual,First Owner,19.7,796,46.3,5,16
7697,Maruti,100000,164000,Petrol,Individual,Manual,Higher,19.7,796,46.3,5,23
7698,Mahindra,400000,70000,Diesel,Individual,Manual,Second Owner,13.6,2159,63.0,7,15
7699,Others,1320000,31800,Diesel,Dealer,Automatic,First Owner,17.01,1968,152.925,5,8
7700,Honda,1320000,74000,Petrol,Dealer,Automatic,First Owner,13.7,1997,152.925,5,10
7701,Others,1320000,20000,Petrol,Dealer,Automatic,First Owner,22.37,2159,152.925,5,7
7702,Others,1320000,45000,Diesel,Dealer,Automatic,First Owner,19.33,1999,152.925,5,9
7703,Others,1320000,17000,Petrol,Individual,Automatic,First Owner,9.5,2159,152.925,5,9
7704,Mahindra,900000,12000,Diesel,Dealer,Manual,First Owner,16.55,2159,105.0,6,8
7705,Toyota,1320000,68089,Petrol,Dealer,Automatic,First Owner,19.16,2159,152.925,5,10
7706,Honda,550000,56494,Petrol,Dealer,Manual,First Owner,18.2,1199,88.7,5,10
7707,Toyota,750000,79328,Diesel,Dealer,Manual,Second Owner,12.99,2159,100.6,7,13
7708,Honda,779000,7032,Petrol,Dealer,Automatic,First Owner,19.0,1199,88.76,5,7
7709,Others,1320000,10000,Diesel,Dealer,Automatic,First Owner,22.48,1995,152.925,5,8
7710,Others,1320000,17000,Petrol,Dealer,Automatic,First Owner,15.0,1991,152.925,5,7
7711,Others,1320000,21000,Diesel,Dealer,Automatic,First Owner,12.83,1999,148.31,7,7
7712,Tata,969999,26500,Diesel,Dealer,Manual,First Owner,17.6,2159,147.94,7,9
7713,Others,1320000,37000,Diesel,Dealer,Automatic,First Owner,13.5,2159,152.925,5,9
7714,Hyundai,475000,45629,Petrol,Dealer,Automatic,First Owner,18.9,1197,81.86,5,10
7715,Hyundai,1125000,3500,Petrol,Dealer,Automatic,First Owner,18.15,998,118.35,5,7
7716,Honda,1320000,52000,Petrol,Dealer,Automatic,First Owner,12.0,2159,152.925,5,9
7717,Mahindra,740000,35000,Diesel,Individual,Manual,First Owner,16.5,1493,70.0,7,7
7718,Mahindra,400000,15000,Petrol,Individual,Manual,First Owner,18.15,1198,82.0,6,8
7719,Maruti,430000,14000,Petrol,Individual,Manual,First Owner,20.51,998,67.04,5,8
7720,Mahindra,1132000,20000,Petrol,Individual,Manual,First Owner,17.0,1197,110.0,5,7
7721,Maruti,352000,68850,Petrol,Dealer,Manual,First Owner,18.9,998,67.1,5,9
7722,Tata,252999,45775,Petrol,Dealer,Manual,First Owner,23.84,1199,84.0,5,10
7723,Chevrolet,80000,70000,Petrol,Individual,Manual,Second Owner,16.2,995,62.1,5,14
7724,Maruti,313000,68203,Petrol,Dealer,Manual,First Owner,21.79,998,67.05,5,11
7725,Hyundai,380000,30000,Petrol,Individual,Manual,Second Owner,18.9,1197,81.86,5,12
7726,Renault,350000,25000,Petrol,Individual,Manual,First Owner,25.17,799,53.3,5,8
7727,Renault,600000,90000,Diesel,Individual,Manual,Second Owner,19.87,1461,83.8,5,10
7728,Tata,88000,97343,Diesel,Dealer,Manual,First Owner,18.8,1248,90.0,5,15
7729,Maruti,160000,70000,Petrol,Individual,Manual,Higher,19.7,796,35.0,8,18
7731,Hyundai,290000,31000,Petrol,Individual,Manual,First Owner,20.36,1197,78.9,5,12
7732,Mahindra,650000,70000,Diesel,Individual,Manual,First Owner,15.4,2159,120.0,7,12
7733,Maruti,380000,20000,Other,Individual,Manual,First Owner,21.94,1196,61.7,5,11
7734,Hyundai,180000,62000,Petrol,Individual,Manual,First Owner,21.1,814,55.2,5,12
7735,Maruti,75000,29000,Petrol,Individual,Manual,First Owner,16.1,796,37.0,4,18
7736,Tata,132000,82507,Diesel,Dealer,Manual,First Owner,13.93,2159,138.03,7,14
7737,Chevrolet,110000,60000,Petrol,Individual,Manual,Second Owner,18.6,1199,79.4,5,16
7738,Maruti,390000,10000,Petrol,Individual,Manual,First Owner,23.95,998,67.05,5,8
7739,Hyundai,550000,70000,Petrol,Individual,Manual,First Owner,18.6,1197,81.83,5,11
7741,Maruti,70000,59400,Petrol,Individual,Manual,Higher,16.1,796,37.0,4,18
7742,Hyundai,275000,20000,Petrol,Individual,Manual,First Owner,21.1,814,55.2,5,13
7743,Maruti,250000,125876,Petrol,Individual,Manual,Second Owner,15.0,1586,104.68,5,17
7744,Others,1320000,5000,Petrol,Individual,Automatic,First Owner,16.0,1368,152.925,5,7
7745,Tata,250000,90000,Diesel,Individual,Manual,Second Owner,13.55,2159,118.35,7,15
7746,Others,1250000,56800,Diesel,Individual,Manual,First Owner,12.4,2159,134.0,5,9
7747,Others,1320000,60000,Diesel,Individual,Automatic,First Owner,16.55,1968,147.51,5,12
7748,Toyota,800000,60000,Diesel,Individual,Manual,First Owner,12.8,2159,102.0,7,15
7749,Toyota,1320000,150000,Diesel,Individual,Manual,First Owner,13.0,2159,152.925,7,12
7750,Maruti,325000,65204,Petrol,Dealer,Automatic,First Owner,23.1,998,67.04,5,12
7751,Hyundai,1150000,2286,Petrol,Dealer,Automatic,First Owner,18.15,998,118.35,5,7
7752,Maruti,655000,15732,Petrol,Dealer,Automatic,First Owner,22.0,1197,81.8,5,8
7753,Mahindra,890000,13000,Diesel,Dealer,Manual,First Owner,18.06,2159,63.0,7,7
7754,Maruti,525000,33000,Petrol,Dealer,Manual,First Owner,20.89,1197,81.8,5,8
7755,Hyundai,300000,100000,Petrol,Individual,Manual,First Owner,19.81,1086,68.05,5,12
7756,Others,1320000,39000,Diesel,Dealer,Automatic,First Owner,19.59,1995,152.925,5,9
7757,Others,1320000,10000,Diesel,Dealer,Automatic,First Owner,18.12,1995,152.925,5,7
7758,Honda,925000,28900,Petrol,Dealer,Manual,First Owner,17.8,1497,117.3,5,8
7759,Honda,675000,49523,Petrol,Dealer,Manual,First Owner,17.0,1497,118.0,5,9
7760,Maruti,745000,48000,Diesel,Dealer,Manual,First Owner,24.3,1248,88.5,5,8
7761,Maruti,835000,17000,Diesel,Dealer,Manual,First Owner,24.3,1248,88.5,5,8
7762,Volkswagen,695000,36800,Diesel,Dealer,Manual,First Owner,20.14,1498,88.0,5,7
7763,Maruti,725000,36521,Diesel,Dealer,Manual,First Owner,24.3,1248,88.5,5,8
7764,Maruti,620000,90000,Petrol,Individual,Manual,First Owner,22.0,1197,81.8,5,9
7765,Maruti,58000,80000,Petrol,Individual,Manual,Higher,17.3,993,60.0,5,28
7766,Others,335000,71000,Diesel,Dealer,Manual,First Owner,21.64,1461,84.8,5,12
7767,Mahindra,475000,108000,Diesel,Dealer,Manual,First Owner,16.0,2159,140.0,7,15
7768,Renault,484999,75000,Diesel,Dealer,Manual,First Owner,19.87,1461,83.8,5,11
7769,Maruti,610000,33000,Petrol,Individual,Manual,First Owner,20.73,1373,91.1,5,11
7770,Hyundai,1000000,50000,Diesel,Individual,Manual,First Owner,19.67,1582,126.2,5,11
7771,Renault,300000,35000,Petrol,Individual,Manual,First Owner,23.01,999,67.0,5,7
7772,Hyundai,1320000,15000,Petrol,Individual,Manual,First Owner,15.8,1591,121.3,5,8
7773,Maruti,650000,22000,Petrol,Individual,Manual,Second Owner,21.56,1462,103.25,5,8
7774,Hyundai,850000,108000,Diesel,Individual,Manual,First Owner,19.67,1582,126.2,5,11
7775,Others,1320000,76131,Diesel,Individual,Automatic,First Owner,13.22,2159,152.925,5,12
7776,Hyundai,267000,40000,Petrol,Individual,Manual,First Owner,20.36,1197,78.9,5,14
7777,Hyundai,215000,47000,Petrol,Individual,Manual,Second Owner,21.1,814,55.2,5,13
7778,Tata,1282000,45000,Diesel,Individual,Manual,First Owner,17.6,2159,152.925,7,9
7779,Maruti,282000,15000,Petrol,Individual,Manual,First Owner,24.7,796,47.3,5,9
7780,Toyota,610000,90000,Diesel,Individual,Manual,First Owner,12.8,2159,102.0,8,14
7781,Mahindra,900000,35000,Diesel,Individual,Manual,First Owner,16.55,2159,105.0,6,8
7782,Mahindra,800000,70000,Diesel,Individual,Manual,First Owner,15.4,1997,120.0,7,11
7783,Hyundai,380000,110000,Diesel,Individual,Manual,Second Owner,21.27,1396,88.76,5,13
7784,Mahindra,450000,120000,Diesel,Individual,Manual,Second Owner,12.05,2159,120.0,9,14
7785,Maruti,242000,120000,Diesel,Individual,Manual,First Owner,21.5,1248,88.8,5,15
7786,Renault,350000,35000,Petrol,Individual,Manual,Second Owner,25.17,799,53.3,5,9
7787,Tata,400000,22000,Petrol,Individual,Manual,First Owner,20.3,1199,84.0,5,8
7788,Maruti,400000,70000,Petrol,Individual,Manual,First Owner,20.51,998,67.04,5,9
7789,Chevrolet,246000,56000,Diesel,Dealer,Manual,First Owner,22.1,1248,74.0,5,13
7790,Tata,221000,65000,Diesel,Dealer,Manual,First Owner,19.09,1405,69.01,5,12
7791,Ford,700000,62000,Diesel,Dealer,Manual,First Owner,13.1,2159,141.0,7,13
7792,Toyota,1320000,52000,Diesel,Dealer,Automatic,First Owner,12.55,2159,152.925,7,10
7793,Hyundai,550000,49000,Diesel,Dealer,Manual,First Owner,25.4,1186,73.97,5,9
7794,Maruti,550000,50000,Diesel,Dealer,Manual,Second Owner,28.09,1248,88.5,5,11
7795,Maruti,375000,65000,Diesel,Dealer,Manual,First Owner,28.4,1248,74.0,5,13
7796,Hyundai,391000,55000,Diesel,Dealer,Manual,First Owner,24.4,1120,71.0,5,11
7797,Others,1320000,35000,Diesel,Dealer,Automatic,Second Owner,19.7,2143,134.1,5,11
7798,Tata,525000,78000,Diesel,Dealer,Manual,Second Owner,15.05,2159,147.9,7,12
7799,Hyundai,212000,58000,Diesel,Dealer,Manual,Second Owner,16.8,1493,110.0,5,19
7800,Chevrolet,221000,56000,Diesel,Dealer,Manual,Second Owner,25.44,936,57.6,5,15
7801,Others,265000,61000,Diesel,Dealer,Manual,Second Owner,20.4,1248,91.7,5,16
7802,Renault,399000,61000,Diesel,Dealer,Manual,Second Owner,21.64,1461,84.8,5,13
7803,Hyundai,175000,61000,Diesel,Dealer,Manual,Second Owner,17.1,1493,110.0,5,18
7804,Others,411000,64481,Diesel,Dealer,Manual,Second Owner,20.5,1598,103.5,5,15
7805,Volkswagen,365000,65000,Diesel,Dealer,Manual,Second Owner,20.54,1598,103.6,5,15
7806,Others,975000,80000,Diesel,Dealer,Automatic,Second Owner,22.48,1995,152.925,5,17
7807,Others,499000,61000,Diesel,Dealer,Manual,Second Owner,22.71,1461,84.8,5,11
7808,Others,1320000,70000,Diesel,Individual,Automatic,First Owner,11.74,2159,152.925,5,12
7809,Chevrolet,145000,30000,Petrol,Individual,Manual,First Owner,18.0,995,62.0,5,17
7810,Tata,200000,186062,Diesel,Individual,Manual,Second Owner,17.0,1405,71.0,5,15
7811,Others,1200000,186062,Diesel,Individual,Automatic,First Owner,15.73,1968,152.925,5,12
7812,Hyundai,280000,100000,Petrol,Individual,Manual,First Owner,20.3,998,68.05,5,10
7813,Mahindra,450000,95000,Diesel,Individual,Automatic,Second Owner,11.79,2159,120.0,8,15
7814,Honda,150000,140000,Petrol,Individual,Manual,Higher,17.7,1497,78.0,5,20
7815,Honda,600000,70000,Petrol,Individual,Manual,First Owner,17.3,1497,117.3,7,9
7816,Renault,275000,60000,Petrol,Individual,Manual,First Owner,25.17,799,53.3,5,10
7817,Tata,110000,88000,Diesel,Individual,Manual,First Owner,18.8,1248,90.0,5,16
7818,Mahindra,500000,186062,Diesel,Individual,Manual,Higher,15.1,2159,140.0,7,14
7819,Mahindra,700000,60000,Diesel,Individual,Manual,Second Owner,15.1,2159,140.0,7,14
7820,Others,900000,155000,Diesel,Individual,Automatic,Second Owner,16.07,1995,152.925,4,14
7821,Maruti,150000,80000,Petrol,Individual,Manual,Second Owner,18.9,998,67.1,5,21
7822,Others,275000,80000,Petrol,Individual,Manual,Higher,16.95,1498,97.7,5,13
7823,Maruti,455000,40000,Diesel,Individual,Manual,First Owner,28.4,1248,74.0,5,12
7824,Hyundai,900000,50000,Diesel,Individual,Manual,First Owner,19.67,1582,126.2,5,11
7825,Maruti,455000,40000,Diesel,Individual,Manual,First Owner,25.2,1248,74.0,5,12
7826,Honda,650000,47000,Diesel,Individual,Manual,Second Owner,26.0,1498,98.6,5,9
7827,Hyundai,551000,20000,Petrol,Individual,Manual,Second Owner,18.9,1197,81.86,5,8
7828,Volkswagen,650000,49060,Diesel,Individual,Manual,First Owner,22.0,1498,108.495,5,9
7829,Hyundai,600000,60000,Petrol,Individual,Manual,First Owner,18.6,1197,81.83,5,11
7830,Maruti,235000,18000,Petrol,Individual,Manual,First Owner,22.74,796,47.3,5,13
7831,Ford,800000,37161,Diesel,Dealer,Manual,First Owner,22.7,1498,89.84,5,8
7832,Hyundai,1050000,80000,Diesel,Individual,Manual,First Owner,19.67,1582,126.2,5,10
7833,Tata,45000,28000,Petrol,Individual,Manual,Second Owner,25.4,624,37.5,4,14
7834,Hyundai,450000,100000,Petrol,Individual,Automatic,Second Owner,15.74,1591,121.3,5,13
7835,Volkswagen,391000,120000,Diesel,Individual,Manual,Second Owner,20.14,1498,88.8,5,12
7836,Chevrolet,380000,70000,Diesel,Individual,Manual,Second Owner,18.2,1248,73.8,7,13
7837,Maruti,170000,90000,Petrol,Individual,Manual,Second Owner,18.9,1061,67.0,5,16
7838,Tata,250000,90000,Diesel,Individual,Manual,Second Owner,13.55,2159,118.35,7,15
7839,Toyota,800000,60000,Diesel,Individual,Manual,First Owner,12.8,2159,102.0,7,15
7840,Toyota,1320000,150000,Diesel,Individual,Manual,First Owner,13.0,2159,152.925,7,12
7841,Mahindra,700000,24000,Diesel,Individual,Manual,First Owner,16.55,2159,105.0,6,12
7842,Honda,450000,100000,Diesel,Individual,Manual,Second Owner,24.2,1498,98.6,7,10
7843,Mahindra,650000,6000,Petrol,Individual,Manual,First Owner,18.15,1198,82.0,6,8
7844,Mahindra,950000,49700,Diesel,Individual,Manual,First Owner,15.1,2159,140.0,7,13
7845,Toyota,626000,80000,Diesel,Individual,Manual,Second Owner,12.8,2159,102.0,7,19
7847,Maruti,600000,10000,Petrol,Individual,Automatic,First Owner,21.21,1197,81.8,5,7
7848,Renault,290000,21000,Petrol,Individual,Manual,First Owner,25.17,799,53.3,5,7
7849,Maruti,215000,25000,Petrol,Individual,Manual,First Owner,20.92,998,67.1,5,13
7850,Renault,250000,22000,Petrol,Individual,Manual,First Owner,25.17,799,53.3,5,10
7851,Maruti,750000,50000,Diesel,Individual,Manual,First Owner,24.52,1248,88.5,7,9
7852,Maruti,250000,20000,Petrol,Individual,Manual,Second Owner,23.95,998,67.05,5,10
7853,Honda,950000,15000,Petrol,Individual,Automatic,First Owner,15.4,1497,117.3,7,9
7854,Ford,793000,30000,Diesel,Individual,Manual,First Owner,25.83,1498,99.0,5,8
7855,Hyundai,750000,74000,Diesel,Individual,Manual,First Owner,19.67,1582,126.2,5,11
7856,Honda,725000,6550,Petrol,Individual,Automatic,First Owner,18.2,1199,88.7,5,9
7857,Hyundai,480000,30000,Diesel,Individual,Manual,First Owner,24.0,1120,70.0,5,10
7858,Others,1320000,9000,Diesel,Dealer,Automatic,First Owner,13.6,1999,152.925,5,9
7859,Others,1320000,20000,Petrol,Dealer,Automatic,First Owner,22.37,2159,152.925,5,7
7860,Others,1320000,45000,Diesel,Dealer,Automatic,First Owner,19.33,1999,152.925,5,9
7861,Tata,503000,110000,Diesel,Individual,Manual,First Owner,14.1,2159,147.94,7,11
7862,Others,1320000,20000,Diesel,Individual,Automatic,First Owner,18.0,1969,152.925,5,7
7863,Toyota,1320000,68089,Petrol,Dealer,Automatic,First Owner,19.16,2159,152.925,5,10
7864,Maruti,225000,58343,Petrol,Dealer,Manual,First Owner,21.79,998,67.05,5,13
7865,Maruti,740000,38817,Diesel,Dealer,Manual,First Owner,27.39,1248,74.0,5,8
7866,Honda,550000,56494,Petrol,Dealer,Manual,First Owner,18.2,1199,88.7,5,10
7867,Toyota,750000,79328,Diesel,Dealer,Manual,Second Owner,12.99,2159,100.6,7,13
7868,Maruti,650000,5621,Petrol,Dealer,Automatic,First Owner,22.0,1197,81.8,5,7
7869,Toyota,625000,25538,Petrol,Dealer,Manual,First Owner,16.78,1496,88.73,5,9
7870,Maruti,600000,69779,Petrol,Dealer,Automatic,First Owner,22.0,1197,81.8,5,8
7871,Hyundai,450000,56290,Diesel,Dealer,Manual,First Owner,24.0,1186,73.97,5,9
7872,Others,1320000,7500,Diesel,Dealer,Automatic,First Owner,16.78,1995,152.925,5,7
7873,Others,1320000,8500,Diesel,Dealer,Automatic,First Owner,16.78,1995,152.925,5,7
7874,Honda,779000,7032,Petrol,Dealer,Automatic,First Owner,19.0,1199,88.76,5,7
7875,Others,645000,11000,Petrol,Dealer,Automatic,First Owner,14.3,1598,103.5,5,10
7876,Others,1320000,2000,Diesel,Dealer,Automatic,First Owner,16.8,1984,150.0,5,8
7877,Hyundai,990000,20000,Petrol,Individual,Automatic,First Owner,17.0,1591,121.3,5,9
7878,Maruti,370000,68000,Diesel,Individual,Manual,First Owner,23.4,1248,74.0,5,14
7879,Chevrolet,300000,60175,Petrol,Individual,Manual,First Owner,18.2,1199,82.5,5,12
7880,Hyundai,250000,25000,Petrol,Individual,Manual,First Owner,21.1,814,55.2,5,14
7881,Ford,700000,49957,Diesel,Dealer,Manual,First Owner,25.83,1498,99.0,5,9
7882,Ford,600000,43235,Diesel,Dealer,Manual,First Owner,24.29,1498,99.0,5,9
7883,Ford,925000,50699,Diesel,Dealer,Manual,First Owner,22.77,1498,98.59,5,8
7884,Hyundai,700000,111000,Diesel,Individual,Manual,Second Owner,21.19,1396,88.73,5,10
7885,Maruti,700000,48000,Petrol,Individual,Manual,Second Owner,21.1,998,100.5,5,8
7886,Maruti,185000,90000,Diesel,Individual,Manual,Higher,17.8,1248,75.0,5,19
7887,Tata,434999,80000,Diesel,Individual,Manual,First Owner,15.3,2159,83.83,7,11
7888,Ford,400000,100000,Petrol,Individual,Manual,First Owner,18.16,1196,86.8,5,9
7889,Ford,180000,90000,Diesel,Individual,Manual,Higher,20.0,1399,68.0,5,15
7890,Maruti,600000,50000,Diesel,Individual,Manual,First Owner,26.59,1248,74.0,5,11
7891,Toyota,320000,90000,Diesel,Individual,Manual,Higher,23.59,1364,67.06,5,12
7892,Toyota,1320000,120000,Diesel,Individual,Manual,First Owner,13.68,2159,147.8,8,10
7893,Volkswagen,250000,140000,Petrol,Individual,Automatic,Second Owner,14.4,1598,103.6,5,15
7894,Tata,650000,20000,Petrol,Individual,Manual,First Owner,20.3,1199,83.81,5,7
7895,Toyota,340000,82000,Petrol,Individual,Manual,Second Owner,14.53,1798,138.0,5,17
7896,Others,200000,80000,Diesel,Individual,Manual,Higher,13.5,1995,52.0,5,18
7897,Maruti,869999,40000,Diesel,Individual,Manual,First Owner,24.3,1248,88.5,5,9
7898,Maruti,795000,120000,Diesel,Individual,Manual,First Owner,24.52,1248,88.5,7,9
7899,Maruti,869999,60000,Diesel,Individual,Manual,First Owner,24.3,1248,88.5,5,9
7900,Maruti,200000,70000,Diesel,Individual,Manual,Second Owner,21.1,1248,73.9,5,16
7901,Hyundai,800000,45500,Diesel,Individual,Manual,Second Owner,23.9,1582,126.2,5,9
7902,Toyota,1100000,120000,Diesel,Individual,Manual,First Owner,12.99,2159,100.6,8,12
7903,Maruti,114999,100000,Petrol,Individual,Manual,Second Owner,19.7,796,46.3,5,18
7904,Maruti,500000,92000,Diesel,Individual,Manual,Higher,20.77,1248,88.76,7,13
7905,Maruti,700000,141000,Diesel,Individual,Manual,Higher,25.2,1248,74.0,5,12
7906,Toyota,1320000,120000,Diesel,Individual,Automatic,First Owner,11.36,2159,152.925,7,10
7907,Others,200000,35000,Petrol,Individual,Manual,First Owner,22.7,799,53.64,5,10
7908,Honda,450000,50000,Petrol,Individual,Manual,First Owner,17.8,1198,86.7,5,11
7909,Tata,850000,9500,Diesel,Individual,Manual,First Owner,21.5,1497,108.5,5,8
7910,Maruti,359000,5500,Petrol,Individual,Manual,First Owner,15.37,1196,73.0,7,7
7911,Renault,320000,28000,Petrol,Individual,Manual,First Owner,25.17,799,53.3,5,9
7912,Tata,110000,113000,Petrol,Individual,Manual,First Owner,15.3,1193,65.3,5,17
7913,Maruti,209000,1,Other,Individual,Manual,Higher,15.1,1196,73.0,5,15
7914,Tata,169000,100000,Petrol,Individual,Manual,Second Owner,15.0,1368,90.0,5,16
7915,Hyundai,400000,50074,Diesel,Individual,Manual,First Owner,24.0,1120,70.0,5,12
7916,Hyundai,600000,100000,Diesel,Individual,Manual,Higher,22.54,1396,88.73,5,12
7917,Maruti,350000,35000,Petrol,Individual,Manual,First Owner,15.37,1196,73.0,7,9
7918,Ford,990000,60000,Diesel,Individual,Manual,First Owner,23.0,1498,98.96,5,8
7919,Others,1320000,70000,Diesel,Individual,Automatic,First Owner,14.21,2143,152.925,5,15
7920,Tata,1320000,70000,Diesel,Individual,Manual,First Owner,17.6,2159,152.925,7,9
7921,Maruti,745000,10000,Petrol,Individual,Automatic,First Owner,21.4,1197,83.1,5,9
7922,Others,1320000,40000,Diesel,Individual,Automatic,First Owner,16.25,1968,148.0,7,8
7923,Maruti,500000,35000,Diesel,Individual,Manual,First Owner,25.2,1248,74.0,5,11
7924,Maruti,540000,5000,Petrol,Individual,Automatic,First Owner,20.52,1197,81.8,5,7
7925,Toyota,1320000,33000,Diesel,Individual,Manual,First Owner,13.68,2159,147.8,7,10
7926,Tata,600000,27000,Diesel,Individual,Manual,First Owner,22.95,1248,74.0,5,9
7927,Ford,690000,25000,Petrol,Individual,Manual,First Owner,19.0,1194,94.68,5,8
7928,Maruti,630000,30154,Diesel,Individual,Manual,First Owner,25.2,1248,74.0,5,10
7929,Hyundai,640000,20000,Petrol,Individual,Manual,First Owner,20.14,1197,81.86,5,8
7930,Others,1320000,17000,Diesel,Individual,Automatic,First Owner,18.0,1969,152.925,5,7
7931,Ford,1320000,85000,Diesel,Individual,Automatic,Second Owner,12.62,2159,152.925,7,10
7932,Maruti,500000,100000,Petrol,Individual,Manual,First Owner,20.4,1197,81.8,5,10
7933,Maruti,310000,54000,Petrol,Individual,Manual,First Owner,24.7,796,47.3,5,9
7934,Mahindra,600000,80000,Diesel,Individual,Manual,First Owner,18.49,1493,100.0,7,11
7935,Maruti,40000,100000,Petrol,Individual,Manual,Higher,16.1,796,37.0,4,27
7936,Hyundai,620000,70000,Diesel,Individual,Manual,First Owner,25.4,1186,73.97,5,8
7937,Maruti,760000,50000,Diesel,Individual,Manual,First Owner,27.39,1248,74.0,5,8
7938,Hyundai,1200000,40000,Diesel,Individual,Manual,First Owner,22.0,1582,126.2,5,8
7939,Maruti,760000,50000,Diesel,Individual,Manual,First Owner,27.39,1248,74.0,5,8
7940,Hyundai,300000,45000,Petrol,Individual,Manual,First Owner,20.36,1197,78.9,5,14
7941,Tata,500000,5000,Petrol,Individual,Manual,First Owner,23.84,1199,84.0,5,7
7942,Chevrolet,120000,70000,Petrol,Individual,Manual,Higher,18.6,1199,79.4,5,14
7943,Hyundai,350000,26263,Petrol,Individual,Manual,First Owner,21.1,814,55.2,5,9
7944,Mahindra,350000,100000,Petrol,Individual,Manual,Second Owner,18.15,1198,82.0,5,10
7945,Toyota,730000,186062,Diesel,Individual,Manual,First Owner,12.99,2159,100.0,7,14
7946,Renault,1050000,18000,Diesel,Dealer,Manual,First Owner,19.6,1461,108.45,5,8
7947,Hyundai,550000,80000,Diesel,Dealer,Manual,First Owner,25.0,1493,113.42,5,13
7948,Maruti,675000,108000,Diesel,Dealer,Manual,First Owner,23.65,1248,88.5,5,10
7949,Toyota,1320000,170000,Diesel,Individual,Manual,First Owner,12.99,2159,100.6,7,11
7950,Maruti,625000,25000,Petrol,Individual,Manual,First Owner,22.0,1197,81.8,5,9
7951,Hyundai,1220000,11000,Petrol,Individual,Manual,First Owner,15.8,1591,121.3,5,8
7952,Maruti,475000,5000,Petrol,Individual,Automatic,First Owner,21.7,998,67.0,5,7
7953,Ford,550000,105000,Diesel,Dealer,Manual,First Owner,21.7,1498,98.96,5,12
7954,Maruti,320000,40000,Petrol,Individual,Manual,First Owner,18.5,1197,85.8,5,14
7955,Maruti,530000,90000,Diesel,Individual,Manual,First Owner,22.9,1248,74.0,5,12
7956,Maruti,300000,30000,Petrol,Individual,Manual,First Owner,24.7,796,47.3,5,8
7957,Honda,1180000,5500,Petrol,Individual,Manual,First Owner,17.4,1497,117.6,5,8
7958,Maruti,45957,90000,Petrol,Individual,Manual,Second Owner,19.7,796,46.3,5,26
7959,Hyundai,190000,65000,Petrol,Individual,Manual,First Owner,21.1,814,55.2,5,14
7960,Hyundai,730000,60000,Diesel,Individual,Manual,First Owner,22.32,1582,126.32,5,12
7961,Maruti,530000,120000,Diesel,Individual,Manual,First Owner,25.2,1248,74.0,5,11
7962,Ford,530000,9500,Petrol,Individual,Manual,First Owner,18.16,1196,86.8,5,7
7963,Renault,1265000,12000,Diesel,Individual,Manual,First Owner,20.37,1461,108.45,5,8
7964,Maruti,1025000,32000,Diesel,Individual,Manual,First Owner,28.09,1248,88.5,5,7
7965,Maruti,130000,60000,Petrol,Individual,Manual,First Owner,19.7,796,46.3,5,17
7966,Mahindra,735000,70000,Diesel,Individual,Manual,First Owner,18.49,1493,100.0,7,9
7967,Others,1320000,84925,Diesel,Individual,Automatic,First Owner,16.07,1995,152.925,5,15
7968,Hyundai,120000,120000,Petrol,Individual,Manual,Second Owner,17.8,1086,63.0,5,19
7969,Toyota,730000,186062,Diesel,Individual,Manual,First Owner,12.99,2159,100.0,7,14
7970,Renault,1050000,18000,Diesel,Dealer,Manual,First Owner,19.6,1461,108.45,5,8
7971,Hyundai,550000,80000,Diesel,Dealer,Manual,First Owner,25.0,1493,113.42,5,13
7972,Maruti,675000,108000,Diesel,Dealer,Manual,First Owner,23.65,1248,88.5,5,10
7973,Toyota,1320000,170000,Diesel,Individual,Manual,First Owner,12.99,2159,100.6,7,11
7974,Maruti,625000,25000,Petrol,Individual,Manual,First Owner,22.0,1197,81.8,5,9
7975,Hyundai,1220000,11000,Petrol,Individual,Manual,First Owner,15.8,1591,121.3,5,8
7976,Maruti,475000,5000,Petrol,Individual,Automatic,First Owner,21.7,998,67.0,5,7
7977,Ford,550000,105000,Diesel,Dealer,Manual,First Owner,21.7,1498,98.96,5,12
7978,Maruti,320000,40000,Petrol,Individual,Manual,First Owner,18.5,1197,85.8,5,14
7979,Maruti,530000,90000,Diesel,Individual,Manual,First Owner,22.9,1248,74.0,5,12
7980,Maruti,300000,30000,Petrol,Individual,Manual,First Owner,24.7,796,47.3,5,8
7981,Honda,1180000,5500,Petrol,Individual,Manual,First Owner,17.4,1497,117.6,5,8
7982,Maruti,45957,90000,Petrol,Individual,Manual,Second Owner,19.7,796,46.3,5,26
7983,Hyundai,190000,65000,Petrol,Individual,Manual,First Owner,21.1,814,55.2,5,14
7984,Hyundai,730000,60000,Diesel,Individual,Manual,First Owner,22.32,1582,126.32,5,12
7985,Maruti,530000,120000,Diesel,Individual,Manual,First Owner,25.2,1248,74.0,5,11
7986,Ford,530000,9500,Petrol,Individual,Manual,First Owner,18.16,1196,86.8,5,7
7987,Renault,1265000,12000,Diesel,Individual,Manual,First Owner,20.37,1461,108.45,5,8
7988,Maruti,1025000,32000,Diesel,Individual,Manual,First Owner,28.09,1248,88.5,5,7
7989,Hyundai,470000,50000,Petrol,Individual,Manual,First Owner,18.9,1197,82.0,5,9
7990,Tata,250000,50000,Diesel,Individual,Manual,Second Owner,25.0,1396,69.01,5,12
7991,Maruti,430000,90000,Petrol,Individual,Manual,First Owner,16.02,1373,93.7,7,13
7992,Maruti,550000,93000,Diesel,Individual,Manual,First Owner,20.77,1248,88.76,7,14
7993,Maruti,500000,117000,Petrol,Individual,Manual,First Owner,20.85,1197,83.14,5,11
7994,Honda,240000,90000,Petrol,Individual,Manual,Second Owner,17.7,1497,78.0,5,18
7995,Maruti,170000,80000,Petrol,Individual,Manual,Higher,16.1,1298,88.2,5,18
7997,Maruti,252000,30000,Petrol,Individual,Manual,First Owner,22.74,796,47.3,5,10
7998,Maruti,270000,35000,Petrol,Individual,Manual,First Owner,24.7,796,47.3,5,9
7999,Maruti,100000,40000,Petrol,Individual,Manual,First Owner,19.7,796,46.3,5,22
8000,Maruti,350000,46357,Petrol,Individual,Manual,Second Owner,20.51,998,67.04,5,11
8001,Ford,240000,80000,Petrol,Individual,Manual,Second Owner,16.6,1388,68.0,5,15
8002,Renault,620000,7000,Diesel,Dealer,Manual,First Owner,21.04,1461,83.8,8,10
8003,Renault,600000,43000,Petrol,Dealer,Automatic,First Owner,13.4,1997,135.1,5,15
8004,Ford,650000,85000,Diesel,Dealer,Manual,First Owner,24.4,1499,98.96,5,10
8005,Hyundai,950000,70000,Diesel,Individual,Manual,First Owner,22.0,1582,126.2,5,8
8006,Maruti,660000,56000,Diesel,Individual,Manual,First Owner,25.2,1248,74.0,5,9
8007,Hyundai,360000,90000,Diesel,Individual,Manual,Second Owner,21.9,1396,88.76,5,14
8008,Maruti,382000,40000,Petrol,Individual,Manual,First Owner,23.95,998,67.1,5,9
8010,Hyundai,270000,60000,Petrol,Individual,Manual,Second Owner,19.81,1086,68.05,5,15
8011,Hyundai,650000,70000,Diesel,Individual,Manual,First Owner,22.54,1396,88.73,5,11
8012,Ford,200000,170000,Diesel,Individual,Manual,Second Owner,20.0,1399,68.0,5,15
8013,Maruti,400000,95000,Diesel,Individual,Manual,First Owner,27.62,793,47.0,5,11
8014,Maruti,416000,90000,Diesel,Individual,Manual,Second Owner,22.9,1248,74.0,5,14
8015,Maruti,750000,35000,Diesel,Individual,Manual,First Owner,27.39,1248,74.0,5,8
8016,Tata,190000,120000,Diesel,Individual,Manual,Second Owner,22.3,1248,74.0,5,13
8017,Tata,60000,120000,Diesel,Individual,Manual,Higher,17.88,1396,52.8,5,18
8018,Tata,300000,175000,Diesel,Individual,Manual,Second Owner,13.93,2159,138.1,7,20
8019,Maruti,300000,90000,Petrol,Individual,Manual,Second Owner,18.9,998,67.1,5,13
8020,Tata,65000,120000,Diesel,Individual,Manual,Higher,17.2,1396,53.5,5,19
8021,Ford,270000,108000,Diesel,Individual,Manual,Second Owner,17.8,1399,67.0,5,14
8022,Mahindra,600000,70000,Diesel,Individual,Manual,First Owner,15.96,2159,62.1,7,12
8023,Hyundai,1200000,62000,Diesel,Individual,Automatic,Second Owner,11.72,2159,152.925,7,15
8024,Hyundai,195000,35000,Petrol,Individual,Manual,Second Owner,21.1,814,55.2,5,14
8025,Maruti,35000,40000,Petrol,Individual,Manual,Second Owner,16.1,796,37.0,4,28
8026,Tata,100000,120000,Diesel,Individual,Manual,First Owner,19.09,1396,69.0,5,18
8027,Hyundai,220000,67000,Petrol,Individual,Manual,Second Owner,20.36,1197,78.9,5,14
8028,Maruti,320000,46737,Petrol,Individual,Manual,First Owner,22.74,796,47.3,5,10
8029,Chevrolet,240000,30000,Petrol,Individual,Manual,First Owner,18.6,1199,76.8,5,12
8030,Tata,275000,186062,Diesel,Individual,Manual,First Owner,15.3,2159,83.83,7,12
8031,Chevrolet,275000,186062,Diesel,Individual,Manual,First Owner,18.2,1248,73.8,7,12
8032,Tata,130000,70000,Petrol,Individual,Manual,Second Owner,16.5,1172,65.0,5,15
8033,Hyundai,450000,186062,Diesel,Individual,Manual,Second Owner,22.32,1582,126.32,5,14
8034,Renault,600000,160000,Diesel,Individual,Manual,First Owner,19.01,1461,108.45,5,11
8035,Maruti,310000,20000,Petrol,Individual,Manual,First Owner,24.7,796,47.3,5,8
8036,Maruti,432000,30000,Petrol,Individual,Manual,First Owner,20.51,998,67.04,5,8
8037,Tata,175000,90000,Diesel,Individual,Manual,Higher,19.4,1405,70.0,5,14
8038,Maruti,770000,100000,Diesel,Individual,Manual,Second Owner,24.52,1248,88.5,7,10
8039,Maruti,135000,110048,Petrol,Individual,Manual,Higher,20.92,998,67.1,5,15
8040,Hyundai,680000,26000,Diesel,Individual,Manual,First Owner,25.4,1186,73.97,5,8
8041,Maruti,90000,110000,Petrol,Individual,Manual,Higher,18.9,1061,67.0,5,19
8042,Maruti,300000,186062,Petrol,Individual,Manual,Second Owner,14.8,1298,80.0,8,29
8043,Chevrolet,100000,60000,Petrol,Individual,Manual,Higher,14.7,1150,76.0,5,19
8044,Maruti,120000,70000,Petrol,Individual,Manual,Higher,19.7,796,46.3,5,20
8045,Renault,750000,20171,Diesel,Dealer,Automatic,First Owner,19.87,1461,108.5,5,9
8046,Honda,525000,37151,Diesel,Dealer,Manual,First Owner,27.3,1498,98.6,5,9
8047,Honda,649000,39000,Petrol,Dealer,Manual,First Owner,17.4,1497,117.3,5,11
8048,Volkswagen,210000,44500,Petrol,Dealer,Manual,First Owner,16.47,1198,74.0,5,16
8049,Honda,526000,15000,Petrol,Dealer,Manual,First Owner,18.7,1199,88.7,5,10
8050,Ford,599000,39000,Petrol,Dealer,Manual,First Owner,15.9,1496,120.69,5,10
8051,Honda,500000,58161,Petrol,Dealer,Manual,First Owner,17.8,1497,117.3,5,11
8052,Honda,750000,50171,Petrol,Dealer,Automatic,First Owner,11.1,2159,152.925,5,14
8053,Honda,325000,40000,Petrol,Dealer,Manual,First Owner,17.4,1497,117.6,5,15
8054,Honda,575000,55161,Petrol,Dealer,Manual,First Owner,17.8,1497,117.3,5,10
8055,Honda,245000,30000,Petrol,Dealer,Manual,First Owner,18.5,1198,86.8,5,14
8056,Honda,625000,55000,Petrol,Dealer,Manual,First Owner,17.8,1497,117.3,5,10
8057,Honda,580000,50000,Petrol,Dealer,Automatic,First Owner,11.7,2159,152.925,5,13
8058,Others,1320000,8000,Petrol,Dealer,Automatic,First Owner,16.6,1798,152.925,5,9
8059,Hyundai,1175000,14000,Petrol,Dealer,Manual,First Owner,15.8,1591,121.3,5,8
8060,Honda,575000,9599,Petrol,Dealer,Manual,First Owner,17.8,1497,117.3,5,11
8061,Hyundai,600000,35000,Petrol,Dealer,Manual,First Owner,17.0,1197,80.0,5,9
8062,Honda,750000,16151,Petrol,Dealer,Manual,First Owner,17.8,1497,117.3,5,10
8063,Hyundai,890000,40000,Petrol,Dealer,Automatic,First Owner,14.8,1591,121.3,5,10
8064,Honda,600000,28161,Petrol,Dealer,Manual,First Owner,17.8,1497,117.3,5,11
8065,Chevrolet,114999,60000,Petrol,Individual,Manual,Second Owner,18.0,995,62.0,5,16
8066,Chevrolet,140000,60000,Petrol,Individual,Manual,Second Owner,18.0,995,62.0,5,16
8067,Mahindra,360000,100000,Diesel,Individual,Manual,Higher,13.5,2159,115.0,5,15
8069,Maruti,500000,130000,Petrol,Individual,Manual,Second Owner,19.0,1197,85.8,5,9
8070,Honda,409999,60000,Diesel,Individual,Manual,First Owner,25.8,1498,98.6,5,11
8071,Toyota,425000,186062,Diesel,Individual,Manual,Second Owner,12.8,2159,102.0,7,16
8072,Others,450000,82000,Diesel,Individual,Manual,Second Owner,20.45,1461,83.8,5,12
8073,Hyundai,400000,20000,Petrol,Individual,Manual,First Owner,18.9,1197,82.0,5,12
8074,Maruti,295000,60000,Petrol,Individual,Manual,Higher,16.51,1586,103.2,5,13
8075,Maruti,560000,90000,Diesel,Individual,Manual,Second Owner,26.21,1248,88.5,5,12
8076,Maruti,150000,50000,Petrol,Individual,Manual,Higher,14.0,1061,64.0,5,20
8077,Toyota,550000,186062,Diesel,Individual,Manual,First Owner,12.8,2159,102.0,7,17
8078,Chevrolet,114999,100000,Petrol,Individual,Manual,Second Owner,18.0,995,62.0,5,15
8079,Tata,90177,129000,Diesel,Individual,Manual,Higher,17.0,1405,70.0,5,19
8080,Tata,300000,100000,Diesel,Individual,Manual,First Owner,11.57,2159,138.1,7,16
8081,Honda,110000,100000,Petrol,Individual,Automatic,Second Owner,12.0,1493,100.0,5,21
8082,Ford,125000,110000,Diesel,Individual,Manual,Higher,17.8,1399,68.0,5,19
8083,Chevrolet,300000,100000,Diesel,Individual,Manual,Second Owner,11.5,1991,147.9,7,18
8084,Hyundai,450000,20000,Petrol,Individual,Manual,First Owner,18.9,1197,81.86,5,9
8085,Chevrolet,300000,40000,Diesel,Individual,Manual,First Owner,18.3,1991,147.9,5,15
8086,Maruti,470000,30000,Petrol,Individual,Automatic,First Owner,23.1,998,67.04,5,8
8087,Tata,330000,25000,Petrol,Individual,Manual,First Owner,17.57,1193,88.7,5,11
8088,Maruti,390000,25000,Petrol,Individual,Manual,Second Owner,20.51,998,67.04,5,8
8089,Tata,46000,25000,Petrol,Individual,Manual,Second Owner,26.0,624,35.0,4,15
8090,Others,509999,170000,Diesel,Individual,Manual,First Owner,20.45,1461,83.8,5,13
8091,Others,125000,40000,Petrol,Individual,Manual,Second Owner,16.0,1368,90.0,5,16
8092,Hyundai,780000,28000,Diesel,Individual,Manual,First Owner,22.54,1396,88.73,5,9
8093,Hyundai,450000,100000,Diesel,Individual,Manual,First Owner,22.32,1582,126.3,5,15
8094,Tata,200000,80868,Petrol,Individual,Manual,Higher,13.7,1368,88.8,5,14
8095,Ford,260000,186062,Diesel,Individual,Manual,First Owner,20.0,1399,68.0,5,14
8096,Maruti,250000,151000,Diesel,Individual,Manual,Second Owner,17.8,1248,75.0,5,17
8097,Ford,880000,65000,Diesel,Individual,Manual,First Owner,23.0,1498,98.96,5,8
8098,Maruti,307000,100000,Diesel,Individual,Manual,Second Owner,17.8,1248,75.0,5,17
8099,Mahindra,750000,120000,Diesel,Individual,Manual,First Owner,15.1,2159,140.0,7,13
8100,Tata,800000,85000,Diesel,Individual,Manual,Second Owner,21.5,1497,108.5,5,8
8101,Others,450000,70000,Diesel,Individual,Manual,First Owner,20.3,1248,75.0,5,14
8102,Hyundai,450000,128000,Diesel,Individual,Manual,Second Owner,22.32,1582,126.32,5,15
8104,Honda,160000,70000,Petrol,Individual,Manual,Second Owner,16.9,1497,100.0,5,20
8105,Honda,135000,120000,Petrol,Individual,Manual,Second Owner,13.0,1343,90.0,5,22
8106,Hyundai,450000,128000,Diesel,Individual,Manual,Second Owner,22.32,1582,126.32,5,14
8107,Renault,325000,100000,Diesel,Individual,Manual,Higher,20.45,1461,83.8,5,13
8108,Others,1320000,20000,Diesel,Individual,Automatic,First Owner,17.8,1493,113.4,5,7
8109,Ford,750000,24000,Diesel,Individual,Manual,First Owner,24.4,1498,98.63,5,8
8110,Maruti,425000,12000,Petrol,Individual,Manual,First Owner,23.1,998,67.04,5,9
8111,Toyota,425000,50000,Diesel,Individual,Manual,First Owner,23.59,1364,67.06,5,12
8112,Ford,746000,24000,Diesel,Individual,Manual,First Owner,24.4,1498,98.63,5,8
8113,Toyota,425000,129000,Diesel,Individual,Manual,First Owner,12.8,2159,102.0,8,16
8114,Maruti,200000,73000,Petrol,Individual,Manual,First Owner,19.7,796,46.3,5,15
8115,Maruti,40000,120000,Petrol,Individual,Manual,First Owner,16.1,796,37.0,4,29
8116,Maruti,340000,45000,Petrol,Individual,Manual,First Owner,23.95,998,67.1,5,9
8117,Maruti,625000,50000,Diesel,Individual,Manual,First Owner,26.59,1248,74.0,5,11
8118,Hyundai,380000,25000,Petrol,Individual,Manual,First Owner,18.5,1197,82.85,5,13
8119,Maruti,360000,80000,Petrol,Individual,Manual,First Owner,20.51,998,67.04,5,9
8120,Hyundai,120000,186062,Petrol,Individual,Manual,First Owner,17.92,1086,62.1,5,18
8121,Maruti,260000,50000,Petrol,Individual,Manual,Second Owner,18.9,998,67.1,5,13
8122,Hyundai,475000,80000,Diesel,Individual,Manual,Second Owner,22.54,1396,88.73,5,12
8123,Hyundai,320000,110000,Petrol,Individual,Manual,First Owner,18.5,1197,82.85,5,13
8124,Hyundai,135000,119000,Diesel,Individual,Manual,Higher,16.8,1493,110.0,5,19
8125,Maruti,382000,120000,Diesel,Individual,Manual,First Owner,19.3,1248,73.9,5,17
8126,Tata,290000,25000,Diesel,Individual,Manual,First Owner,23.57,1396,70.0,5,13
8127,Tata,290000,25000,Diesel,Individual,Manual,First Owner,23.57,1396,70.0,5,13
